frame,x,y,mass,signal
19,118.48520084566596,5.248263364542434,92.29366590531626,2.5644872435183017
19,158.619140625,5.317243303571429,49.9517515259217,2.5505498128470063
19,218.13383002207505,5.222406181015453,25.25462437638675,1.8397408486109554
19,312.7935245350661,5.130069460004481,62.20275308599011,2.717798980902548
19,336.6886030018143,4.263071086920666,42.25132108003115,2.4878313748261784
19,398.3605741898806,5.38914155770324,49.03188110161622,2.592362104860892
19,469.37085962145113,4.981072555205047,35.34532418240442,2.125458177372505
19,54.53621301775148,4.420710059171598,58.88564458622187,2.2996760607636944
19,93.58153477218225,6.370503597122302,17.435725769790192,1.7630849799188324
19,108.71478149100257,6.256683804627249,54.21660531133801,1.9651777246526114
19,165.02319674906875,6.20335252285811,41.15723277233448,2.0488023086803824
19,170.91401112797166,6.286460967796325,41.33145065572567,2.174239184722038
19,265.9207317073171,4.932600174216028,64.00068164258718,2.9756414483215075
19,271.6660191480505,5.694186207853476,50.22353142401195,2.355425783448875
19,388.52491767288694,6.394291986827662,31.74249835387463,1.9303341479743736
19,428.9583135954524,6.02668561503237,44.13287422065599,2.355425783448875
19,459.4247199544333,6.447693183975698,36.70422367285569,2.1463643233794483
19,476.3252688172043,6.077956989247312,23.331258943748026,1.9860838706595543
19,496.5316129032258,5.978351254480287,48.60678946614172,2.5366123821757114
19,33.05286415711947,5.199345335515548,42.57885070080658,2.167270469386391
19,47.58703125,5.81078125,44.599778148144374,2.3345196374419324
19,130.41088969969127,9.128262699971934,49.659065481824506,2.411175506134055
19,226.18453145057765,7.440468549422336,43.42903397175559,2.4251129368053506
19,232.59712430426717,5.524489795918368,75.12275131828068,2.4251129368053506
19,300.4567600487211,5.941805386385167,51.49183761509981,2.0975833160299153
19,351.5290885198901,7.026400668976227,58.33511607470572,2.306644776099342
19,355.2501767617252,7.035705868489276,59.13651833830518,2.306644776099342
19,486.31189857950204,5.01802352222392,45.62417930248456,2.174239184722038
19,500.8904670505438,6.772872680742163,54.46051034808567,2.4529877981479404
19,30.78193510669395,8.459222449576147,23.839975163250298,2.167270469386391
19,49.45708425370779,8.452193120858315,44.16771779733423,2.4390503674766455
19,71.09559992931614,8.190493019968192,39.43596008442953,2.3136134914349893
19,74.2916204217536,8.561182019977803,50.230500139347605,2.3136134914349893
19,177.8697961704756,10.047930821494749,56.411750642066984,2.8362671416085563
19,311.2036036036036,7.987725225225225,61.88219218055032,2.717798980902548
19,327.9030131826742,9.512476459510358,59.206205491661656,2.620236966203482
19,371.1357100059916,8.376872378669862,23.26157179039155,2.99654759432845
19,380.8773394031361,4.437910976226606,55.10860087430089,2.216051476735924
19,438.56217545777537,9.214812790379884,25.498529413134417,2.3763319294558176
19,63.50583760834955,8.834777993985494,78.7882955848313,2.2927073454280467
19,238.93522660960903,8.591908189068274,71.6523310811282,2.3484570681132273
19,320.48621174434953,9.098842867957174,64.43971070873297,2.6620492582173676
19,448.90463631315936,8.669489172681843,50.202625278005016,2.0557710240160296
19,13.817081486532562,11.01380838731674,40.87848415890858,2.181207900057686
19,107.52006615214995,10.098676957001103,63.20624809432336,1.9651777246526114
19,147.8669214732453,9.957435719249478,40.11192547198735,1.8885218559604884
19,173.71831940365936,9.965439349446577,61.70100558182349,2.8362671416085563
19,181.6593865424763,9.730849526256623,43.394190395077345,2.8362671416085563
19,188.58192906435565,10.445514363665543,43.42206525641994,2.6829554042243102
19,210.80266764114745,9.567604604421707,76.27955806399818,3.1010783243631637
19,347.05045731707315,8.404420731707317,45.71477260184798,2.0139587320021444
19,361.65360553177476,7.57054659203161,84.65595389744654,2.5366123821757114
19,19.71555944055944,11.341083916083917,39.86105171990403,2.271801199421104
19,157.94467148695378,10.71785602011946,44.33496696538977,1.9512402939813165
19,222.3910034602076,10.886245674740485,32.22333971203431,2.020927447337792
19,283.7782686732017,4.726218417782687,50.47440517609527,2.306644776099342
19,341.081822016027,11.422887670462533,49.568472182461086,1.9860838706595543
19,473.17392316647266,10.860535506402794,29.930632366606265,2.167270469386391
19,501.2326752351928,11.54909235457798,52.59289463813212,1.9024592866317835
19,10.283209509658246,10.884843982169391,46.89945420890807,2.383300644791465
19,88.8815592203898,10.671164417791104,27.88879877326153,1.7979285565970702
19,117.53443877551021,11.505739795918366,43.70778258518149,1.8467095639466031
19,138.1595498689687,11.646986280252813,45.206056382345714,2.216051476735924
19,251.1527522492019,15.343136306471898,72.03561042458881,2.522674951504416
19,259.8198142414861,8.851599587203303,33.76342580121242,1.6933978265623568
19,49.49528301886792,12.63061158100195,42.84366188356119,2.4390503674766455
19,59.06471183013144,12.804752275025278,68.92059466955436,2.6829554042243102
19,232.0575813036745,13.025622976207236,49.49878502910461,2.9198917256363273
19,332.79948013367994,12.419420720386187,37.53350079779775,2.7387051269094904
19,420.0614390676463,8.700278692677983,55.011038859601825,2.5993308201965393
19,483.0073295533121,13.493845941086986,50.39078059206749,3.0732034630205733
19,169.8799431377617,12.891832514861722,53.923919267240805,2.383300644791465
19,289.58394851410185,13.568994889267461,36.81572311822605,2.0069900166664967
19,303.9530721813482,14.022867369258302,35.04566942297157,2.4878313748261784
19,314.63863962670496,14.288765254845657,77.6593637004564,2.0766771700229723
19,390.38084057290445,13.509744071378258,29.679758614522953,2.6620492582173676
19,450.26165273909004,13.5058495821727,37.526532082462104,2.0557710240160296
19,492.9979035639413,17.579109631273894,56.509312656766056,2.2508950534141614
19,40.29159486884932,14.401876316293318,36.3976001980872,2.1045520313655626
19,164.72194092827004,13.654113924050634,66.06342138193885,2.383300644791465
19,245.73154362416108,16.472568445722807,65.41533085572364,2.2787699147567517
19,353.1740245466203,15.444953288148012,38.042217017300025,2.3414883527775796
19,402.72940242207665,15.2170935080405,70.20283829131351,2.6829554042243102
19,410.6908183146615,13.005114466634193,57.22709033633775,2.4808626594905308
19,444.1861689399378,14.163196937066285,29.12226138767115,2.167270469386391
19,461.9724761526232,15.28100158982512,70.13315113795703,2.6620492582173676
19,21.726650993802096,15.76127377644796,32.606619055494924,2.020927447337792
19,70.46956829440906,15.024946921443735,39.38717907708,2.229988907407219
19,199.15131499939955,12.681878227452863,58.02849259993722,2.257863768749809
19,207.27016645326503,15.608194622279129,38.0979667399852,1.7909598412614225
19,274.33873544852776,13.99509244464734,61.059883770943905,2.132426892708153
19,293.34723984771574,16.23508883248731,43.93078147592221,1.8885218559604884
19,318.61070853462155,15.881239935587761,69.24115557499414,1.9860838706595543
19,379.78579013418283,15.206100974997586,72.18892216197305,2.3902693601271126
19,437.41751464693186,16.333333333333332,45.19908766701006,2.1045520313655626
19,57.554107424960506,16.826092680358084,52.93436168957886,2.6829554042243102
19,187.48019186356368,16.730147450701722,39.22689862436011,2.2508950534141614
19,222.79500211774672,15.452986022871665,32.90627381492777,2.020927447337792
19,325.40814511826426,17.55575315667793,39.18508633234622,2.209082761400276
19,351.8375207395117,18.523583787627402,58.8020200021941,2.3414883527775796
19,82.5442536327609,17.930741649367803,36.927222563596416,1.7421788339118898
19,129.0659574468085,21.004091653027825,85.15770140161317,2.2369576227428665
19,184.50313828710264,17.80360396841466,34.418485042763294,2.2508950534141614
19,237.7859090909091,15.817840909090908,61.32469495369852,2.3484570681132273
19,396.6081496668375,17.414531009738596,54.38385447939355,2.5505498128470063
19,455.49886527749123,17.880132040437385,67.55472646376744,2.2927073454280467
19,52.10849056603774,18.979196903725207,57.61733839513401,2.216051476735924
19,94.24892606827945,19.1288718064662,30.82262792956915,1.9024592866317835
19,114.82862297053518,19.30667468430547,46.35589441272756,3.0244224556710404
19,172.92452352841963,21.576404115365154,82.63502645010875,2.5993308201965393
19,256.8028531337699,21.439546304957904,59.59645355045792,2.2021140460646285
19,261.0575959933222,19.058848080133558,33.394083888423104,2.571455958853949
19,296.5209648696778,18.90626517727052,43.04575462829497,1.7003665418980043
19,327.4494790805358,20.256490821895156,42.139821634660784,2.2021140460646285
19,360.43940286780594,18.37811824788843,35.47772977378172,2.9129230103006796
19,433.15816518360697,18.88143877678907,55.60337966313187,2.3763319294558176
19,473.50453451786046,19.54599296687026,37.65196895850376,2.0557710240160296
19,30.423923315782368,19.785203186175238,51.617274491141465,1.9303341479743736
19,63.51613431613431,20.15937755937756,42.54400712412834,2.257863768749809
19,87.90864332603938,21.01859956236324,25.477623267127473,1.8118659872683653
19,142.61251352326002,19.605120807789397,38.64849525150136,1.8397408486109554
19,321.93620870227556,20.472912501190137,73.19241717030631,2.2021140460646285
19,340.6935621100397,21.529211571185478,49.143380546986585,2.3972380754627602
19,369.2729309829698,19.796534209740067,46.64858045682476,2.466925228819236
19,376.10696119750037,19.562999564016856,47.951730224590854,2.0069900166664967
19,427.34665567916494,19.216179096277983,50.73921635884987,2.933829156307622
19,504.34005244182237,20.209603408718454,42.523100978121406,2.5505498128470063
19,152.17529547118502,20.53686852839661,66.6278873241263,2.5644872435183017
19,162.97135278514588,21.22320954907162,52.54411363078259,2.5993308201965393
19,213.7136752136752,20.9006919006919,34.2442671593721,1.7003665418980043
19,316.9596633480447,20.92538232577235,67.89619351521416,2.1393956080438006
19,410.9164878397711,21.40236051502146,38.96905615694115,2.8014235649303187
19,19.475940323597396,22.437276738810674,33.16411628234673,2.905954294965032
19,104.41839270919635,20.60221623860812,67.28991528101282,2.1115207467012103
19,273.5453773355982,24.410579956321282,57.43615179640718,2.2648324840854563
19,351.8123362705406,22.482972136222912,58.523271388768194,2.1951453307289808
19,490.9240942535159,22.00735773493527,74.82309655884784,2.494800090161826
19,228.28014053254438,25.588387573964496,37.686812535182,1.9442715786456688
19,247.18392408596148,23.264303656154063,49.9378140952504,2.446019082812293
19,307.9188498402556,22.540734824281152,43.62415800115372,2.1881766153933335
19,313.5051075268817,21.774731182795698,51.84724209721784,2.1393956080438006
19,480.28429027113236,22.50897129186603,34.95507612360815,2.947766586978917
19,10.76027397260274,25.662100456621005,27.470675853122675,1.7630849799188324
19,70.53574660633484,24.449411764705882,38.50215222945276,2.3345196374419324
19,198.40375136911283,25.362130339539977,50.89949681156977,2.209082761400276
19,392.40629135701926,22.444467067087448,68.45369074206597,3.2613587770830574
19,402.4384767556874,23.949455984174087,70.45371204339682,3.0174537403353927
19,434.6758715236976,23.65021543282413,35.582260503816435,2.3345196374419324
19,438.1243930635838,23.898959537572253,30.139693826675693,2.020927447337792
19,448.2207755844883,24.3232535349293,49.777533642530514,2.432081652140998
19,464.87572102779234,24.491347666491873,66.44670072539947,2.020927447337792
19,258.0147155928686,25.362795962645034,73.87535127319977,3.045328601677983
19,418.5233689583666,23.08422395916414,43.68687643917455,2.717798980902548
19,456.74896069538926,24.482709750566894,73.75688311249377,2.3345196374419324
19,84.65458768873403,25.718466898954702,30.00031951996274,2.0000213013308494
19,97.5362907319054,28.817581971373464,68.6488147714641,2.2648324840854563
19,202.43297908810422,25.655353673865843,60.983227902251784,2.209082761400276
19,261.6525991867238,26.107594241125398,63.40834083905714,3.045328601677983
19,347.4398816130226,25.82303613269207,56.509312656766056,2.383300644791465
19,354.06159356980606,29.000087366765683,79.76391573182195,2.4878313748261784
19,385.1110814775303,24.890652086944925,52.25839630202104,2.3623944987845222
19,496.9021762551174,25.498383968972206,32.34180787274032,2.1045520313655626
19,503.98059481122124,25.659143640582155,33.03867940630508,2.3763319294558176
19,33.128516271373414,27.064533921676777,50.5371236141161,2.3136134914349893
19,58.585420144685585,26.989705063995547,25.045562916317326,1.8258034179396603
19,156.45249876298863,27.28723404255319,28.16754738668743,1.7630849799188324
19,185.85983746363,27.333901876191433,69.45718575039922,2.5296436668400637
19,212.7311292571201,25.460466042620993,34.98991970028639,1.9373028633100213
19,239.2563459730492,27.43324976496396,44.47434127210272,1.8467095639466031
19,265.664334135141,26.81554778045047,63.73587045983257,3.045328601677983
19,285.59950946040647,26.015183368371876,59.6661407038144,2.2996760607636944
19,341.0915672913118,26.877484383872797,49.0876308243014,2.4878313748261784
19,363.22055427251735,27.123364126250962,36.20944488402471,3.4634515218168365
19,139.72784810126583,26.953219592735277,25.324311529743227,1.7491475492475372
19,330.6337899543379,28.165296803652968,15.261486585068154,2.2927073454280467
19,427.78058857639894,29.347999420121774,96.14039677059372,2.508737520833121
19,449.0020226991797,27.995842229463985,62.014597771927626,2.432081652140998
19,464.2875122910521,27.81612586037365,70.87183496353568,2.2021140460646285
19,42.52993817116824,27.751545720794013,42.8297244528899,2.216051476735924
19,48.119689355870264,31.209380234505865,45.763553609197515,2.209082761400276
19,157.23044077134986,30.529889807162533,50.592873336801276,2.383300644791465
19,167.0505896958411,29.302451893234014,44.90640162291287,2.0906146006942676
19,177.52008812856403,29.393856920684293,53.77060752985656,2.5993308201965393
19,212.49372122226873,28.55713687735454,33.29652187372403,1.9373028633100213
19,275.4344503233392,28.06114050558495,47.41513914374599,2.2648324840854563
19,310.3033419023136,30.034490145672663,32.5299631868028,3.0592660323492784
19,411.4603572024704,28.7185778668002,41.749573575864524,3.442545375809894
19,467.6439064954264,29.17472050263328,75.42240607771353,2.2439263380785137
19,132.4093200541006,29.45764170662732,56.6765618248216,1.860646994617898
19,373.0778748180495,29.590247452692868,47.875074355898725,1.9163967173030787
19,472.69457725947524,30.452244897959183,59.75673400317782,2.2439263380785137
19,146.99957130608746,31.108459559874248,48.767069918861615,2.418144221469703
19,225.23222375418555,31.56194603112074,35.38016775908265,2.0000213013308494
19,340.9067371560255,31.356242374949165,51.40821303107204,2.4878313748261784
19,384.28642691415314,31.446287703016242,60.07032619328196,2.118489462036858
19,481.0477480965286,32.57839721254356,54.000575135932934,2.3275509221062847
19,67.08795438346401,29.09408410548824,48.885538079567624,2.3345196374419324
19,75.65929203539822,32.46411012782694,42.523100978121406,2.2857386300923994
19,120.52864679180469,28.596491228070175,56.80199870086325,2.0766771700229723
19,129.27337477337477,31.788785288785288,53.81241982187045,2.2857386300923994
19,251.42333785617367,31.433879553282537,66.76726163083926,2.3414883527775796
19,297.41953859299343,32.334662489319285,24.46715954345858,1.7630849799188324
19,431.4025385312783,30.496423894429334,69.17843713697332,2.3972380754627602
19,454.6437072299911,32.173906575423985,46.84370448622289,1.9303341479743736
19,11.282232704402515,33.22641509433962,44.32102953471847,2.132426892708153
19,21.131635471003374,31.55333947018513,68.13312983662618,2.4529877981479404
19,29.962594848776316,33.28053863417762,65.2062693956542,2.459956513483588
19,101.78980948957584,29.62023723939612,77.54786425508603,2.2648324840854563
19,198.53038553692005,32.92006098889131,31.993372105957942,2.132426892708153
19,220.61368078175894,35.34084690553746,53.48489020109501,2.0000213013308494
19,242.4326404926867,32.46843725943033,36.20944488402471,1.7561162645831847
19,254.49604645416358,31.439831974301953,56.40478192673134,2.1463643233794483
19,362.10924496898167,33.18913602663035,46.05623965329472,2.2787699147567517
19,485.6821093400864,32.303887978549085,46.78098604820206,2.1881766153933335
19,77.56735532197656,35.40558173251178,57.68005683315484,2.3902693601271126
19,110.94224830142063,31.51590487955528,45.12940051365359,2.5366123821757114
19,151.70450281425892,33.89287054409006,37.14325273900149,2.4390503674766455
19,202.7384649026897,33.80056855455937,31.867935229916284,2.411175506134055
19,239.12122619600558,32.460907261185945,45.010932352947584,1.7561162645831847
19,265.4907840440165,34.1474552957359,50.66256049015775,2.0139587320021444
19,278.7118644067797,34.34322033898305,31.247719565043653,2.174239184722038
19,398.3377725742719,33.88511634713888,47.617231888479765,2.954735302314565
19,422.3486389615422,32.54218734863896,71.93804840988975,2.557518528182654
19,496.4444734098019,36.30982794577685,53.46398405508807,2.0488023086803824
19,4.9054505005561735,33.607563959955506,31.324375433735774,2.069708454687325
19,133.28267814974302,35.54063064314488,50.167781701326774,1.9791151553239066
19,217.5568783068783,35.13505291005291,52.68348793749554,2.1881766153933335
19,231.9938353148393,35.202113606340816,31.65190505451121,1.9721464399882591
19,275.4025054466231,34.84395424836601,25.589122712497836,2.174239184722038
19,320.8155492154066,30.742225392296717,48.85069450288939,2.8014235649303187
19,442.9772065341269,38.59060402684564,55.03194500560877,2.2439263380785137
19,25.726570497906003,36.030618892508144,74.87884628153301,2.459956513483588
19,49.71010004764173,35.99392567889471,58.5093339580969,2.209082761400276
19,127.45202882062951,34.44653014789534,36.75300468020522,2.2857386300923994
19,330.59867452135495,36.58640157093765,28.390546277428154,1.7421788339118898
19,405.4864165588616,36.09041253413828,48.481352590100066,2.522674951504416
19,412.4974358974359,36.463736263736266,19.024592866317835,2.5017688054974734
19,476.1643266758948,33.58592050622899,70.4815869047394,2.132426892708153
19,97.00104730319427,37.81026357130389,39.923770157924864,2.0975833160299153
19,439.3205272464234,39.570969297540586,43.352378103063465,2.2439263380785137
19,450.0044611411129,36.93050011739845,59.359517229045906,2.257863768749809
19,66.49594438006953,38.16205926171164,42.098009342646904,2.2508950534141614
19,135.90999270605397,38.27483588621444,47.770543625864015,1.9791151553239066
19,340.88755894087774,36.66630395357272,38.42549636076064,2.0975833160299153
19,351.8024459078081,37.73612417685795,44.44646641076013,1.8885218559604884
19,378.05656524402696,38.05411476414131,34.12579899866609,2.543581097511359
19,426.71171875,38.403125,44.599778148144374,1.9442715786456688
19,23.986213313033918,39.13888184048042,82.39112141336109,2.459956513483588
19,34.020792563600786,39.07497553816047,56.97621658425444,2.2021140460646285
19,40.468231082827884,37.597593715819826,70.0843701306075,2.8014235649303187
19,71.78339100346021,36.90813148788927,40.27917464004289,1.8258034179396603
19,170.38653084323713,39.28711563855876,36.94115999426771,2.160301754050743
19,208.18405284990013,40.33307727761561,45.35936811972996,2.3484570681132273
19,306.64410370220924,38.41450620397458,69.08087512227425,2.3972380754627602
19,311.70360824742266,37.486377025036816,37.85406170323754,2.174239184722038
19,333.77065943238733,39.273163606010016,33.394083888423104,1.7421788339118898
19,54.606672226855714,38.7976647206005,41.77744843720711,2.160301754050743
19,78.81210778885197,39.75292235757352,56.63474953280771,3.3031710690969427
19,102.98992336077207,36.65114958841896,49.1015682549727,2.1533330387150955
19,140.45001778726433,38.960156527926,39.17811761701058,2.1881766153933335
19,160.94980079681275,37.66788844621514,43.72868873118843,2.3414883527775796
19,191.48451501336268,38.498192108159095,44.32799825005412,1.909428001967431
19,256.79426948890034,41.234124935467214,26.99680321029864,1.8954905712961359
19,268.8838695460555,40.1253856324372,31.624030193168622,1.9791151553239066
19,293.00814759318223,39.681869263907096,74.41194235404463,2.7874861342590234
19,398.5857694429123,40.295091009376726,37.90284271058707,1.8397408486109554
19,435.9902448002945,39.56524940180379,37.861030418573186,2.2439263380785137
19,459.83330979949164,36.966958486303305,98.70488401411203,3.0522973170136307
19,227.4921589688507,37.97465091299678,64.87873977487877,2.3902693601271126
19,231.16532484553454,41.157086687886164,37.21990860769361,2.2787699147567517
19,300.4235403151066,41.514828544949026,60.153950777309724,2.257863768749809
19,363.74791179418645,43.1772469094554,41.71472999918629,2.3275509221062847
19,387.2190047190047,44.93307593307593,32.488150894788916,1.9791151553239066
19,464.0378228782288,34.67988929889299,90.64904908610345,2.6411431122104245
19,506.49981303751713,39.94665337155678,55.91000313790036,2.8502045722798517
19,15.182891408226364,44.15899934413942,74.3770987773664,2.731736411573843
19,19.168328800241767,41.91467714314496,69.17843713697332,1.832772133275308
19,33.1118234496363,42.354580199728765,56.52325008743735,2.2021140460646285
19,117.82520964360587,41.5767819706499,53.185235441662165,2.160301754050743
19,141.92576083615126,42.16461727636028,45.338461973723014,2.1881766153933335
19,218.41183127572017,44.056687242798354,67.73591306249428,2.271801199421104
19,223.2049495434887,42.01946179721288,58.00758645393028,2.3902693601271126
19,244.58534439416792,41.39265962795375,55.44309921041198,2.0906146006942676
19,304.0266310357538,41.91605234058238,75.62449882244731,2.3484570681132273
19,374.974434975917,44.5001852537977,37.617125381825524,2.1951453307289808
19,377.5875447672105,41.428969359331475,35.02476327696463,2.543581097511359
19,443.41862652869236,41.651458137347134,44.44646641076013,2.3902693601271126
19,470.4488120950324,41.86609071274298,48.39772800607229,2.5784246741895966
19,86.37131575236215,43.0025384289945,49.415160445076836,2.2927073454280467
19,178.98442547300417,45.17143516382095,60.40482452939304,2.7735487035877284
19,281.84830053667264,43.536314847942755,38.95511872626985,1.721272687904947
19,360.2373790022338,42.99538346984363,46.79492347887336,2.3275509221062847
19,394.32495026996304,43.25319693094629,49.04581853228752,1.735210118576242
19,421.5743842364532,43.1503166783955,49.5127224597759,2.0488023086803824
19,447.6879249388088,40.65855316834376,51.24793257835215,2.4878313748261784
19,474.8669040352662,42.98694472702611,41.1014830496493,2.418144221469703
19,488.81643711898846,42.4228945585911,30.86444022158304,1.9651777246526114
19,107.49107142857143,44.21577380952381,18.731906822220637,2.0627397393516773
19,145.0418571084917,45.364926629781095,57.937899300573804,2.2508950534141614
19,156.00653461302838,44.011843986113945,34.12579899866609,2.8014235649303187
19,333.3534226190476,44.45431547619047,46.82976705555159,2.2508950534141614
19,481.82794307891334,44.29128934885726,32.320901726733375,1.8397408486109554
19,111.18722749422929,43.57578866375994,27.17102109368983,2.0766771700229723
19,238.74536336109009,44.74309235427706,73.6453836671234,2.383300644791465
19,270.98225588876204,50.20141122756044,67.15750968963552,2.2857386300923994
19,306.5430217669654,43.803969270166455,54.425666771407435,2.3484570681132273
19,344.0128316659417,46.96128751631144,64.08430622661496,2.411175506134055
19,412.8354280294048,44.77638131373014,29.387072570425754,2.2508950534141614
19,457.5954842793838,45.61996201730323,33.02474197563378,2.1463643233794483
19,93.71288457567623,46.42277513937642,67.49897674108226,2.2996760607636944
19,134.52496419071005,45.81399631675875,68.11222369061923,2.459956513483588
19,167.82243939586243,47.38063205990608,54.906508129567115,2.1115207467012103
19,6.424432641236118,46.43457267020763,43.29662838037828,2.1045520313655626
19,47.08111873124732,46.578011144449206,65.03205151226302,2.3623944987845222
19,141.1415507954403,46.84968057121383,55.631254524474464,2.0139587320021444
19,299.88918037999844,49.58820255982192,87.65947020711064,2.522674951504416
19,324.14375471223923,47.50892183965821,27.728518320541635,2.7387051269094904
19,391.5759629690858,44.53380724086626,42.15375906533208,1.8397408486109554
19,443.4211085532141,47.248450504692755,39.352335500401765,2.411175506134055
19,39.57510384563848,47.23891196569744,52.00752254993773,2.5017688054974734
19,161.39552845528456,48.018157181571816,51.42911917707898,1.9233654326387262
19,227.9507855822551,48.05730129390018,30.160599972682633,1.9024592866317835
19,347.62180164939736,45.92302812433918,65.91010964455461,2.411175506134055
19,400.414829106946,46.5,25.282499237729343,1.9930525859952017
19,467.023531591625,48.05188067444877,37.61015666648987,2.0278961626734398
19,42.75311630158538,47.58429141958126,57.58249481845578,2.5017688054974734
19,85.85897743638982,49.13502160345655,58.06333617661546,2.5366123821757114
19,122.4917332598512,50.54092036373657,50.57893590612998,2.522674951504416
19,188.28288332920485,50.55139955412435,28.132703810009193,1.8258034179396603
19,218.5497535633409,47.50432929266018,52.314146024706226,2.2927073454280467
19,289.1522810218978,49.46733576642336,76.37712007869725,2.857173287615499
19,313.40424822064057,46.766236654804274,62.66268829814285,2.3902693601271126
19,437.0003621876132,47.78123868163709,38.48124608344582,1.958209009316964
19,201.78730079056342,46.43995482494667,55.53369250977539,2.181207900057686
19,267.18437263590187,49.724089484491515,64.48152300074686,2.3136134914349893
19,365.440587138863,50.183131407269336,29.90972622059932,2.1115207467012103
19,419.4115032327586,50.19234913793103,51.735742651847474,2.2648324840854563
19,478.481571910243,50.3010115102895,59.93792060190465,2.1393956080438006
19,103.50729613733905,51.293905579399144,40.59276683014703,1.783991125925775
19,156.15677791512155,53.228986402966626,67.6522884784665,2.620236966203482
19,174.73175217812198,51.23959341723136,71.98682941723928,2.7735487035877284
19,295.99674674674674,49.94544544544544,83.54095944374293,2.522674951504416
19,432.3937823834197,48.67232445953189,39.003899733619384,1.958209009316964
19,61.81594694192599,51.9889518804306,2880.05158006243,176.32940413789018
19,70.12047155215195,51.99549141910016,4296.923813390956,254.01664269968916
19,115.32708333333333,52.38597222222222,50.17475041666242,3.0174537403353927
19,171.10289798316037,52.17573918151557,71.17845843830416,2.306644776099342
19,195.60753138075313,52.21443514644351,33.31045930439533,2.0000213013308494
19,235.33661670235546,51.81341898643826,48.81585092621115,2.08364588535862
19,273.80990795325266,51.814251732340466,67.38050858037624,2.355425783448875
19,326.4347905282332,52.235883424408016,38.2582471927051,2.0557710240160296
19,475.58792690233673,51.46479928100659,46.5231435807831,2.1393956080438006
19,488.1851001669449,50.40943238731219,33.394083888423104,2.8780794336224416
19,47.41101301115242,52.58666356877323,29.99335080462709,1.9233654326387262
19,97.58041764624534,53.54653574885908,50.39078059206749,2.843235856944204
19,124.31369810841692,53.48013202996064,54.89257069889582,2.522674951504416
19,12.013373940677965,55.427436440677965,52.627738214810364,2.132426892708153
19,34.322203389830506,55.48084745762712,41.115420480320594,2.432081652140998
19,159.71511751005715,53.90673300868092,65.82648506052684,2.3623944987845222
19,166.27503168567807,53.665629680838805,60.48148039808516,2.181207900057686
19,280.51589669719107,52.63298693281202,67.72894434715862,2.6899241195599575
19,288.0350154479918,52.51647785787848,67.6662259091378,2.857173287615499
19,354.8330838323353,52.73942739520958,74.48162950740111,1.958209009316964
19,418.38048090523336,54.06883545497407,59.12258090763389,2.3972380754627602
19,7.90762862211709,54.90549970431697,58.92048816290011,2.229988907407219
19,85.82136227331144,54.503784092531774,48.80191349553985,2.125458177372505
19,251.99532007527225,54.99924158299489,2692.230764336057,149.2977573509133
19,340.5855565777369,55.036108555657776,30.299974279395585,2.118489462036858
19,48.00443090556632,55.74439213514262,25.164031077023335,1.9233654326387262
19,187.48040033361133,55.98311092577148,33.42195874976569,2.209082761400276
19,331.6915260075784,55.72528418877024,40.46036123876973,1.8676157099535458
19,429.3950099800399,56.44111776447106,34.91326383159427,2.522674951504416
19,440.2567370721049,58.17055110463705,57.408276935064585,2.306644776099342
19,39.676930907240106,56.80557322814607,54.76713382285416,2.3345196374419324
19,109.25126262626263,56.959280303030305,44.15378036666293,3.045328601677983
19,127.44296599567838,56.69293756397134,61.275913946348986,2.557518528182654
19,137.95930824008138,56.73916581892167,34.25123587470775,1.8885218559604884
19,147.70142036869146,57.32653369598066,46.11895809131554,2.271801199421104
19,228.15344712182062,55.05304551539491,41.64504284582981,2.08364588535862
19,267.05123131046616,56.45404573438874,31.693717346525098,2.1463643233794483
19,313.9836376571022,57.089044344320605,58.77414514085151,2.160301754050743
19,447.56421356421356,56.93217893217893,43.46387754843382,2.0557710240160296
19,4.837690631808279,54.921023965141615,51.17824542499567,2.229988907407219
19,23.908563782337197,57.823818019625335,15.623859782521826,2.571455958853949
19,154.58614255504415,57.73305137454907,56.021502583270724,2.1115207467012103
19,212.47450479233225,55.134313099041535,54.530197501442146,2.494800090161826
19,285.05234629084714,57.60957100820815,44.996994922276286,2.432081652140998
19,303.84895585010014,58.03051396967674,73.08091772493594,2.1393956080438006
19,354.3934684958116,57.705232487556145,57.40130821972894,2.1951453307289808
19,378.88997323380187,57.99619147628804,3663.1958094825027,216.4831419018914
19,386.91604107648726,58.00212110481586,1967.9652107868706,137.15825523621524
19,395.9815331826931,57.94056071637794,4163.458977282634,258.4208707918184
19,404.24387439755714,57.828524520804976,1515.3332123058904,103.40876686567412
19,419.06786602310956,57.42577153722393,47.64510674982236,2.3972380754627602
19,459.9189478543576,57.577845223011266,1418.9837540752271,92.08460444524684
19,159.5588285229202,59.50899830220713,82.09146665392824,2.857173287615499
19,501.45577424709506,56.70891629120228,58.77414514085151,2.5157062361687688
19,234.53056973231955,60.26893031975836,66.90663593755221,2.08364588535862
19,272.7312252964427,57.698526769673016,38.78786955821431,2.4251129368053506
19,346.0224424366074,58.00451763334305,47.81932463321355,2.4878313748261784
19,364.25090353072005,60.16736169029747,50.13293812464854,1.9860838706595543
19,484.00362569060775,57.66160220994475,40.362799224070656,2.1533330387150955
19,488.3788134493055,59.53654420355706,53.68001423049314,2.069708454687325
19,11.69515290704702,58.73540432732987,57.652181971812254,2.3972380754627602
19,167.69452596656885,59.967589638892434,54.61382208546992,2.7665799882520807
19,284.7394581861013,61.92014134275618,29.582196599823888,2.118489462036858
19,294.1109620287133,59.85643365087884,51.93783539658126,2.229988907407219
19,299.35569873361476,59.42746056431904,62.73237545149932,2.0139587320021444
19,118.68068115091016,60.86283029947152,59.33861108303896,2.459956513483588
19,178.0,61.13809300140911,44.509184848780954,1.860646994617898
19,200.49411649343008,62.41253186899392,71.0669589929338,2.36936321412017
19,356.59071274298054,61.876118481950016,45.17121280566747,2.020927447337792
19,33.32058492688414,62.9002624671916,37.17112760034408,1.658554249884119
19,78.88078291814946,63.14107778342654,27.414926130437497,2.432081652140998
19,94.52692013268691,62.89691247767288,27.310395400402783,2.118489462036858
19,213.96905468418822,61.69902501059771,32.87839895358518,2.2648324840854563
19,48.80098726942063,64.17718888022863,26.822585326907454,1.8885218559604884
19,110.93952120957582,64.3332633347333,33.185022428353676,1.9721464399882591
19,195.6310953325676,63.630051164247675,66.73938676949668,2.167270469386391
19,234.420548593048,63.87668479545992,58.94139430890705,2.3484570681132273
19,300.9204100090443,63.870063310220075,46.230457536685904,2.2369576227428665
19,327.7749441548771,63.762472077438574,37.435938783098685,2.494800090161826
19,339.2351147776184,62.28479196556671,38.85755671157079,1.909428001967431
19,417.9184514946742,64.34314511510709,60.84385359553883,2.1045520313655626
19,488.3116295679086,66.24770860611832,58.54417753477514,2.669017973553015
19,9.239544274588983,63.83761176809922,48.32107213738017,2.3972380754627602
19,42.97531312397894,63.715737883463426,38.3906527840824,2.2927073454280467
19,209.40116154011616,64.6280920628092,32.3975575954255,2.2648324840854563
19,227.81681971967134,64.44357177380377,57.6730881178192,2.1533330387150955
19,350.8288628636192,65.05704571212694,18.446189493459087,2.0000213013308494
19,359.4451082897685,64.98491411501121,46.655549172160406,2.320582206770637
19,365.5084645959075,64.79051965258354,47.33848327505387,2.9686727329858598
19,423.33534540576795,65.55220210149787,62.34212739270306,2.6411431122104245
19,87.92327834511653,63.690625818277034,53.22704773367605,1.9303341479743736
19,115.8203237410072,65.9136690647482,38.746057266200424,2.160301754050743
19,242.97136345620294,66.110978993262,70.32827516735516,2.5644872435183017
19,462.8510088415325,66.0830966063103,3534.9853847372588,223.43095109153202
19,471.13063258543536,66.00242561495375,4849.57081436915,289.15290542202416
19,291.3090044742729,70.834451901566,24.92012604027567,2.522674951504416
19,341.7570512820513,66.55961538461538,32.61358777083058,2.0418335933447347
19,401.0370941697788,67.22061439628983,2800.8869738494736,171.6882397243489
19,8.174676387442345,68.5273024847493,46.836735770887245,2.0906146006942676
19,23.273975541729243,66.07723664449689,32.48118217945327,1.658554249884119
19,73.18663594470046,68.4871831797235,48.390759290736646,2.3414883527775796
19,99.67297728178558,68.95755280988442,34.96901355427945,1.7003665418980043
19,303.9807190198835,69.89676641895963,69.3944673123784,2.5366123821757114
19,425.53375928164394,68.48765325505094,80.71166101747002,2.6411431122104245
19,445.3772016344935,67.13540932788501,49.45697273709072,2.9686727329858598
19,499.80968243393295,67.43137908061293,62.76025031284191,2.0418335933447347
19,96.30956887486856,69.54258675078864,33.136241421004144,1.7003665418980043
19,325.3166690678577,68.98631321135284,48.3698531447297,2.0766771700229723
19,428.47341249354673,69.18654276372398,80.99040963089593,2.6411431122104245
19,59.281923714759536,70.12732633130643,37.8192181265593,2.5993308201965393
19,219.51543431442929,69.58052165589854,29.12226138767115,2.892016864293737
19,307.10843964671244,69.8972522080471,71.01120927024863,2.2369576227428665
19,357.39670394349616,70.79988228369629,47.35938942106081,3.0871408936918683
19,368.36228783340465,70.03908144344601,48.857663218225035,2.954735302314565
19,64.96138085185645,72.59344343722836,56.11906459796979,2.0278961626734398
19,81.2438572090867,72.21047751506723,60.126075915967135,2.3972380754627602
19,185.20905823148814,68.04299065420561,48.46741515942877,2.557518528182654
19,224.66031430635837,64.4847362716763,77.15761619628977,2.892016864293737
19,234.69241337200427,69.61593649824454,45.65205416382716,2.543581097511359
19,243.39385924563018,70.73689052437902,60.59994855879117,2.36936321412017
19,310.55490271623967,70.98227701791562,72.34920261469296,2.0906146006942676
19,7.041592182099869,72.23978071743535,58.47449038141866,2.0906146006942676
19,107.32164242942686,72.91091286814127,57.02499759160397,2.703861550231253
19,132.56742272093942,72.0067051007905,4396.304662792626,174.36422641323756
19,143.68233779399625,71.99814315407762,6695.32566431477,316.84658016588753
19,265.8213624813742,71.9992410069477,2745.2766254710064,168.9355971667681
19,274.121484294806,72.0033327593857,4209.131937592468,248.37895199315028
19,317.65386987357385,72.30203515263645,45.19908766701006,1.8954905712961359
19,350.6271186440678,71.48093220338983,32.892336384256474,2.6899241195599575
19,416.7757545522574,72.11524070840609,83.8127393418332,2.2021140460646285
19,492.4164081885856,72.4410669975186,44.934276484255456,2.257863768749809
19,42.78539733763614,73.3372327551432,34.55089063414059,1.832772133275308
19,68.17006876978496,72.88985918567842,63.840401189867286,2.5157062361687688
19,114.44371571667064,73.3405676126878,58.43964680474043,2.0975833160299153
19,163.00479262672812,72.75152073732718,37.80528069588801,2.759611272916433
19,169.20719269994632,73.19967793880838,25.965433340622802,2.759611272916433
19,209.51033170201197,72.5753126699293,25.63093500451172,1.9442715786456688
19,378.7406625870437,73.18421607934164,33.02474197563378,1.6933978265623568
19,17.681564245810055,73.65832402234636,31.185001127022826,1.9233654326387262
19,252.13192063986705,70.6231432429625,67.08782253627905,3.5470761058446074
19,327.7067881153763,74.1594014313598,64.26549282534178,2.1951453307289808
19,111.21376597836775,73.49223205506391,70.87183496353568,2.703861550231253
19,310.2546855675007,75.2052135857673,73.24816689299149,2.08364588535862
19,25.487852494577005,75.87266811279827,32.125777697335245,2.5784246741895966
19,40.21551421551422,75.99052299052299,39.70773998251979,2.65508054288172
19,93.16200689391037,75.73764841057066,54.585947224127324,2.306644776099342
19,338.64807727355566,73.95516675779115,38.237341046698155,2.4878313748261784
19,426.14777114777115,75.8018603018603,39.70773998251979,2.181207900057686
19,494.4844819503047,76.05916549460854,74.3213490546812,2.257863768749809
19,435.18108430419227,71.01320979726631,75.96596587389404,2.1393956080438006
19,100.71428571428571,78.30133607399794,67.80560021585075,2.2369576227428665
19,225.66181876298546,78.56113153268339,43.60325185514677,2.0488023086803824
19,235.2915497349548,77.85063922669161,22.34867008142172,2.257863768749809
19,314.13720402205644,77.96626662341875,64.45364813940427,2.94079787164327
19,389.3665815297755,78.32974862212663,51.84027338188219,2.508737520833121
19,178.68945002644102,76.69420941300899,52.71136279883813,2.0139587320021444
19,199.00589423686557,78.99608304587511,3890.9264579361293,217.91172854569916
19,303.0814119891875,80.3673079980919,43.8262507458875,2.383300644791465
19,310.25900335008373,78.41310720268007,66.56516888610548,1.9930525859952017
19,317.63040581465776,77.70793458509993,57.52674509577059,2.94079787164327
19,375.5391419725785,80.32087571870854,31.51253074779826,2.069708454687325
19,403.9147014550928,80.47165077772203,41.66594899183675,1.9373028633100213
19,42.453863810252486,80.38439173680183,45.5405547184568,2.65508054288172
19,52.19056429232192,80.48122109158187,37.665906389175056,2.5157062361687688
19,57.92519373715009,79.99699509726396,44.063187067299516,2.5157062361687688
19,357.4894219308701,80.0908820023838,46.774017332866414,2.5017688054974734
19,392.57043073341094,79.98172293364377,59.86126473321253,2.7805174189233757
19,484.4045207691179,80.0769117862909,47.47785758176682,2.466925228819236
19,503.40052381414296,77.65680473372781,71.84048639519068,2.2508950534141614
19,213.237071977638,83.44339622641509,39.88892658124662,1.7700536952544799
19,307.4260324766654,79.51476793248945,54.50232264009956,2.383300644791465
19,370.0861167916383,79.54737559645535,30.669316192184905,2.1393956080438006
19,449.865344081065,80.99764203907478,3537.612590418798,211.40991713754
19,458.4328314199396,80.99273232628398,2883.3059701241773,175.84159406439485
19,464.9110218621113,80.99825395640376,4573.853592114254,258.5741825292027
19,39.49557086614173,81.42224409448819,42.48128868610752,2.65508054288172
19,68.82109942534967,82.13108533015289,64.27246154067743,1.9163967173030787
19,171.9955467590302,80.93913904007917,14.083773693343716,2.3902693601271126
19,252.57872257814017,83.03863327509221,35.895852693920574,2.592362104860892
19,316.8135185387728,82.08749863283386,63.714964313825625,2.94079787164327
19,345.0091299677766,83.06954887218045,51.902991819903015,2.257863768749809
19,80.92105815662397,79.49695570018896,66.38398228737864,2.1115207467012103
19,99.83879724368344,82.82397160158698,66.74635548483232,2.306644776099342
19,240.65524073707152,83.41767386566276,35.17110629901323,2.7387051269094904
19,289.00080913577415,82.99474061746815,2428.736668779887,135.13732778887746
19,433.4428495481127,84.08063087010456,39.324460639059176,2.2996760607636944
19,479.97811474128497,83.10645615132093,44.57887200213743,2.466925228819236
19,495.5714712471994,82.72218073188947,46.655549172160406,2.2439263380785137
19,5.428060671722643,81.81560130010834,64.32124254802697,1.881553140624841
19,80.07456194855226,83.85485274015161,56.0772523059559,1.8467095639466031
19,336.27935501653803,84.3178059536935,50.56499847545869,2.3414883527775796
19,351.50259291270527,84.07649092480553,48.376821860065355,1.958209009316964
19,53.90607558603094,85.3382235688088,43.70081386984584,2.355425783448875
19,227.51689993335236,85.06445777396934,73.19241717030631,2.9617040176502125
19,405.56353591160223,85.19655758606035,32.79477436955741,1.9163967173030787
19,485.6941152431549,83.5006129955047,34.104892852659155,2.1463643233794483
19,27.81197313901986,86.07543934847835,48.77403863419726,2.3484570681132273
19,91.76133241758242,85.41826923076923,60.87869717221707,2.404206790798408
19,98.31452348381212,85.47298221614227,61.12957092430038,2.306644776099342
19,110.4667293429437,81.91392457954665,66.71151190815408,2.223020192071571
19,121.10212765957446,83.80536540240519,37.665906389175056,1.9721464399882591
19,383.57984929508996,84.50194457948469,57.338589781708116,2.7874861342590234
19,401.3480696442089,83.84602573807722,46.02836479195212,2.1393956080438006
19,416.25489923558024,83.93773453787352,50.139906839984185,2.1463643233794483
19,218.07618025751074,86.5681330472103,51.9587415425882,2.3345196374419324
19,266.60655737704917,88.18310889929742,47.61026317314412,2.118489462036858
19,311.7556904400607,86.54312089023773,55.10860087430089,2.5366123821757114
19,317.6708971009083,85.846211272863,56.007565152599426,2.3345196374419324
19,325.3712411830219,87.58148743967331,56.31418862736792,1.7421788339118898
19,352.65145807171757,87.00655783451933,49.944782810586055,1.9373028633100213
19,380.48567254747724,85.54792673334083,62.014597771927626,2.7108302655669
19,426.9705652804103,87.26223659270822,62.50240784542295,2.2369576227428665
19,478.5048315487072,86.77579002350483,53.366422040389004,2.466925228819236
19,496.0083291267037,87.0803886925795,55.22010031967125,2.2439263380785137
19,49.841430859583554,87.55739455419113,39.157211471003635,2.0000213013308494
19,234.85443037974684,85.56439185470556,50.648623059486454,2.7387051269094904
19,344.5171385991058,87.47503725782414,37.408063921756096,1.9373028633100213
19,359.6309714082756,87.71781211152549,39.2408360550314,2.4808626594905308
19,14.424919268030141,85.43864370290635,51.79149237453266,2.36936321412017
19,69.63746185147508,89.22494913530011,54.801977399532404,2.5157062361687688
19,486.6022119815668,89.06857142857143,37.80528069588801,2.1463643233794483
19,28.876835352815394,89.79800427655024,48.885538079567624,2.034864878009087
19,58.10262008733625,89.58475585549822,35.1083878609924,2.404206790798408
19,90.22163766356401,88.71118305679212,51.65908678315535,2.3136134914349893
19,150.64700544464608,87.77374470659407,23.03857289965083,1.9930525859952017
19,214.30377876293014,89.66286679332912,33.01080454496248,2.3345196374419324
19,241.92265193370164,90.30031570639305,17.658724660530915,2.8014235649303187
19,417.94353158990975,89.82457764406388,30.1118189653331,1.783991125925775
19,41.15034965034965,91.31136363636364,39.86105171990403,2.3763319294558176
19,98.02203098106713,89.42289156626506,40.48823610011232,2.132426892708153
19,250.32116788321167,91.32963503649636,47.73570004918577,2.2787699147567517
19,360.3346053205408,94.2951373746184,63.91705705855941,2.8641420029511466
19,409.85876091703057,91.35889737991266,51.06674597962531,1.8188347026040128
19,425.4354921613981,90.50565407350295,54.2305427420093,2.2369576227428665
19,481.5658497172098,93.98437920818745,77.62452012377815,2.4251129368053506
19,501.9494518879415,88.85403978887535,34.327891743399874,1.7979285565970702
19,4.499194847020934,92.24347826086957,43.27572223437134,2.7874861342590234
19,184.56717637199296,92.3652377374283,6594.028418195796,229.24982839679774
19,201.09426249929928,91.99580190471445,4475.28111369152,259.25014791676045
19,369.9495145631068,89.70873786407768,35.88888397858493,3.045328601677983
19,388.2479612992398,95.01465100207325,50.41865545341009,2.717798980902548
19,475.4715349507567,91.97717991832813,58.02152388460157,2.160301754050743
19,484.6610576923077,94.47185496794872,69.57565391110522,2.4251129368053506
19,30.96470955652717,92.88835103060588,44.62765300948696,2.4878313748261784
19,163.76890932634123,93.00827501605146,1942.8151171405186,122.49607817001278
19,172.3686016328968,92.92812249840172,3804.2286704453377,219.04066043007407
19,181.46326994877856,92.43458263512522,6745.395884001397,229.24982839679774
19,269.8551305068361,92.96257423007872,50.46046774542397,1.9512402939813165
19,353.03231365790606,92.58595433003016,64.69755317615193,2.1393956080438006
19,405.52993574766356,91.5268691588785,47.72176261851448,2.2369576227428665
19,21.91314499182816,94.31426570161102,59.69401556515699,2.7735487035877284
19,255.59256603322578,95.07768614796223,58.30724121336312,2.2787699147567517
19,300.40120257101387,91.69977192618703,33.61011406382818,2.4738939441548835
19,391.44788321167886,93.7934306569343,47.73570004918577,2.3414883527775796
19,444.6374948154293,92.95230194939859,16.801572674246263,2.36936321412017
19,39.04804625199362,94.48803827751196,34.95507612360815,2.3763319294558176
19,75.407392140698,95.82618851332784,50.71831021284293,2.0766771700229723
19,219.06476019492177,95.65478327776353,54.34204218737966,2.3345196374419324
19,252.5405803505671,94.66946531153336,47.31060841371128,2.2787699147567517
19,8.86073018699911,96.10276046304541,39.12933660966104,2.36936321412017
19,53.14397394136808,96.5885993485342,21.393956080438006,1.9930525859952017
19,145.33415564027808,93.78582641847947,31.073501681652463,2.181207900057686
19,434.8260547742413,94.56941947763562,65.90314092921896,2.6899241195599575
19,456.79196326062,97.63030998851895,30.348755286745117,1.8118659872683653
19,13.764063192086224,97.02170382400709,47.199108968340916,2.6272056815391296
19,83.21828264157284,97.19895815829273,41.47082496243862,2.229988907407219
19,109.87275047350005,96.99807068793939,4341.649028415142,258.5741825292027
19,118.2445602174225,96.992059774306,3302.5856970087484,204.44817051722808
19,124.46728464313102,96.99111022749865,1962.8919860225192,122.22429827192254
19,133.11816516562357,96.99028283577208,3195.643791467901,189.90446161173162
19,298.61206272617613,96.64656212303981,28.88532506625913,2.0278961626734398
19,416.0295977738426,97.2183152036428,27.5473317218148,1.7491475492475372
19,500.80124575311436,99.92030011325028,49.22700513101435,2.3275509221062847
19,78.92790841584159,96.49876237623762,45.04577592962582,2.229988907407219
19,97.16111229038421,98.0176183400552,32.82961794623565,2.4390503674766455
19,223.51600777705767,95.94880103694102,53.76363881452092,2.034864878009087
19,315.43645236579675,98.47093146615744,65.68711075381388,2.2021140460646285
19,329.0697969543147,98.47831102907244,60.40482452939304,2.355425783448875
19,376.2118604102806,98.04315020042444,59.10864347696259,2.0627397393516773
19,386.415979935507,98.02113937656753,38.899369003584674,2.717798980902548
19,471.6712403951701,97.60812294182217,25.393998683099703,2.411175506134055
19,489.07478112840465,95.96181906614785,57.31071492036552,2.5505498128470063
19,31.113002742230346,100.26851005484461,60.990196617587436,2.8362671416085563
19,64.59613341831314,99.19311663479924,32.80174308489306,2.494800090161826
19,279.4841203510238,98.6107396573339,33.35227159640922,2.209082761400276
19,306.5221412251115,98.6963333696007,64.04946264993671,2.7805174189233757
19,395.8635154491508,98.9171270718232,34.056111845309616,2.1045520313655626
19,429.59585977322376,101.16332050348487,66.99026052157998,2.8711107182867943
19,466.9901373041965,96.03751692129183,36.035227000633526,2.4529877981479404
19,292.25591634562466,99.49587231700605,50.648623059486454,1.9930525859952017
19,149.47252424331472,99.8780487804878,23.714538287208644,1.9791151553239066
19,263.63428047662694,101.33031622364803,60.82294744953189,2.2508950534141614
19,273.5691522469812,105.51475164944604,55.97969029125684,2.174239184722038
19,342.5214686508905,100.20261039277872,57.12952832163869,2.034864878009087
19,373.754662145798,100.67352869944297,57.54765124177754,2.08364588535862
19,400.7645417770958,101.1558097363649,49.958720241257346,2.0627397393516773
19,438.07721166646496,100.74258743797652,57.58249481845578,2.355425783448875
19,39.27903391572456,101.71698355601234,54.244480172680596,2.1045520313655626
19,58.90877110694184,97.70379924953096,29.71460219120119,1.8188347026040128
19,237.00706601162898,102.00218237927925,3585.933662556178,200.44812791456638
19,308.1443154803524,102.24849671374633,49.83328336521569,2.466925228819236
19,357.5854836938619,100.50411771165038,63.46409056174232,2.3902693601271126
19,365.9251074278699,102.31270718232044,56.760186408849364,2.3623944987845222
19,490.55851963178657,101.91508547811385,37.09447173165196,2.5505498128470063
19,5.206631762652705,103.45026178010471,39.93073887326051,2.703861550231253
19,23.56753227912375,104.41781517481503,48.03535480861862,2.6899241195599575
19,202.0104938271605,104.47222222222223,22.57863768749809,1.9024592866317835
19,287.3907376594565,100.96810870770938,25.129187500345097,2.160301754050743
19,314.1567863664029,102.72087644552647,57.247996482344696,2.2857386300923994
19,325.71502877379373,103.13579017264276,62.96931177291134,2.648111827546072
19,351.3995738477066,103.08702478412022,62.14003464796928,2.2927073454280467
19,481.76945782196674,102.9639583656983,44.857620615563334,2.2996760607636944
19,198.0650580875782,107.38480786416443,38.98996230294809,2.4390503674766455
19,333.8159957249733,104.040790879943,39.12236789432539,1.8536782792822506
19,178.3739430543572,107.4213977566868,40.3837053700776,2.271801199421104
19,213.25203928749792,104.9160978857999,41.86107302123489,2.069708454687325
19,294.0733341762549,106.95878113541535,55.11556958963654,2.167270469386391
19,384.3224437844718,103.83177768349597,32.850524092242594,2.36936321412017
19,396.9520968590981,105.47183716441481,39.714708697855436,2.1045520313655626
19,410.36315467699205,105.32545343386998,34.19548615202257,2.99654759432845
19,425.8097363083164,100.44486815415821,85.88941651185615,2.65508054288172
19,160.22685857652186,106.95602799418988,52.77408123685896,2.118489462036858
19,276.7742502026479,105.99297487165632,51.58243091446323,2.069708454687325
19,353.94900497512435,105.84068294889191,61.63131842846701,2.36936321412017
19,366.9403933064615,105.6612922926591,57.05287245294656,2.620236966203482
19,373.68510638297874,106.38857782754759,62.2306279473327,2.620236966203482
19,474.2136514983352,107.39733629300777,37.6728751045107,2.459956513483588
19,16.530387367942748,107.15176644325798,61.34560109970546,2.6899241195599575
19,50.88086824835941,105.64226821470638,41.41507523975344,2.3345196374419324
19,253.72642679900744,104.62477844735909,78.63498384744705,2.3902693601271126
19,5.875182967398536,108.2919494344644,52.3698957473914,2.3763319294558176
19,270.55350484712903,108.24571215510812,74.76037812082701,2.36936321412017
19,297.5487474070528,108.18573480134036,43.67293900850325,1.8258034179396603
19,320.3980629539952,108.40835351089588,57.561588672448835,2.174239184722038
19,400.07028142036245,104.83630470016207,47.29667098303998,2.1045520313655626
19,61.7160934941194,110.12803334822094,46.80886090954465,1.7282414032405946
19,119.9716080539259,108.82121857690669,3189.3371040891398,213.87684236635923
19,128.1984568342,108.92798279584345,1659.1256845416422,115.45767568100875
19,191.45670301475306,109.12299550994227,43.456908833098176,2.5644872435183017
19,324.43129684306155,107.45094253917783,61.3665072457124,2.543581097511359
19,171.3756593820648,107.06669178598342,18.49497050080862,1.8188347026040128
19,206.8337851929093,108.22460896767465,33.41499003443004,1.8467095639466031
19,225.19052643920742,109.93516238714973,59.43617309773803,2.446019082812293
19,252.36684350132626,109.51724137931035,52.54411363078259,2.4390503674766455
19,263.00729016786573,110.00172661870504,72.6488573741258,2.9268604409719745
19,282.5498823103386,108.82165489770053,38.48821479878146,1.881553140624841
19,366.2308857808858,110.17016317016316,59.79157757985605,1.9163967173030787
19,393.8966709900562,110.03912667531344,32.23727714270561,2.3484570681132273
19,434.20851421369554,114.32530457919059,49.763596211859216,2.1533330387150955
19,451.88631355662716,110.00269733371742,3725.489155867856,221.20793089946045
19,460.18880033122866,110.00048205598355,2356.366560019187,145.29074603291596
19,42.51108571428571,111.05691428571429,30.48812959345807,1.721272687904947
19,149.81964436917866,110.61981371718882,57.61036967979837,2.3763319294558176
19,189.1909797822706,111.29813374805599,44.8088396082138,2.5644872435183017
19,293.65890964711025,111.3331148257402,63.7846514671821,2.5644872435183017
19,306.6120428369368,111.16124469589816,34.48817219611977,1.9373028633100213
19,359.7629558541267,109.51933095695092,50.82980965821329,2.36936321412017
19,418.5309807139926,110.83490630556696,50.9482778189193,2.843235856944204
19,425.71754327563247,110.78861517976031,41.86804173657053,2.606299535532187
19,479.47408081070546,111.52656879303625,53.638201938479256,2.2927073454280467
19,158.38846761453397,111.74849921011058,44.11196807464905,1.7491475492475372
19,300.5673770766907,109.87732841080718,41.526574685123805,1.7700536952544799
19,343.57153633392005,112.1257229067136,55.42916177974068,2.5784246741895966
19,385.5540749553837,113.51778703152885,58.57205239611773,2.355425783448875
19,76.84430974427627,113.00519380709778,3935.3102059088683,237.6122867995748
19,85.02727262421271,113.00358236607829,4302.965689586962,268.07951024702595
19,94.21786518584105,112.99412449714164,2896.365342663181,177.23533713152435
19,214.63880092885793,113.51403842094152,66.02160908992497,2.794454849594671
19,225.22586259854612,113.25156138015767,68.0634426832697,2.446019082812293
19,507.20153621068033,112.76024140453548,38.10493545532085,1.8188347026040128
19,5.708107293550332,113.49080771549126,46.2443949673572,2.160301754050743
19,35.78849066128218,111.91872791519435,55.22010031967125,2.0418335933447347
19,232.09178674351585,115.80634005763689,48.36288442939406,2.3275509221062847
19,260.3450406132022,113.67383594554398,60.91354074889531,2.9268604409719745
19,315.783073306262,113.60686044026501,65.21323811098985,1.9024592866317835
19,400.04225908372825,115.44510268562401,35.28957445971923,1.8745844252891932
19,414.6517617317112,113.55632801390425,44.104999359313396,2.3345196374419324
19,481.4471811094792,114.16077279403457,61.680099435816544,2.2927073454280467
19,108.06243352478197,115.00444349901912,3538.0725256309506,203.0753335961055
19,113.4281053019617,115.19150491870204,2287.390215626948,170.1342162044995
19,124.07278817345471,115.14361182846892,2898.135396358435,190.56648956861815
19,143.5098662573997,117.49605349704012,63.56862129177703,2.9686727329858598
19,165.4663337628866,116.15109536082474,43.261784803700046,3.421639229802951
19,200.23682579045257,114.84407935523869,44.962151345598045,1.832772133275308
19,352.7636213213568,115.04207540479848,58.96230045491399,2.5505498128470063
19,487.4259556268377,109.6003742314889,52.13992814131503,1.832772133275308
19,498.64566821535936,117.3004919376879,50.997058826268834,2.167270469386391
19,50.592061955469504,116.43310745401743,35.99341470861964,1.9442715786456688
19,190.21286525974025,115.8262987012987,34.34182917407117,2.2508950534141614
19,224.43835341365462,116.23875502008032,69.40840474304969,1.8954905712961359
19,228.47980261647922,116.17133348634381,60.72538543483282,1.9791151553239066
19,242.14291122468293,115.6494416051486,36.81572311822605,1.9930525859952017
19,249.5104624582381,116.04272903112361,39.63108411382767,2.794454849594671
19,255.33271783035198,116.27639930755915,60.383918383386096,2.759611272916433
19,309.2896449704142,115.70458579881657,47.108515668977496,1.9442715786456688
19,394.810936497755,114.55708787684414,43.456908833098176,2.167270469386391
19,407.3838307517945,115.78919531545145,55.33856848037726,2.1881766153933335
19,22.554801856479827,116.79662025467096,58.558114965446435,2.0278961626734398
19,40.72291226215645,114.67864693446089,52.73923766018073,2.020927447337792
19,138.46242230175173,116.91034093049538,36.99690971695289,2.9686727329858598
19,169.30168136714443,117.22409040793826,50.56499847545869,3.421639229802951
19,43.58132787165045,116.66461853558627,40.829703151559045,2.020927447337792
19,292.3184040013641,116.43332954416279,61.303788807691575,2.5644872435183017
19,365.95640569395016,118.1655693950178,78.32836037267856,2.5366123821757114
19,377.6976389946687,117.73072691884573,82.3493091213472,2.745673842245138
19,385.9997303855487,117.7918576435697,51.69393035983359,2.118489462036858
19,480.1499623210249,118.35245989880504,64.73239675283017,2.2927073454280467
19,502.8467532467532,118.14395078605605,50.97615268026189,2.167270469386391
19,16.105417801347283,118.50738139601548,97.24145379362604,2.36936321412017
19,26.058663028649384,116.83356070941338,45.97261506926694,1.9442715786456688
19,282.1017689451845,118.42236296134527,63.81949504386034,2.2648324840854563
19,353.20662440160436,118.52801138569026,53.86120082921998,2.5505498128470063
19,373.3337754199823,118.54409814323607,63.052936356939114,2.5853933895252443
19,29.4618399339934,120.13407590759076,33.784331947219364,2.167270469386391
19,57.24791302659678,117.45583381867598,35.895852693920574,2.257863768749809
19,65.8786836935167,120.06286836935168,14.18830442337843,1.860646994617898
19,151.5734582829504,118.83877468762596,69.15753099096638,2.5784246741895966
19,197.0779105799026,121.45540061974324,62.96931177291134,2.3972380754627602
19,217.1884285415359,120.50711445909187,66.60698117811937,3.094109609027516
19,220.77757520510482,119.87602552415679,68.80212650884835,2.466925228819236
19,288.73370165745854,119.4755064456722,56.760186408849364,2.3972380754627602
19,296.5495963091119,121.09880815071126,36.2512571760386,2.08364588535862
19,181.50656352555086,121.0672761368964,59.45707924374497,2.209082761400276
19,252.19438185368784,120.71098092233738,46.3907379894058,2.229988907407219
19,430.5994897959184,120.54711884753901,46.43951899675533,2.320582206770637
19,202.44986922406278,121.66303400174368,47.9586989399265,2.08364588535862
19,260.9934993389158,121.99228735125607,63.248060386337244,2.4738939441548835
19,360.4881974248927,122.41341201716739,64.94842692823525,2.3345196374419324
19,379.5653415330551,122.33230836810894,63.45712184640667,2.745673842245138
19,7.464434449441946,122.77161419290354,41.8331981598923,2.160301754050743
19,193.18597376387487,122.51059535822401,69.0599689762673,2.3972380754627602
19,291.84680025856494,123.16822882999354,43.122410496987094,2.216051476735924
19,321.9511454595639,122.7197074247861,50.49531132210221,2.257863768749809
19,472.8886096310445,120.91133004926108,69.31781144368627,2.0906146006942676
19,478.74907244678775,122.98027728959188,71.37358246770229,2.320582206770637
19,502.1295228750153,122.85931558935361,56.81593613153454,2.0418335933447347
19,148.07796536482863,119.71233968553004,96.17524034727195,2.5157062361687688
19,167.68316831683168,124.02320082754544,47.15729667632703,1.9930525859952017
19,275.77048830003207,122.80286355379849,65.2202068263255,2.508737520833121
19,388.11508076877726,123.82266242188422,59.101674761626946,2.404206790798408
19,416.93132574366507,124.34943077488064,37.951623717936606,2.8223297109372614
19,452.537804434751,127.2029262086514,76.68374355346573,2.0557710240160296
19,31.33797216699801,125.00248508946322,28.042110510645777,2.167270469386391
19,40.50091519219036,124.48993288590604,34.265173305379044,2.446019082812293
19,155.2912022109627,119.03942883463841,75.64540496845424,2.592362104860892
19,164.78286708218582,125.54515147122771,48.07716710063251,1.9930525859952017
19,229.94675610523007,125.2476679593334,66.48851301741335,2.6829554042243102
19,266.78674021648624,123.8795795170691,66.95541694490174,2.1393956080438006
19,354.7111342111342,125.24532224532224,60.33513737603656,1.9373028633100213
19,392.9910606426673,124.5908431988403,57.68702554849049,2.3136134914349893
19,489.08150770113843,125.18932363914665,72.84398140352393,2.4529877981479404
19,222.0581029444819,125.69127893908744,62.00762905659197,2.5853933895252443
19,225.8030525388905,126.53096565893748,71.2272394456537,2.5853933895252443
19,340.0060844335111,126.00264874392596,2178.4273826387625,121.8688937898045
19,364.7281935846933,125.44074282498593,61.91703575722856,2.1045520313655626
19,375.48855779530624,125.89414743402473,71.56173778176478,2.209082761400276
19,400.2629229323308,125.75082236842105,59.31770493703202,2.3414883527775796
19,477.2295438804789,125.57039675472444,70.43280589738987,2.320582206770637
19,497.1696060467247,125.84138799816766,60.850822310874484,2.118489462036858
19,18.63288254064732,125.83665096489895,45.86111562389658,2.7247676962381955
19,36.16092350103377,127.18452791178498,40.44642380809843,2.167270469386391
19,95.82770837217976,126.83553980980794,37.373220345077854,1.8954905712961359
19,140.39968085106383,126.7668085106383,65.50592415508706,3.080172178356221
19,408.74652564260236,125.7872340425532,56.6626243941503,2.174239184722038
19,175.24335295311548,128.3994317028618,34.33486045873552,2.7665799882520807
19,205.572994210091,127.60194375516956,33.70070736319159,2.08364588535862
19,262.3129464845219,126.56159919789448,55.60337966313187,2.3902693601271126
19,368.80277381195185,128.38354068937386,68.33522258135996,2.1045520313655626
19,499.3173757047668,128.1429010763711,67.97981809924194,2.118489462036858
19,9.584338224611361,131.53944500944357,47.965667655262145,2.069708454687325
19,43.53003533568905,126.5715968366145,41.41507523975344,2.446019082812293
19,252.33158531665995,130.27279144816458,69.10178126828119,2.4251129368053506
19,286.16605642903295,128.56493646349344,64.71149060682323,2.306644776099342
19,436.8173961015079,129.2616770871644,37.89587399525142,2.125458177372505
19,471.23388880696064,128.93717740746203,47.254858691026094,2.459956513483588
19,480.05872797700863,128.61339497688368,55.77062883118741,2.320582206770637
19,88.55058232473168,127.56496917104361,30.516004454800658,1.6376481038771762
19,142.2053181772049,129.92499746270173,68.6627522021354,3.080172178356221
19,244.43911202361093,131.39715128961888,54.30719861070143,3.205609054397877
19,327.91442155309034,130.2514527205494,13.191778130380829,1.8397408486109554
19,377.8791517055655,129.84784560143626,62.105191071291046,2.209082761400276
19,464.83922171018946,126.79006656426012,54.439604202078726,2.3902693601271126
19,57.02426921474073,131.00026641662203,4682.140459714882,265.2223369594104
19,74.03859060402685,130.99601803397945,4751.437365012561,270.58824776785906
19,136.52307692307693,131.03758241758243,31.707654777196392,2.020927447337792
19,297.7151353568499,131.49241181296145,33.979455976617494,1.721272687904947
19,383.65018807092963,131.56994447429696,38.90633771892032,1.8188347026040128
19,400.67010528554715,131.03754121025204,65.526830301094,2.843235856944204
19,481.6133349555907,131.1823822849495,57.275871343687285,2.1463643233794483
19,25.932817512738254,131.9028118512927,36.927222563596416,1.9233654326387262
19,191.36818560133167,133.5540990428631,66.98329180624434,3.0662347476849257
19,220.14661699314985,134.3455113568081,57.986680307923336,2.5017688054974734
19,233.33357505438724,132.5582306018854,48.04929223928992,2.466925228819236
19,371.0964651915812,131.6171073934161,51.65211806781971,2.020927447337792
19,35.91034139874047,132.99403380841895,42.04922833529737,2.167270469386391
19,107.78675312644742,132.0308476146364,75.2272820483154,2.446019082812293
19,112.0336756100254,132.0174450701115,63.11565479495994,2.4529877981479404
19,147.75229610580456,131.88262307127113,75.87537257453062,2.2996760607636944
19,183.4321142023549,132.84536834427425,66.87876107620961,2.731736411573843
19,200.21075617669078,134.33890691290242,55.84728469987954,2.223020192071571
19,248.95042194092827,131.00369198312237,52.85073710555108,2.808392280265966
19,356.39327544426493,134.47718093699515,69.01815668425343,2.0975833160299153
19,365.85785260833563,132.4671542920232,50.49531132210221,2.0906146006942676
19,435.83545273479393,132.80542362494253,45.48480499577162,2.125458177372505
19,464.42748091603056,132.84771971031512,35.60316664982338,1.783991125925775
19,94.7660865399968,133.91952738304326,43.64506414716066,1.9721464399882591
19,121.48198354767698,137.51315027227437,60.14698206197408,2.0627397393516773
19,143.35471861471862,134.0103896103896,80.4886621267293,2.08364588535862
19,161.9377754731657,130.8581799325901,53.756670099185264,1.9930525859952017
19,168.4986114617521,133.68745266346883,27.60308144449998,2.209082761400276
19,173.07579894009956,133.7875381403565,43.394190395077345,2.209082761400276
19,264.7896264055132,135.1745859025511,57.638244541140956,2.3484570681132273
19,274.13750258852764,133.6775729964796,33.65192635584206,1.9373028633100213
19,283.44833224329625,134.15227817745804,63.930994489230706,2.4738939441548835
19,411.06315266036796,135.32560914967678,70.0704326999362,2.1463643233794483
19,16.1273390036452,135.31640340218712,28.676263606189703,2.0488023086803824
19,207.7144760213144,134.7069271758437,15.693546935878302,2.892016864293737
19,313.55379019908116,134.57561255742726,36.40456891342285,2.2021140460646285
19,137.530535546508,135.96821171312246,44.50221613344531,2.020927447337792
19,223.97924166066716,136.18214542836574,58.077273607286756,2.5017688054974734
19,245.08344335885926,135.7982571956694,52.78104995219461,2.2021140460646285
19,472.3083891295786,135.8088486280688,53.080704711627455,2.4390503674766455
19,477.4822228861667,135.69863559406434,69.97287068523714,2.4529877981479404
19,297.28598293071025,136.45855634312164,48.17472911533157,2.5784246741895966
19,301.053178230162,138.34330425148872,50.321093438711024,2.5505498128470063
19,305.6159991478483,139.54729441840647,65.42229957105928,2.034864878009087
19,329.27419089863645,137.3344833251191,42.41857024808669,2.1393956080438006
19,378.3370577281192,136.59869646182494,59.87520216388383,2.0766771700229723
19,408.2104670793472,136.67113111986495,61.91703575722856,2.1463643233794483
19,414.5326193993107,134.70260955194485,56.61384338680077,1.9373028633100213
19,444.2936236391913,136.1452566096423,44.8088396082138,2.4808626594905308
19,480.8880511966336,136.51617427895152,79.4921358337317,2.4529877981479404
19,487.2193894666219,134.54646091915464,62.32122124669612,2.4738939441548835
19,491.91011235955057,136.5630903848066,70.0843701306075,2.4738939441548835
19,25.811253196930945,138.48976982097187,54.49535392476391,2.459956513483588
19,33.44207768538558,138.3915024490261,61.178351931649914,2.418144221469703
19,95.63970023059186,137.91218293620292,36.2651946067099,2.2927073454280467
19,184.41686420589232,138.21932498024609,61.73584915850172,2.216051476735924
19,192.2020369493131,137.51859308384653,58.843832294207985,3.0662347476849257
19,341.4383094751193,137.20654396728017,10.223105397394969,1.672491680555414
19,359.6889723948548,136.65298453533748,48.21654140734546,2.132426892708153
19,391.5862840862841,132.746743996744,68.4885343187442,3.3240772151038853
19,425.93628140703515,138.2188944723618,34.6693587948466,2.0139587320021444
19,91.13651974813966,139.2530051516886,48.69738276550514,2.8850481489580893
19,231.0447813207876,137.61927165011326,39.99345731128134,2.125458177372505
19,383.5487903692557,138.94084963537446,60.20273178465926,2.0975833160299153
19,506.5816290341648,136.83733301808724,58.948363024242695,2.571455958853949
19,370.7881533101045,139.6773519163763,50.00053253327123,2.1463643233794483
19,393.2309079975947,141.2033974744438,46.35589441272756,2.3345196374419324
19,456.43378646708413,137.56499159920574,45.62417930248456,2.5157062361687688
19,496.52069586082786,139.71481703659268,58.0842423226224,2.36936321412017
19,105.62569380203516,139.82261794634599,60.26545022268009,2.404206790798408
19,221.1883466320282,141.0430506587493,37.55440694380469,2.3414883527775796
19,244.53912488022996,141.06148195464706,43.638095431825015,2.0139587320021444
19,291.20849867724866,142.09160052910053,42.14679034999644,1.832772133275308
19,475.2218472468916,141.47371225577265,39.233867339695756,2.355425783448875
19,492.24953853253345,140.85129210890634,60.40482452939304,2.1115207467012103
19,9.819658813972381,141.56539398862714,42.89244289091072,2.0278961626734398
19,193.1378279189887,141.94902813646866,51.268838724359085,2.355425783448875
19,206.03935400037128,142.8446259513644,37.540469513133395,2.3275509221062847
19,237.96992054483542,145.30207150964813,49.115505685643996,2.3484570681132273
19,317.51989678120333,141.88374303952193,51.31065101637297,2.3623944987845222
19,420.6634744301858,142.02279256847348,36.383662767415906,2.306644776099342
19,468.284200968523,142.08595641646488,23.024635468979533,1.7909598412614225
19,15.938903031705625,141.94792872020366,30.1118189653331,2.034864878009087
19,92.48300571317904,143.02159388012007,71.96592327123234,2.8850481489580893
19,135.028618049454,144.49303376427764,55.5197550791041,1.9373028633100213
19,256.2983804329863,147.07940836225418,84.33539299200676,2.418144221469703
19,487.4845118564409,144.17143772698142,65.24111297233244,2.1463643233794483
19,33.94569771189172,143.57960038672252,43.24784737302875,2.1045520313655626
19,49.90228826933193,149.2552603892688,52.990111412264035,2.6759866888886625
19,97.04081355932203,143.7304406779661,51.394275600400746,2.271801199421104
19,219.04608294930875,144.9436763952893,40.829703151559045,2.3414883527775796
19,399.9025069637883,148.3516713091922,60.04245133193937,2.4738939441548835
19,506.4166329148103,144.5096530309167,51.617274491141465,1.8676157099535458
19,69.62647754137116,145.83264899838247,56.007565152599426,2.6411431122104245
19,195.7408754840981,143.61788522473887,59.38042337505285,2.355425783448875
19,278.4732457998023,145.50896512777072,49.35941072239166,2.1115207467012103
19,297.6817004239284,144.92439943476214,59.17833063031907,2.745673842245138
19,378.1229412527558,144.58889897548957,53.73576395317833,2.36936321412017
19,479.9274486094317,145.4386061338903,63.39440340838584,2.2648324840854563
19,215.11184782608694,149.45978260869566,64.11218108795754,2.3484570681132273
19,250.78761061946904,145.86842947009276,65.35958113303845,2.6132682508678347
19,268.47101960231277,146.34282893809055,49.415160445076836,2.5644872435183017
19,412.60955857191743,144.56872362267595,61.09472734762215,2.3763319294558176
19,495.75490650594963,146.15716272600835,45.09455693697535,2.0278961626734398
19,90.2935866983373,146.70344418052255,58.676583126152444,2.0418335933447347
19,128.47256679389312,147.07132633587787,29.212854687034564,2.209082761400276
19,140.77312877731288,145.1272276460561,44.9691200609337,1.7700536952544799
19,154.821364659058,147.0042102605609,1876.9677259339846,114.7747415781153
19,163.00059057605665,147.0045182936736,2702.1681524046903,167.98785188112004
19,172.20712875297454,147.0029220943605,1926.9473523212491,116.36360867464293
19,185.7908055672712,146.42007591733446,33.045648121640724,2.0488023086803824
19,383.9113866763215,146.94822592324402,76.99036702823423,2.355425783448875
19,476.58074566413956,146.50877557378752,67.10175996695034,2.4390503674766455
19,25.59292307692308,149.1645128205128,67.9449745225637,2.543581097511359
19,81.47881607602454,144.8238962581667,70.39796232071164,2.5296436668400637
19,127.5710702341137,151.30133779264213,41.6729177071724,2.209082761400276
19,35.64938782000318,148.81714103991095,43.8262507458875,2.209082761400276
19,40.435735818032335,147.70567278706494,50.85768451955588,2.898985579629384
19,286.98572723153603,149.0455369279565,30.759909491548324,2.383300644791465
19,302.09403846153845,149.56432692307692,72.4746394907346,2.466925228819236
19,396.7991718426501,149.5405205560485,47.122453099648794,2.2996760607636944
19,404.66671402187814,149.31552777383152,49.052787247623165,2.174239184722038
19,420.81040017119625,151.16905628076182,32.564806763481045,1.8676157099535458
19,84.2133197763091,150.467615658363,68.53731532609373,2.3972380754627602
19,118.54025423728814,151.27161016949154,32.892336384256474,3.038359886342336
19,338.2045911323337,149.996008407992,3477.7304195395786,195.14493554413858
19,344.7003214525795,149.9966406596393,3897.853360979763,239.72380754627602
19,12.286543715846994,151.46806693989072,40.8087970055521,2.898985579629384
19,99.27326783867632,151.26331437435368,53.909981836569514,2.5644872435183017
19,102.48026388125344,150.28862012094558,63.38046597771454,2.5644872435183017
19,353.0473764366684,151.00050194525198,4067.841234162214,261.2989502254409
19,361.1763700971875,150.9965294981448,3108.360631888915,190.36439682388436
19,434.8837671883222,150.99933935067608,4873.306258802366,286.8392919305892
19,443.0488364393151,151.00534481127613,2651.9864332726925,176.60815275131608
19,457.94194711863184,150.96385119010097,3095.2524783425624,180.5663830619639
19,60.195692194403534,149.53553019145804,37.85406170323754,1.958209009316964
19,219.82470556012052,151.60339632977266,50.88555938089847,2.508737520833121
19,451.42954168967424,151.84826799190134,1893.0515209286593,123.42291730965391
19,494.7023897739904,152.62486105965172,75.23425076365105,2.843235856944204
19,82.57731501993797,153.40728843597697,62.91356205022616,2.592362104860892
19,136.53445354419657,155.43871787630613,49.35244200705601,1.7700536952544799
19,384.1551020408163,152.8618218018915,70.00074554657972,2.411175506134055
19,389.81588976839635,153.01817648783347,71.31086402968147,2.8641420029511466
19,411.3341937236788,152.98532808042387,51.29671358570168,1.8676157099535458
19,253.61830243238646,153.56812383058343,40.969077458272,2.557518528182654
19,318.8870140234865,153.56869228138183,61.122602208964736,2.0557710240160296
19,415.8731772575251,153.93083612040135,52.0911471339655,1.7630849799188324
19,6.101301775147929,152.6291124260355,29.442822293110936,1.7700536952544799
19,78.38513712769095,154.838248304335,47.26182740636174,2.6272056815391296
19,97.47600176133862,154.50961397328638,47.47785758176682,2.5644872435183017
19,232.892467789891,155.06565906838455,56.251470189347096,2.160301754050743
19,274.5966731898239,158.3720156555773,35.610135365159024,2.2787699147567517
19,286.79607843137256,155.17254901960786,44.42556026475319,2.8292984262729086
19,484.1809352517986,155.30071942446042,38.746057266200424,2.257863768749809
19,146.1618443158484,156.27646070561883,37.331408053063974,1.9373028633100213
19,185.86587969358283,155.9507723219892,55.49188021776151,2.2927073454280467
19,210.09934011057607,155.9386481184234,39.07358688697586,2.2927073454280467
19,239.85313262815296,155.71819907784106,51.387306885065094,2.5993308201965393
19,304.4388577827548,156.22508398656214,62.2306279473327,2.3763319294558176
19,411.0295328862219,156.47864454641723,59.2271116376686,1.9163967173030787
19,31.574480653736337,154.6000787634144,70.78124166417226,2.181207900057686
19,35.414584395716474,156.99859765425802,54.66260309281945,2.4738939441548835
19,195.24096555618294,156.85107284020327,49.3663794377273,2.3763319294558176
19,248.57920912178554,157.13512857836002,57.45008922707847,2.557518528182654
19,260.9805517865219,156.7070707070707,46.22348882135026,2.0627397393516773
19,280.5782488796967,157.46035849707,40.43248637742713,1.9721464399882591
19,314.1505376344086,157.24585383634044,38.237341046698155,2.3763319294558176
19,376.40301418439714,157.18333333333334,78.60710898610446,2.069708454687325
19,21.946145251396647,156.48011173184358,62.37000225404565,2.2996760607636944
19,47.93950665622553,159.0536413469068,35.596197934487726,2.320582206770637
19,58.421052631578945,159.5053874844592,33.63102020983512,2.216051476735924
19,88.91282552879325,158.12739943758405,56.99712273026138,1.9721464399882591
19,300.89647981314647,159.2705205205205,83.54095944374293,2.271801199421104
19,421.01175464842913,162.24385552468476,65.21323811098985,3.0592660323492784
19,14.880385409497592,161.287680660702,50.62771691347951,2.36936321412017
19,113.86801861702128,158.99567819148936,20.961895729627855,1.7630849799188324
19,171.22124188446813,162.40336274346595,41.86107302123489,2.125458177372505
19,182.1578603191211,157.27962333246143,53.28279745636123,2.2927073454280467
19,382.8088544043816,158.98229119123687,76.342276502019,2.125458177372505
19,506.89977505623597,158.83904023994,27.88183005792588,2.0069900166664967
19,102.21336664584635,160.27770143660211,55.78456626185871,2.466925228819236
19,200.3883670520231,160.04064306358381,38.57880809814488,1.9651777246526114
19,212.77692895339953,159.6718869365928,36.48819349745062,2.2927073454280467
19,232.11701657458565,160.23259668508288,63.066873787610405,2.167270469386391
19,402.5123572657594,159.87728765837636,89.10199428158968,2.7247676962381955
19,36.753981797497154,161.24018771331058,49.00400624027363,2.0488023086803824
19,93.59576300378919,160.7369962108164,40.46036123876973,2.6341743968747773
19,127.68077723802915,161.911866759195,40.167675194672526,2.0000213013308494
19,27.590483827853514,162.20261962042235,26.069964070657516,2.0766771700229723
19,68.94161162483488,161.58692206076617,52.75317509085202,2.271801199421104
19,75.58046153846153,163.13215384615384,45.296649681709134,2.216051476735924
19,105.54799216454457,161.28819784524975,56.92046686156926,2.466925228819236
19,206.43354743083003,162.21541501976284,28.20935967870132,1.8676157099535458
19,288.4520858036003,165.0877438827207,64.6487721688024,2.752642557580786
19,320.21911594050005,162.01213208144318,66.0564526666032,2.0557710240160296
19,336.20746579417016,162.99226650803092,46.85764191689418,2.1951453307289808
19,454.2572551698942,162.08030565064635,2937.5016692895083,170.7614005847078
19,460.81384162085845,162.0284799372173,3978.146899077094,236.56697949922767
19,471.09521537183775,162.00233146804882,4220.442162582224,245.61934072023385
19,41.933676092544985,161.83667523564696,40.662453983503504,2.0488023086803824
19,260.0347581023955,166.3727884765931,44.509184848780954,1.9373028633100213
19,369.3170466883822,163.54983713355048,32.09093412065701,1.8885218559604884
19,413.54315422089724,162.81633098233112,95.84074201116087,2.446019082812293
19,88.50803808334634,163.8471983767754,44.648559155493906,2.6341743968747773
19,122.42101313320825,162.51269543464664,55.71487910850223,2.892016864293737
19,142.07055471761353,164.47142617730853,41.58232440780898,2.411175506134055
19,158.77499125160386,162.84532835646797,59.74279657250652,2.3275509221062847
19,182.46524157108098,165.224887035106,40.09798804131605,2.1881766153933335
19,186.26521930467948,164.55214903916678,47.50573244310941,2.2648324840854563
19,210.13823345166006,163.62225934433076,33.37317774241616,2.2927073454280467
19,248.7034418356457,161.7797491995731,52.2374901560141,2.0766771700229723
19,274.4147606382979,163.95997340425532,52.40473932406964,1.860646994617898
19,298.06472773255354,164.34229036592112,88.17515514194857,2.6899241195599575
19,342.7063076088921,164.45002711006688,38.55790195213794,1.832772133275308
19,392.2019568026583,162.51070703341333,75.49906194640565,2.620236966203482
19,440.6487132352941,164.80827205882352,37.90981142592272,2.446019082812293
19,497.8612471865484,163.76671521249835,52.63470693014601,2.4878313748261784
19,7.019472809308953,164.44241272856803,58.69052055682374,2.1393956080438006
19,240.54116318464145,165.0703557312253,61.70797429715913,2.174239184722038
19,365.5069015619324,165.2286596440247,38.369746638075455,1.8954905712961359
19,64.55205090023013,169.4161364559361,51.47790018442851,2.223020192071571
19,192.9480242478671,165.6174225415357,62.07731620994845,2.36936321412017
19,199.5869540163651,166.11812838538665,60.46754296741386,1.9512402939813165
19,334.44702508960575,165.94193548387096,48.60678946614172,2.1951453307289808
19,353.48961265245947,165.52834740651386,51.993585119266434,2.125458177372505
19,360.1345719307055,165.73499874466484,55.512786363768456,2.1045520313655626
19,412.3331999359693,165.91187770129662,87.0671294035806,2.446019082812293
19,427.2670516452386,166.5659185007627,63.958869350573295,3.0592660323492784
19,487.3664073153124,164.95780861474293,86.87897408951811,3.3728582224534183
19,18.935533150015274,167.23067522150933,45.61721058714892,2.446019082812293
19,145.50380434782608,165.70217391304348,51.28974487036603,1.958209009316964
19,190.23316292509446,163.9755501222494,62.704500590156734,2.3763319294558176
19,373.5334928229665,164.52643540669857,58.25846020601359,2.132426892708153
19,392.01326135430116,166.79485975824434,59.38042337505285,2.620236966203482
19,33.402101715078814,168.23713690889264,70.29343159067692,2.3275509221062847
19,88.44176269075055,168.0298972282778,44.753089885528624,2.6341743968747773
19,95.93183337046112,168.1853419469815,31.28256314172189,2.954735302314565
19,139.46750988142293,167.97359683794465,44.07712449797081,1.8676157099535458
19,240.42298710528988,168.42816529596914,68.6348773407928,2.2648324840854563
19,319.1759050623404,167.95208051674928,46.3907379894058,2.669017973553015
19,327.47011800532925,167.85782261134375,36.61363037349227,1.783991125925775
19,37.699538795442216,169.07392837764513,51.3733694543938,1.8536782792822506
19,74.66580150784823,169.2517612161661,56.383875780724395,2.3136134914349893
19,148.5639548553962,165.586879849518,59.27589264501813,1.9651777246526114
19,250.68799342105262,169.56282894736842,42.369789240737155,2.3763319294558176
19,294.5714124929657,168.56499718626898,61.91703575722856,2.5296436668400637
19,305.53424845573096,169.2328071379547,50.76709122019246,2.0069900166664967
19,45.60054404687173,172.3297761037874,66.60698117811937,1.9860838706595543
19,111.45877156079091,170.48233066891038,33.12927270566849,1.7700536952544799
19,170.5118711605512,172.44645525485637,41.97257246660524,1.9651777246526114
19,215.58263414634146,170.01814634146342,35.714666095193735,2.257863768749809
19,279.821998687951,167.96807347474305,63.73587045983257,2.669017973553015
19,381.3498048078899,169.8730223957263,67.83347507719334,2.5644872435183017
19,389.99702479338845,170.34060606060606,63.24109167100159,2.5784246741895966
19,122.99403213465952,170.89885233358837,45.5405547184568,2.306644776099342
19,192.57706169175324,170.6684333262667,32.87143023824954,2.0488023086803824
19,230.33563067498085,172.04485286073734,63.701026883154334,1.8467095639466031
19,311.0562417556062,167.53531598513013,58.11211718396499,2.592362104860892
19,316.615618842916,170.88590363603797,38.90633771892032,2.669017973553015
19,350.04634194438967,171.14237822914612,35.33835546706877,2.543581097511359
19,367.55545735749007,171.1917808219178,31.54040560914085,1.9721464399882591
19,399.3113399849802,170.00182383864393,64.9553956435709,2.2508950534141614
19,418.29097133076596,168.43246327200114,48.857663218225035,2.6620492582173676
19,9.261600173460538,172.0601691240243,64.27943025601309,2.320582206770637
19,22.22946739671478,169.74245893479343,70.00074554657972,3.1080470396988114
19,209.8635252278284,171.68459657701712,31.352250295078367,1.735210118576242
19,335.72583896596706,172.2448713387881,58.76717642551586,2.0557710240160296
19,434.9648252050065,173.43407423392318,64.58605373078157,2.3902693601271126
19,482.3653326122228,172.49783666846943,51.540618622449344,2.160301754050743
19,115.46680679628656,171.69521807672098,39.78439585121191,2.2927073454280467
19,226.87788600288602,172.6236471861472,77.26911564166014,2.5644872435183017
19,234.79178272980502,171.4287372330548,60.04245133193937,2.1045520313655626
19,265.15495685860185,175.5194576509949,39.57533439114248,2.1393956080438006
19,290.6220180767521,173.10846051266856,47.031859800285375,2.1393956080438006
19,295.21158256880733,173.32009747706422,48.61375818147737,2.1393956080438006
19,342.7018863925392,173.25031793132683,65.75679790717037,2.8362671416085563
19,358.4811874352779,172.88781498101486,20.188368327370977,1.7909598412614225
19,370.4816129490274,173.1346017322164,49.080662108965754,2.2508950534141614
19,376.1144691093875,172.60283498261566,52.11205327997244,2.257863768749809
19,500.80306469920544,173.5264850548619,36.836629264233,2.174239184722038
19,11.562047569803516,174.30635987590486,53.909981836569514,2.320582206770637
19,134.92550143266476,171.45200573065904,58.36995965138395,1.8676157099535458
19,138.88670443185606,173.9211929356881,41.826229444556645,1.8676157099535458
19,466.4545731243342,175.23238472074266,45.791428470540104,2.1115207467012103
19,493.55811362792423,172.03416264389156,75.0670015955955,3.0035163096640978
19,84.46978755883475,173.61582495865667,54.78107125352546,2.216051476735924
19,94.93219906422799,179.26831135686942,81.91724877053706,2.432081652140998
19,200.42776645486154,175.07720896774967,58.12605461463629,1.7282414032405946
19,288.0774657260748,175.0823905230933,52.355958316720105,2.209082761400276
19,425.8550911731483,176.11570114571566,43.185128935007924,2.9268604409719745
19,442.7492358988608,173.58099472075577,50.16081298599113,2.4529877981479404
19,471.4665873959572,176.1203329369798,58.60689597279597,2.6899241195599575
19,31.38857750289911,176.0633938925396,72.11226629328094,2.0069900166664967
19,57.61552544855364,175.99487367264737,38.06312316330696,2.0906146006942676
19,71.68769519050593,176.03908271615956,78.09839276660219,2.3275509221062847
19,104.78956043956043,177.58145604395605,50.73224764351423,2.9617040176502125
19,142.6155214227971,176.88795472918352,43.10150435098015,1.8118659872683653
19,194.20715907573125,176.255242420195,52.17477171799327,2.36936321412017
19,324.5964974141984,175.05782792665727,59.28983007568943,2.543581097511359
19,398.7599815014645,176.19623863110837,45.206056382345714,2.069708454687325
19,406.58200143988483,178.24046076313894,48.39772800607229,2.3623944987845222
19,411.9164995442115,176.59216043755697,38.22340361602686,1.735210118576242
19,482.9065013404826,175.86170688114387,62.38393968471694,2.160301754050743
19,27.383487297921477,177.41120092378753,60.349074806707854,2.2439263380785137
19,280.01574803149606,177.05783822476735,48.676476619498196,2.2508950534141614
19,304.4552803129074,175.45371577574969,53.45004662441678,2.3484570681132273
19,19.908602150537632,178.3761200716846,31.1083452583307,2.2439263380785137
19,35.61498942278634,177.42681575501157,69.17843713697332,2.446019082812293
19,128.12787020486732,179.59631513818232,50.683466636164695,2.5366123821757114
19,159.708409173644,177.13978886057518,19.143061027023844,2.223020192071571
19,204.47687808444525,177.65783220617803,38.12584160132779,1.7282414032405946
19,230.41957104557642,178.04776992444553,57.185278044323866,2.181207900057686
19,248.7078495123084,177.93590339061774,30.007288235298386,2.08364588535862
19,336.84978057837293,177.82783841566334,61.93097318789985,2.034864878009087
19,110.30425655976677,179.09702623906705,59.75673400317782,2.125458177372505
19,240.5574134359278,179.07235868600176,47.0945782383062,2.125458177372505
19,243.68923533778766,177.69636228656273,46.93429778558631,2.125458177372505
19,314.1514687100894,179.12962962962962,54.56504107812039,2.8711107182867943
19,114.71554464027737,179.87763652123664,48.2374475533524,1.8954905712961359
19,171.42191036668174,177.86192847442283,30.787784352890913,1.9930525859952017
19,213.96454229432214,183.24183082271148,60.14001334663843,1.8397408486109554
19,253.86371130243634,178.89869939549368,38.042217017300025,1.9512402939813165
19,264.42723631508676,180.20160213618158,36.53697450480015,2.5366123821757114
19,475.7825022261799,176.83270258236865,62.60693857545767,2.6899241195599575
19,485.4597651152675,178.04625199362042,48.06322966996121,2.160301754050743
19,101.6749014707296,181.0417187349803,72.49554563674155,2.432081652140998
19,225.43520977164098,181.16927774827403,52.48836390809741,2.3136134914349893
19,397.99014202172094,180.4519632414369,41.70776128385064,1.7770224105901276
19,441.08857603754217,181.3022437307523,47.5196698737807,2.3345196374419324
19,450.0082770638205,175.66456109780003,31.993372105957942,2.5017688054974734
19,26.188980499934566,181.79230467216334,53.247953879682996,2.446019082812293
19,121.49526924424717,179.85889498890316,59.65917198847875,2.3972380754627602
19,335.50068287353184,181.5264954930347,51.02493368761142,2.034864878009087
19,416.5322267730114,178.83380038801465,32.32787044206903,1.672491680555414
19,468.4288275367515,182.28594478307636,38.871494142242085,2.522674951504416
19,35.904037844230444,186.27901672579827,82.4956521433958,2.446019082812293
19,76.27330924109448,181.83149199793496,67.4920080257466,1.9860838706595543
19,236.46965110721683,182.47204078381392,43.742626161859725,2.383300644791465
19,493.28804751299185,182.924573125464,46.93429778558631,2.3275509221062847
19,10.301339285714285,183.64310515873015,28.097860233330955,2.223020192071571
19,41.64905149051491,186.3681941364868,56.57203109478688,2.592362104860892
19,72.83210520349166,183.9600952272985,61.471037975747116,1.9860838706595543
19,132.9284332688588,183.89983420834486,50.43956159941703,2.5366123821757114
19,138.14273388389006,185.27203254036732,56.537187518108645,2.1533330387150955
19,181.80637813211845,177.51936218678816,27.533394291143505,2.36936321412017
19,208.46271563717306,184.07109070673346,50.09112583263465,1.8397408486109554
19,226.40354019597513,184.25624275629545,66.14007725063098,2.3136134914349893
19,281.4878909005408,183.6823418763226,59.27589264501813,2.752642557580786
19,457.2853019995877,183.8771387342816,33.80523809322631,1.9303341479743736
19,17.66631486367634,185.46596306068602,39.61714668315637,2.216051476735924
19,54.01628590816557,182.4462791223705,30.808690498897857,2.1393956080438006
19,61.366520559382174,185.5896472552703,33.38711517308745,2.7874861342590234
19,84.72442588726514,186.02251714882195,46.73220504085253,2.0139587320021444
19,195.20168721609343,184.41310837118755,53.69395166116444,2.125458177372505
19,247.13252698660423,189.28443230589153,53.58245221579408,2.5157062361687688
19,307.4566528066528,185.8172557172557,67.03904152892952,2.4738939441548835
19,108.62328708826283,186.04315260873267,81.87543647852317,2.2927073454280467
19,148.21521739130435,186.31304347826088,28.850481489580893,2.0278961626734398
19,156.85952231301067,185.78912633563797,22.174452198030533,2.3414883527775796
19,189.40374360648602,185.9385134399826,64.03552521926541,2.174239184722038
19,198.65421634822582,184.4798161183738,48.509227451442655,1.909428001967431
19,233.30410577592207,186.11499652052888,40.05617574930217,2.383300644791465
19,269.9462431276726,183.8017715332926,22.815574008910108,2.132426892708153
19,295.057410351528,186.5474297827239,39.44989751510083,2.118489462036858
19,313.5852788104089,186.04297397769517,46.864610632229834,2.606299535532187
19,399.91442643135645,185.5079006772009,33.95854983061055,1.9442715786456688
19,406.81066336019836,184.70663360198387,56.20268918199756,3.0104850249997455
19,92.46520898767818,187.22445035032615,57.68702554849049,2.7735487035877284
19,225.40681079553482,187.16235693090292,49.31759843037777,2.3136134914349893
19,324.6391093474427,187.15388007054673,31.610092762497327,1.7143039725692995
19,351.87688155755995,187.0019576993612,4278.693654072902,254.6995768025826
19,360.0455740179459,187.0029686245852,2908.497876062543,188.9358101800766
19,368.3962386770381,186.99430769128224,2090.9909113223925,130.30103934593805
19,374.770903277791,186.99412466555788,2698.3702025467624,159.12364597417636
19,385.0776431740538,187.00184694631406,3414.6565770366324,197.01255125409213
19,430.3797516352261,186.8958195089582,73.51297807574609,2.2021140460646285
19,474.3147405202537,185.73469651870067,53.847263398548684,2.2787699147567517
19,498.81870652656505,187.43066449607815,47.08760952297055,2.2021140460646285
19,96.59823202224871,185.89908621374653,70.16102599929962,2.3484570681132273
19,256.43373757238066,188.97956954004152,63.7846514671821,2.3902693601271126
19,476.74840686274507,187.7984068627451,56.86471713888408,2.2787699147567517
19,15.88424988315937,188.96712883626734,44.73218373952168,2.216051476735924
19,125.90632911392404,189.3662447257384,49.54756603645414,2.4808626594905308
19,133.85149558571618,187.48543945183818,52.885580682229325,2.4251129368053506
19,466.41887388177514,190.19365023680055,39.728646128526734,2.3414883527775796
19,71.02824478816409,188.58832100425914,62.17487822464752,2.5366123821757114
19,231.06948313215722,190.3732590529248,45.03183849895452,2.4251129368053506
19,421.5205773955774,190.2257371007371,22.69013713286845,1.7491475492475372
19,12.675336884989033,194.41773738639924,44.47434127210272,3.4843576678237795
19,61.52710495963091,190.52047289504037,24.167504784025734,2.271801199421104
19,75.5458744823192,189.81490920675375,43.74959487719537,2.592362104860892
19,223.48779069767443,190.74520348837208,47.9447615092552,2.65508054288172
19,264.5912293488824,190.43355199222546,57.366464643050705,2.982610163657155
19,312.44735249621783,191.0,46.06320836863036,2.2369576227428665
19,315.511147473921,191.85559419104112,34.070049275980914,2.2369576227428665
19,455.78281889178135,191.59724804760134,37.47775107511257,2.5505498128470063
19,489.3062634989201,190.84682505399567,80.66288001012049,2.411175506134055
19,19.48775952897428,192.46033467616982,44.97608877626934,2.2787699147567517
19,33.21649484536083,192.06428138265616,57.457057942414124,2.418144221469703
19,170.00182634297843,191.9953470051659,4918.3938470240055,276.3931876424535
19,472.0156873930405,189.58956075299486,48.86463193356068,2.3275509221062847
19,32.35085752718305,196.07678511377648,62.16790950931187,2.418144221469703
19,214.59477340390342,193.21402580218327,21.06642645966257,2.0627397393516773
19,238.4411509793725,195.32986652799445,40.20251877135077,1.7421788339118898
19,291.83624331174315,191.73373697549985,49.491816313768965,2.118489462036858
19,92.80513051305131,194.29241674167417,61.937941903235505,2.1463643233794483
19,113.66220809121806,194.57186711983334,63.56165257644138,2.3623944987845222
19,230.07341597796145,195.4297520661157,50.592873336801276,2.4251129368053506
19,326.9158065168994,193.912973082372,34.432422473434585,1.958209009316964
19,446.843874331184,192.51735491837016,50.79496608153506,2.759611272916433
19,463.5810100548446,194.3294104204753,60.990196617587436,2.0975833160299153
19,496.02447108603667,193.64485190409027,98.81638345948238,2.8153609956016137
19,22.814967105263158,194.87390350877192,50.84374708888459,2.2787699147567517
19,107.21672396856582,194.58644400785855,56.75321769351372,2.36936321412017
19,131.91719139836047,191.67791374599025,58.6556769801455,2.4251129368053506
19,194.42297650130547,193.85718015665796,53.3803594710603,2.383300644791465
19,201.6790718698207,194.97770076841945,46.25136368269285,2.167270469386391
19,245.82573053021287,194.49014941160914,52.704394083502486,2.5157062361687688
19,406.95630420280185,192.91883477874137,62.676625728814145,3.045328601677983
19,487.393956196285,194.81230939839202,50.272312431361485,2.229988907407219
19,51.546796959826274,195.81889250814334,32.09093412065701,1.9721464399882591
19,83.53949678174371,197.4518724400234,47.63813803448671,2.229988907407219
19,100.435209771641,195.5573552841211,52.48836390809741,2.3972380754627602
19,143.04463297676133,193.13525144473135,56.6765618248216,2.118489462036858
19,148.4203133441383,196.09049162614804,51.59636834513452,2.1881766153933335
19,273.61180034622043,196.09189267166764,48.30713470670888,2.306644776099342
19,277.13911165946945,195.68090684762493,45.18515023633877,2.306644776099342
19,300.49650698602795,194.9316367265469,55.86122213055083,2.209082761400276
19,420.1761312652224,196.4918600179464,54.362948333386605,2.5157062361687688
19,431.5224399860837,196.13092891105183,60.0912323392889,2.306644776099342
19,59.30119634060521,198.16903589021817,49.5127224597759,2.982610163657155
19,63.158632016230314,199.03661481982417,72.13317243928788,2.982610163657155
19,110.36377860355955,195.42910228828475,71.26208302233194,2.36936321412017
19,250.48703071672355,197.51143344709897,40.83667186689469,2.2021140460646285
19,258.2755623721881,196.98026584867077,68.15403598263312,2.223020192071571
19,454.6992844710888,197.08102881454263,36.035227000633526,2.0627397393516773
19,463.7589823468328,198.32544132917965,67.10872868228599,2.1881766153933335
19,38.28145039057946,197.67377871050485,59.77067143384911,2.0557710240160296
19,243.00903367095538,198.07007938680536,50.91343424224107,1.7421788339118898
19,269.7855830388693,198.37498233215547,49.30366099970648,2.257863768749809
19,4.78685208596713,194.7329962073325,55.12253830497219,2.0488023086803824
19,89.24882849109653,197.58235707591376,59.48495410508756,2.167270469386391
19,115.23796626861997,198.44404776560384,56.60687467146512,2.459956513483588
19,199.0426362896664,196.66720911310009,42.822755737554246,1.881553140624841
19,230.41517797179316,198.61773002014775,51.88208567389607,2.4251129368053506
19,336.08210526315787,196.53344129554657,43.031817197623674,1.7143039725692995
19,438.9651671974522,194.77438296178343,70.02165169258667,2.466925228819236
19,182.324078748107,198.99158674070335,41.41507523975344,1.9721464399882591
19,359.59936089474735,200.57639304973037,34.89235768558733,2.0278961626734398
19,388.4037656903766,200.68723849372384,6.662091860879066,1.672491680555414
19,423.98595595276095,198.97286945419725,65.4989554397514,2.6829554042243102
19,16.309716035634743,201.87179844097994,50.063250971292064,2.4529877981479404
19,118.96874738865213,202.50296649118408,83.39461642169434,3.0035163096640978
19,281.24392466585664,197.72205346294047,45.882021769903524,2.306644776099342
19,291.4028079889262,200.59007316590865,35.2407934523697,2.0906146006942676
19,319.7207430340557,201.2546439628483,45.01790106828323,1.860646994617898
19,475.4627688913403,200.84022798308513,37.90284271058707,1.8745844252891932
19,75.0627625401532,202.32468495181615,56.40478192673134,2.2927073454280467
19,83.36583086746613,201.48637283912163,44.74612117019297,2.0627397393516773
19,147.52555685814772,202.03739742086753,59.44314181307367,2.3902693601271126
19,353.9001593202337,201.79766330323952,39.366272931073055,2.216051476735924
19,125.76863932898415,201.8962022367195,59.81945244119864,2.125458177372505
19,278.2320617620345,201.7061762034514,15.345111169095924,2.2787699147567517
19,445.8401671454688,202.5254635675111,26.683211020194502,1.6864291112267091
19,502.112815269257,204.4366053169734,40.892421589579875,2.1951453307289808
19,6.544369369369369,204.26418918918918,30.94109609027516,1.7770224105901276
19,137.0119557458958,202.60653104925055,39.05268074096892,2.167270469386391
19,189.4745466756212,203.41087978509066,51.88208567389607,1.9860838706595543
19,324.49044166117335,203.96802900461438,42.28616465670939,2.1951453307289808
19,346.2542633491753,205.29466032988537,49.854189511222636,2.355425783448875
19,356.86367763904656,204.2810442678774,61.394382107054994,2.383300644791465
19,380.9761350407451,204.1501746216531,23.94450589328501,1.7491475492475372
19,104.74502115364771,204.87968217934167,67.53382031776049,2.3484570681132273
19,155.58115697837687,205.47865768042683,49.63119062048191,2.411175506134055
19,167.12421159715157,209.43133265513734,68.5024717494155,3.268327492418705
19,194.72927024859663,204.92237369687248,43.44994011776253,2.4738939441548835
19,242.8245080787074,203.4468085106383,43.561439563132886,2.5017688054974734
19,253.81552898830185,201.81552898830185,54.20963659600236,2.794454849594671
19,452.01241970021414,202.40256959314775,32.5439006174741,2.0139587320021444
19,47.8803794133146,206.24890216054803,39.67289640584155,2.306644776099342
19,55.531080199956534,207.0709628341665,64.12611851862883,2.648111827546072
19,74.73476128515664,205.83324992493243,69.62443491845475,2.2927073454280467
19,94.85905172413793,203.7014367816092,48.50225873610701,2.3136134914349893
19,118.17116920048124,205.46013343541506,63.714964313825625,3.0035163096640978
19,150.5124797988867,205.42557012030886,38.808775704221254,2.411175506134055
19,459.61498311329444,205.9616211237335,22.6971058482041,2.320582206770637
19,494.7854284761587,205.8991330443481,41.798354583214056,2.3136134914349893
19,27.872386641325008,206.85012218300298,51.331557162379916,1.881553140624841
19,64.52848484848485,206.99916083916085,74.73947197482006,2.4738939441548835
19,368.4083674945744,205.97226911020016,57.79852499386085,2.271801199421104
19,399.7844158355665,206.79570590564595,1513.479534026608,103.89657693916945
19,408.1045371815575,206.87864304012587,3870.961088499499,237.1105392954082
19,39.48829002245749,205.64955619719817,65.16445710364032,2.3902693601271126
19,108.09391876027236,206.54895515379198,59.359517229045906,1.9791151553239066
19,191.57477211135748,208.0590046809559,56.57203109478688,2.2787699147567517
19,208.87342931098038,208.0008855160034,3478.392447496465,207.08234491410286
19,217.15657129624864,207.99076313487367,2708.46090235278,164.83102383407171
19,422.1861216730038,206.90475285171104,36.65544266550616,2.4390503674766455
19,70.80057768684559,207.7329401853412,57.90305572389556,2.0139587320021444
19,320.13148322780546,209.04216624006466,51.72877393651183,2.020927447337792
19,502.5261451155249,208.63903526550467,34.38364146608505,1.9024592866317835
19,67.5739265161576,207.58211598052236,62.96931177291134,2.0975833160299153
19,231.48164008136175,205.80269778396317,65.09476995028385,2.6829554042243102
19,305.08480749219564,207.6235691987513,53.57548350045843,2.1393956080438006
19,312.46994794131564,208.52314245149077,73.62447752111646,2.6620492582173676
19,472.4546786004882,210.21643612693248,42.822755737554246,1.909428001967431
19,124.6286312483643,210.2020413504318,26.62746129750932,1.8467095639466031
19,295.2406534715677,211.57398680490104,22.18142091336618,1.8954905712961359
19,335.87597993101286,211.0131702728128,44.44646641076013,2.0766771700229723
19,357.9891803906549,210.5478743776331,72.7812629655031,2.6272056815391296
19,476.4343181218676,211.21867581113162,52.83679967487979,2.0627397393516773
19,487.62075941487706,211.20074696545285,44.78096474687121,2.125458177372505
19,46.57748686272702,213.0426846132571,75.58965524576907,2.94079787164327
19,145.849671155653,212.1107109301597,44.50221613344531,2.2787699147567517
19,157.5497996565541,210.94352222858234,73.04607414825772,2.320582206770637
19,192.49539594843463,211.96075931435047,49.19216155433612,2.181207900057686
19,324.4547288776797,211.91034047919294,55.26191261168514,1.958209009316964
19,462.92245989304814,213.4456885026738,41.70079256851499,2.3414883527775796
19,496.2017937219731,213.37780269058297,37.29656447638573,2.181207900057686
19,95.34490055014811,212.06813372831147,16.46707433813518,2.0906146006942676
19,134.1501976284585,213.24733961690484,45.840209477889644,2.209082761400276
19,272.6513312569542,213.0459038068502,1496.8591479510887,88.36331045601105
19,283.08976330367636,212.99794191707235,2075.6318627226256,118.97687692551077
19,342.5847745959739,213.49007655231074,49.157317977657875,2.0766771700229723
19,345.7677627040699,213.31650954242355,60.61388598946247,2.2927073454280467
19,361.53118921021917,215.1180132278563,53.73576395317833,2.6272056815391296
19,33.20931052724387,214.1943219890672,39.519584668457306,2.034864878009087
19,180.0971590909091,213.87397727272727,61.32469495369852,1.8397408486109554
19,266.0521803888659,213.9740904278525,2507.81068169348,143.0677258408444
19,314.51545464763404,214.43126896706755,62.00066034125633,2.383300644791465
19,24.60374602629092,212.82283701348913,81.10887779160194,2.7108302655669
19,37.15410497981158,215.26958277254374,51.77755494386136,2.1881766153933335
19,44.42798110979929,215.30676898858718,70.83002267152179,2.6132682508678347
19,61.30890835291604,215.05864131595814,65.24111297233244,2.7387051269094904
19,324.2609271523179,215.0951434878587,63.13656094096688,2.571455958853949
19,365.1703398265321,214.94938148727428,49.01097495560928,2.9268604409719745
19,72.65051020408163,215.31275510204082,54.634728231476856,3.2962023537612954
19,139.8655033557047,215.43637583892618,51.91692925057431,2.696892834895605
19,301.1108567691301,216.05935251798562,42.62066299282047,2.3972380754627602
19,306.9661791590494,217.3235831809872,45.74264746319057,2.446019082812293
19,433.15588790131767,215.98713134617932,1946.7872848818376,108.55864749871766
19,439.74428492624673,215.99860660376683,1945.4841351140715,116.92110590149474
19,448.1752291150506,216.01833882568013,1448.5520132443799,87.36678416301345
19,459.31559329053636,216.07599917167116,33.65192635584206,1.6864291112267091
19,499.57825128581925,215.9811413176586,56.90652943089796,2.181207900057686
19,198.74141555711282,216.89605232422332,29.8330703519072,2.5784246741895966
19,387.1603330483611,220.24089750007013,4719.6251795053295,201.76521511300376
19,409.93131492631835,217.04131464274573,3686.2065075208106,223.11039018609225
19,473.7977114041893,217.19142746314972,35.930696270598816,1.9791151553239066
19,40.498888888888885,217.5825925925926,56.446594218745226,2.1881766153933335
19,51.655188176138964,218.2515617857687,45.73567874785493,2.446019082812293
19,80.7150153217569,218.07699182839633,54.57897850879168,2.0557710240160296
19,133.59997004642804,217.56866856372622,46.53011229611875,2.7247676962381955
19,312.997106943336,217.58379888268158,69.85440252453112,2.383300644791465
19,422.14163424124513,217.51906614785992,8.954799206307113,2.034864878009087
19,466.8299683775237,216.46144490391632,28.648388744847114,2.6829554042243102
19,43.672837569291914,218.76226336157305,66.6278873241263,2.125458177372505
19,168.84248695498363,219.22057132749623,78.79526430016695,2.1393956080438006
19,179.0801975540922,219.16274694261523,59.26195521434684,2.0418335933447347
19,219.95518334087822,221.23313716613853,46.18167652933637,2.034864878009087
19,490.5444402420575,217.69856278366112,36.85056669490429,2.5296436668400637
19,149.54379124175165,220.27999400119975,46.46739385809792,2.5017688054974734
19,157.5639870223504,220.52847873107427,38.66243268217266,2.383300644791465
19,165.5158553399088,219.45710043482873,65.70801689982083,2.181207900057686
19,482.6200063918185,219.80472994566955,43.61022057048242,1.9303341479743736
19,26.52338833134887,221.33594148664739,40.969077458272,2.160301754050743
19,61.900949598246896,220.69525200876552,47.70085647250754,2.383300644791465
19,153.12738488021805,220.58499497919954,48.57891460479913,2.5017688054974734
19,233.7847302951881,221.00130504882847,2200.0025253179274,137.55547201034716
19,241.95276585770438,220.9952598175327,3864.988899456849,242.99213503869473
19,251.14514286646758,220.9953574517387,4270.49844483818,253.4382393268304
19,347.1655918057663,221.0633535660091,73.47813449906786,2.0627397393516773
19,458.4600334049153,219.55285134812695,29.20588597169892,1.721272687904947
19,13.683583457440715,218.8839500515523,60.82991616486754,2.905954294965032
19,46.862227074235804,222.34399563318777,63.833432474531634,2.446019082812293
19,379.5186040015877,222.17185363774018,1422.0987698302617,100.60037458540816
19,67.40278988666086,223.3570183086312,47.9586989399265,2.0975833160299153
19,72.13017671657899,223.98934304600027,51.65908678315535,1.958209009316964
19,76.27049679975617,222.78649801889668,45.72871003251928,1.9791151553239066
19,80.85197889182058,222.89736147757256,52.822862244208494,1.9791151553239066
19,95.82666128847868,222.99469155588534,3230.703398321544,198.0369524084323
19,104.1850760028467,222.99529235517724,4474.939646640073,269.8356265116091
19,110.50413323502625,222.99714042011826,2410.1650424103864,146.56602093933947
19,119.17489293825247,223.00383320212515,1690.7288085888038,103.94535794651898
19,295.6875762753234,222.77373688064438,28.55082673014805,1.9373028633100213
19,394.346872742954,217.139831685552,2634.0559287140713,179.20051485617697
19,404.1224682914213,217.4978744629709,3394.956018782757,178.58029919130433
19,35.84045108071421,224.49138561136056,66.73938676949668,2.3484570681132273
19,170.42832091188075,224.42753178430513,79.4781984030604,2.223020192071571
19,194.05075283369987,224.33006259516156,41.192076349012716,1.7491475492475372
19,320.14337145277426,224.0283778060144,32.90627381492777,2.229988907407219
19,336.09646471284003,220.26008673938756,53.02495498894228,2.2021140460646285
19,506.34559710494574,226.35147768395657,46.216520106014606,2.592362104860892
19,31.36860318791946,225.1190226510067,66.45366944073511,2.1951453307289808
19,42.741602067183464,224.53628337639967,64.72542803749452,2.446019082812293
19,277.57570162481534,224.62666174298374,18.87128112893359,2.8014235649303187
19,367.1214377406932,224.91193838254173,27.14314623234724,2.2369576227428665
19,486.7438386145209,228.20296888381387,73.23422946232019,2.209082761400276
19,498.51299520565226,226.42997728993186,27.617018875171276,1.6446168192128239
19,5.1615883841161585,226.41260587394126,63.352591116371954,2.0069900166664967
19,51.04937228392081,224.4963785610816,57.728837840504376,2.2927073454280467
19,144.850625989351,226.14635199309254,48.42560286741489,2.404206790798408
19,148.8998429593439,227.55051474437272,39.93770758859616,1.9512402939813165
19,184.87303370786518,223.83696629213483,62.02156648726327,2.0975833160299153
19,208.58579616693535,222.7625828407666,77.81267543784064,2.0069900166664967
19,282.5311804008909,225.00612472160356,12.515812742823016,1.832772133275308
19,490.295187493614,227.47838970062327,68.20281698998265,2.2508950534141614
19,136.48048838879578,226.9250658367249,29.108323956999854,1.7979285565970702
19,160.8285185712253,227.04440017076988,48.96916266359539,2.5784246741895966
19,287.9824046920821,226.72434017595307,11.881659647279088,1.9024592866317835
19,359.7328192640693,224.19142316017317,51.512743761106755,2.2439263380785137
19,477.0536221060493,224.02763256161313,46.655549172160406,1.9373028633100213
19,58.74678747940692,228.19538714991762,42.30010208738068,1.6446168192128239
19,157.86193873268988,227.98279479647502,49.819345934544394,2.5784246741895966
19,444.42437923250566,227.13995485327314,27.784268043226817,1.7282414032405946
19,321.9395170390431,228.57278266756938,30.878377652254333,2.0557710240160296
19,329.57661730319563,226.75713172252534,44.70430887817909,2.808392280265966
19,425.11401977894127,229.11881908086096,47.91688664791261,1.9721464399882591
19,8.530270559871418,228.6019287436378,52.028428695944676,2.0069900166664967
19,77.14386547643761,230.95785758771018,33.56830177181429,1.881553140624841
19,478.91722923393013,231.45142353977107,23.742413148551233,1.958209009316964
19,21.012505042355787,227.5434449374748,86.3772265853515,2.745673842245138
19,126.0831541218638,233.8346475507766,29.164073679685032,1.8188347026040128
19,415.97962200401224,233.27673952064197,66.00070294391803,2.160301754050743
19,451.08689407540396,234.3874326750449,38.8157444195569,2.411175506134055
19,65.42295823904547,233.459576218885,33.874925246582784,2.034864878009087
19,70.303629823414,231.45029431000654,42.62066299282047,1.9163967173030787
19,226.98244587478058,233.41544763019309,11.909534508621677,1.8676157099535458
19,464.0137768155875,232.63904743160796,35.40804262042524,2.9129230103006796
19,23.820844427538987,234.3242043869659,54.96225785225229,2.5366123821757114
19,39.5152944347123,233.51300363832368,51.71483650584053,2.1951453307289808
19,82.57578616352201,234.18537735849057,44.32102953471847,1.881553140624841
19,136.7579308373821,232.78679622749357,24.383534959430808,2.0627397393516773
19,145.87277011107372,234.1006395153147,41.408106524417796,2.3972380754627602
19,250.99420885311122,233.991888056418,2249.041375134879,125.48565704900558
19,269.1492790500424,228.74074074074073,24.648346142185414,2.0557710240160296
19,390.1584863837872,236.0880303989867,44.014406059949984,1.7630849799188324
19,402.59879789631856,235.26618010089084,64.9275207822283,2.5296436668400637
19,420.68740300051735,233.71779617175375,53.882106975226925,2.034864878009087
19,455.84652719665274,231.91849372384937,41.63807413049416,2.759611272916433
19,152.86427732079906,234.67068155111633,23.72150700254429,2.0418335933447347
19,323.5788317962231,235.3076416337286,31.73552963853898,2.0906146006942676
19,504.9287689414888,238.0853887844265,63.004155349589574,2.167270469386391
19,52.99087493290392,238.04111647879765,64.91358335155701,2.125458177372505
19,411.50471111111113,236.20115555555554,78.39804752603503,2.5784246741895966
19,434.26625359979056,237.32280303691422,79.85450903118537,2.808392280265966
19,464.3227504244482,235.65127334465194,41.04573332696412,2.9129230103006796
19,64.00839431769263,236.91842445114077,32.37665144941856,2.034864878009087
19,443.2500555185432,237.9392627137464,62.76025031284191,2.034864878009087
19,474.76632762312636,237.2801124197002,52.070240987958556,2.0627397393516773
19,13.788577955454027,237.59531696173616,61.01110276359437,2.3136134914349893
19,211.0005186508492,237.9888181346681,3385.9315324230934,188.59434312862987
19,382.1987199024688,237.5544041450777,22.86435501625964,1.7003665418980043
19,487.60359801488835,238.86517783291976,33.70070736319159,2.1463643233794483
19,501.0032414910859,236.96663965424096,51.59636834513452,2.167270469386391
19,4.215627552409474,237.71521916689355,25.596091427833482,2.571455958853949
19,25.66290083304804,237.67237247517974,61.06685248627956,2.5366123821757114
19,88.24863563402889,242.46195826645265,43.41509654108429,1.9721464399882591
19,266.59656992084433,239.1622691292876,26.411431122104247,2.229988907407219
19,289.6011610225949,241.58049349817176,2740.614554911458,164.0853712931574
19,348.0177146364992,239.40403307806622,2940.177655978397,191.02642478077087
19,191.06253533448248,240.0627886189685,8061.423837707767,314.8883711565706
19,325.2575513491744,238.13975030205395,34.60664035682578,2.118489462036858
19,339.9279024622264,240.01846114346515,8468.389844594249,456.6877908063271
19,354.8176470152771,239.93673981547056,2824.0509836251663,186.852164294718
19,363.1211430924961,239.9579165808608,4399.140929934234,266.218863252408
19,465.43639921722115,239.9494751823519,39.171148901674925,2.0278961626734398
19,35.49763269374533,240.60777473212062,27.965454641953652,1.9721464399882591
19,42.47898477157361,241.40324873096446,34.32092302806423,2.209082761400276
19,163.85435386861562,240.99614777230568,3274.3066501766907,194.28778355785394
19,426.1732596968919,241.5470074492679,54.258417603351894,2.5505498128470063
19,452.4233875687697,243.59967224628352,59.53373511243709,1.9233654326387262
19,62.51504466384579,241.92830277385988,29.644915037844715,2.034864878009087
19,68.79788281634663,241.32077794190053,28.306921693400383,2.0000213013308494
19,73.28184028427155,241.89265008415933,37.2617208997075,2.0000213013308494
19,103.99458751778577,241.99935646516352,4721.3603896239065,263.34775253412124
19,177.91636352441984,241.56221812901802,6791.11762531858,304.3377361384002
19,234.3373338623289,240.60702241618728,70.25858801399869,2.2857386300923994
19,387.1932731747334,238.55816242821984,42.47431997077187,1.8467095639466031
19,472.6089710444674,240.1114270941055,53.909981836569514,2.0627397393516773
19,136.16177677472302,246.07396389002872,67.9310370918924,2.174239184722038
19,227.90619026613734,242.46875459491253,47.394232997739046,2.2857386300923994
19,294.0363439304292,240.73036172348415,2436.8691595765877,82.18205995329166
19,311.12372685978227,243.01099122555993,3457.9741115630177,203.38892578620965
19,394.9863272727273,242.57803636363636,47.90991793257697,2.5157062361687688
19,469.22566628041716,240.7175550405562,48.11201067731074,2.0627397393516773
19,12.584180596243321,244.4528692055833,40.439455092762785,1.9930525859952017
19,244.00294051119656,244.57814973987786,30.808690498897857,2.0975833160299153
19,283.7979154677903,241.40670006140823,5413.0820425556185,237.83528569031552
19,302.879937710321,243.92121528870305,1306.7107813026093,91.38773291168208
19,420.8736936398925,242.10943565243358,46.67645531816735,2.0557710240160296
19,444.0979067302597,244.07114467408584,52.599863353467775,1.8676157099535458
19,6.9626101024627,246.00017975912277,38.76696341220737,2.2508950534141614
19,57.6893856779353,244.7639040348964,38.341871776732866,2.2439263380785137
19,81.07192887931035,244.84496228448276,51.735742651847474,1.8954905712961359
19,224.21925272444213,246.01024909185261,53.714857807171384,2.08364588535862
19,247.777809307605,245.93473325766175,24.557752842821998,2.125458177372505
19,20.47589936515401,246.18645661885728,29.637946322509066,2.3902693601271126
19,267.5254869457107,245.7459593866556,33.63102020983512,2.5017688054974734
19,432.4911099949774,244.97458563535912,69.37356116637145,3.4355766604742466
19,123.27322665392883,245.65894435156437,29.178011110356326,2.3414883527775796
19,71.9328530259366,248.2278097982709,48.36288442939406,2.6829554042243102
19,325.40397838899804,249.5650785854617,28.37660884675686,2.034864878009087
19,452.45190280705646,247.95839343170977,62.809031320191444,1.958209009316964
19,13.007972097658197,248.9951835243315,41.95863503593395,2.4390503674766455
19,204.640350877193,249.5663157894737,19.86083870659554,2.2508950534141614
19,214.3654860587792,249.42049736247174,9.24748525040431,1.881553140624841
19,234.54340124003542,252.41036315323294,78.67679613946093,2.6829554042243102
19,262.4054054054054,246.5518195360715,32.74599336220788,1.9860838706595543
19,467.5320761367642,251.3119492421572,39.54049081446425,1.9373028633100213
19,473.6797771775827,250.12559081701554,41.282669648376135,2.36936321412017
19,29.132422360248448,249.69465838509316,28.049079225981423,2.4251129368053506
19,62.64064015518914,249.56328806983512,28.73898204421053,2.1533330387150955
19,92.61584327086882,249.86350085178876,32.72508721620093,1.8676157099535458
19,154.37176311641522,251.32650303985588,30.94806480561081,1.8397408486109554
19,461.81164807930605,248.09293680297398,61.861286034543376,2.8292984262729086
19,488.1102549575071,249.6700283286119,61.498912837089705,2.4251129368053506
19,46.78674078091106,246.79962039045554,51.40124431573639,2.3902693601271126
19,329.93728895320794,254.50337674867342,57.784587563189554,2.6829554042243102
19,353.8225204816286,251.08473808341608,2245.5988297590693,142.5868844826847
19,362.4669861141886,251.04296661496417,3773.977477173292,219.37515876618514
19,377.1058828459627,251.00316221959528,3990.976304010021,234.0373358323876
19,453.35946536434903,251.12646189435804,54.22357402667365,1.958209009316964
19,168.30125819599505,255.5158603579656,39.324460639059176,1.9163967173030787
19,390.92707563439274,252.36856368563684,28.28601554739344,2.5505498128470063
19,502.5288330558499,250.85288330558498,46.04230222262342,2.0906146006942676
19,18.749805245390807,252.97585042846015,53.6730455151575,2.2996760607636944
19,54.56044531761624,254.00013097576948,53.20614158766911,2.6899241195599575
19,117.98757396449705,253.37130177514794,23.554257834488748,1.8258034179396603
19,126.41337688156774,253.51917069014485,49.07369339363011,3.0174537403353927
19,44.42798353909465,258.3245006524139,69.42931088905662,2.5993308201965393
19,270.2848291025385,254.73915650609635,34.86448282424474,1.6794603958910617
19,338.59877313370765,255.92160532335205,67.02510409825823,2.209082761400276
19,482.19745981345505,255.06608454058346,35.11535657632805,2.36936321412017
19,497.35767822903955,254.37998954157226,39.97951988061004,1.8258034179396603
19,6.152604828462516,253.49885641677255,54.843789691546284,2.5644872435183017
19,131.6328798938288,258.39266755142665,42.007416043283484,2.411175506134055
19,320.2394220846233,254.4731682146543,27.01074064096994,3.0104850249997455
19,86.26086138800075,256.2947150648862,37.05265943963807,1.909428001967431
19,137.4215053763441,256.4220430107527,25.92362104860892,2.2439263380785137
19,179.51302576044245,256.14073642846745,47.88204307123438,2.020927447337792
19,311.9390291262136,256.3860194174757,17.944441989292464,2.0069900166664967
19,404.00487066412165,255.01222646987145,3917.4006074962545,222.87345386468022
19,419.06097690812,256.0084458228969,4974.575630059996,286.30966956507996
19,489.4446109654053,255.77619582864992,55.798503692530005,3.0104850249997455
19,108.50911205893757,258.3326870880186,35.94463370127011,2.0418335933447347
19,118.09447931755996,257.2955094157412,43.29662838037828,1.958209009316964
19,257.90101090981887,257.5674106696026,69.62443491845475,2.432081652140998
19,279.0471464019851,256.6721020914569,19.65874596186176,1.8118659872683653
19,464.7541929862775,257.1841646700065,63.986744211915884,2.5296436668400637
19,147.96450051342234,258.0709989731553,47.50573244310941,2.404206790798408
19,451.377413597274,257.44426415706636,42.94819261359591,2.1951453307289808
19,460.8924421307056,256.71237333829134,74.96247086556079,2.2787699147567517
19,480.4957036471262,257.9240022913882,36.49516221278626,2.36936321412017
19,28.558467081559122,258.78119882083195,42.550975839463995,2.696892834895605
19,75.74012064508187,258.06536993721534,56.60687467146512,2.229988907407219
19,237.927919888955,260.41512988300616,70.28646287534127,2.118489462036858
19,246.1026748005631,260.3230408259033,74.25166190132474,2.7735487035877284
19,388.37454665347843,258.2232113419057,21.136113613019045,2.216051476735924
19,442.08721344880286,254.5687213448803,68.39794101938078,2.257863768749809
19,498.4310002833664,258.9079059223576,49.18519283900047,2.3484570681132273
19,63.12724400402126,259.17722246158263,48.52316488211395,2.209082761400276
19,93.51040634291378,260.53055830855635,21.094301321005158,2.0000213013308494
19,123.87429178470255,261.12334749763926,59.038956323606115,2.1115207467012103
19,282.5062545989698,256.7088545499142,28.411452423435097,1.8118659872683653
19,298.0053288677042,259.99499157302506,4523.434936660844,252.7204616472587
19,432.4436418931762,256.4282455806881,36.6624113808418,2.132426892708153
19,474.8377890580936,259.64263959390865,61.77766145051561,2.6829554042243102
19,99.95133863965268,261.25253256150506,38.523058375459705,2.99654759432845
19,129.48315341838403,261.120379456984,42.60672556214917,2.411175506134055
19,202.88763743373946,261.0280110809697,3634.9864498038014,214.55280775391702
19,503.3716509775525,261.3385228095583,76.99036702823423,2.7108302655669
19,196.30645233029645,261.9441944594765,1880.1175852656975,105.13003955357907
19,213.18666492704654,262.0047810068862,3151.29488707184,184.9636424387575
19,219.71400551639596,261.99730954723617,2160.1972233207084,121.11627253355456
19,240.85748898678415,261.49625550660795,63.27593524767983,2.118489462036858
19,256.5208854921597,262.0221373039926,52.885580682229325,2.223020192071571
19,312.5176659528908,262.48822269807283,39.05268074096892,2.069708454687325
19,15.905296784830998,262.96022258862325,67.6244136171239,2.466925228819236
19,85.48548972188634,263.04806529625154,46.10502066064425,1.8954905712961359
19,323.75046661880833,263.41679827709976,48.537102312785244,2.648111827546072
19,457.78104415711147,263.5036594291291,57.12952832163869,2.0975833160299153
19,481.87268287268284,266.5181485181485,62.781156458848855,2.6759866888886625
19,489.07280080889785,264.5060667340748,41.35235680173261,2.703861550231253
19,51.62575397550722,263.49488210564795,76.25168320265558,2.5366123821757114
19,138.60025115110926,260.5276266220176,33.29652187372403,2.125458177372505
19,233.05241169768325,264.2676288137739,55.04588243628007,2.132426892708153
19,265.6676642226545,262.8916654197217,46.57192458813263,2.508737520833121
19,334.10377648142463,265.2655818237642,45.3942116964082,2.6899241195599575
19,337.85310957551826,263.6535044422507,35.296543175054886,2.6899241195599575
19,342.2123463460759,263.45873294610294,51.589399629798876,2.6899241195599575
19,383.28203713918,266.1787093215665,37.90284271058707,2.118489462036858
19,21.67703191839421,264.9766370516617,42.355851810065865,2.132426892708153
19,57.64713804713805,263.63299663299665,41.3941690937465,1.9233654326387262
19,74.90150446638458,264.92994828396803,29.644915037844715,2.5784246741895966
19,108.87108143201633,263.7267668336116,37.56834437447599,2.2369576227428665
19,167.38079311992357,265.16889632107024,29.17104239502068,2.0418335933447347
19,175.5141855275741,264.72983742429074,43.72172001585278,1.8954905712961359
19,181.30206272958463,267.1109070358858,49.32456714571342,2.3763319294558176
19,254.09867806115636,266.20563493123245,52.188709148664564,2.223020192071571
19,279.92501883948756,264.84155990957044,36.98994100161724,2.034864878009087
19,330.4988614183474,265.97495120364346,42.84366188356119,2.0975833160299153
19,392.7602668334376,265.83552220137585,33.42892746510134,1.8467095639466031
19,473.5790907186256,265.81122983448563,33.2616782970458,1.8954905712961359
19,39.31678951678952,267.021294021294,42.54400712412834,2.3623944987845222
19,102.44649233959221,269.13466190531045,60.49541782875646,2.703861550231253
19,121.42135416666666,267.1528645833333,53.51973377777325,2.0975833160299153
19,347.4399944180854,266.53837566285233,49.9378140952504,2.8153609956016137
19,404.41337464497803,268.17815646785436,26.989834494962995,1.9442715786456688
19,7.643616246906391,267.7711457271801,47.86810564056308,1.7700536952544799
19,23.517163939685595,268.23804940648057,43.44297140242688,2.1115207467012103
19,49.68103535099205,268.53479705911974,69.1923745676446,2.411175506134055
19,144.3057583130576,266.9399837793998,34.36970403541376,2.6620492582173676
19,367.7969837587007,268.0243619489559,36.04219571596917,1.9303341479743736
19,371.4562211981567,266.71570365118754,39.31749192372352,1.860646994617898
19,239.43500643500644,269.35315315315313,54.14691815798153,2.731736411573843
19,246.83053145336225,266.66657628344177,77.10186647360459,2.466925228819236
19,327.33709117938554,269.1236372646184,56.251470189347096,2.0975833160299153
19,465.4471133586178,264.7007163927518,82.68380745745829,2.759611272916433
19,118.36934552454284,268.95500481231954,28.961980934951253,2.0975833160299153
19,153.97369757286484,270.06956433431503,68.6209399101215,2.0627397393516773
19,158.53602048769625,270.03618750695915,62.586032429450725,2.669017973553015
19,336.58653846153845,270.46178500986196,28.265109401386496,1.9373028633100213
19,355.428418549346,270.10963139120094,58.60689597279597,2.020927447337792
19,84.21893959377473,267.6049854919546,52.83679967487979,2.383300644791465
19,125.03920994879297,270.65149963423556,47.63116931915106,2.2787699147567517
19,318.6030061892131,271.49115826702035,47.289702267704335,2.0906146006942676
19,441.9754615688331,270.9947640739453,4730.168845808164,268.2816029917597
19,500.5041243955627,270.60339433014127,73.4990406450748,2.3902693601271126
19,21.8158819395643,272.13334504567814,39.6659276905059,2.1115207467012103
19,58.13827757282788,273.42780816689987,54.78107125352546,2.522674951504416
19,63.42273878706601,272.4522425867978,46.76704861753077,2.4878313748261784
19,66.7972226869667,272.44169315710224,41.65201156116546,2.0069900166664967
19,108.59087767795438,272.290601243953,20.167462181364034,1.9163967173030787
19,135.20243407707912,271.4576064908722,34.35576660474246,1.8188347026040128
19,270.5964850200519,271.51698513800426,59.08076861562,2.2369576227428665
19,313.3385918784692,272.06470931931057,47.707825187843184,2.2996760607636944
19,418.14274438580304,272.00306768933825,4282.05954358002,241.9328903076763
19,424.80493439445024,272.008338383348,4162.817855471754,239.8074321303038
19,476.2059705970597,271.98229822982296,46.45345642742662,2.1951453307289808
19,396.5336236933798,271.9303135888502,40.000426026616985,2.0278961626734398
19,493.9599123081741,273.4962417788913,44.50221613344531,2.404206790798408
19,5.436746987951807,274.5517363571935,39.33142935439482,2.020927447337792
19,11.16209173036831,271.8057678943711,40.11192547198735,1.881553140624841
19,30.902131018153117,274.3756906077348,17.658724660530915,1.9860838706595543
19,46.12556368373585,270.52540334702877,69.540810334427,2.411175506134055
19,73.76869076869077,273.4889434889435,39.70773998251979,2.933829156307622
19,238.74343015214384,273.82180728446286,60.46057425207822,2.5993308201965393
19,350.4365037194474,274.7193145589798,52.46048904675482,2.4878313748261784
19,50.91834170854271,272.6275696665144,61.018071478930025,2.209082761400276
19,123.8955531155641,273.7094427669503,50.774059935528115,2.2787699147567517
19,147.9245984937846,276.37310588875783,76.80221171417175,2.216051476735924
19,261.12664640324215,273.67966903073284,41.268732217704844,2.65508054288172
19,304.3068493150685,278.5417808219178,30.522973170136307,2.034864878009087
19,321.9024667500284,273.42991929066727,61.303788807691575,2.0906146006942676
19,353.41287421866434,273.8945059765325,63.547715145770084,2.020927447337792
19,18.399107939339874,276.692952720785,39.05964945630457,1.7979285565970702
19,249.63999551116598,276.5899450117832,62.09822235595539,2.257863768749809
19,399.91256469551814,277.0884263847594,63.28290396301548,2.167270469386391
19,501.3476967027735,276.4529222711582,58.54417753477514,2.2021140460646285
19,37.80419318607263,277.6454511418944,37.22687732302926,2.6132682508678347
19,93.87605542325178,274.5965576964711,64.37699227071215,3.1498593317126966
19,214.83772843692722,278.00569562439927,2334.4778251499183,141.71579506572874
19,223.12179264867504,278.0025815117841,2853.340494180893,168.4059748012589
19,243.8133307647852,278.4070506646118,72.34920261469296,2.034864878009087
19,270.1411592076302,276.56228906823185,47.49179501243811,2.7805174189233757
19,277.5438480229733,277.44091009498567,63.094748648952994,2.5505498128470063
19,313.05533744625166,277.91942419143766,37.27565833037879,2.160301754050743
19,153.57704433497537,278.50256157635465,70.73246065682272,2.2369576227428665
19,320.85756897837433,278.54610986825753,28.03514179531013,2.0278961626734398
19,328.89478481012657,276.5090632911392,68.81606393951964,2.271801199421104
19,336.0282250426217,277.46770221632886,36.787848256883464,2.0975833160299153
19,344.6994633273703,278.9939177101968,38.95511872626985,1.7700536952544799
19,383.56744666207845,279.37543014452854,60.75326029617542,2.808392280265966
19,388.30865308878134,279.1094857657252,61.93097318789985,2.411175506134055
19,108.81161548731642,280.3279038718291,52.19567786400022,1.881553140624841
19,147.44963473608396,279.46301059779813,67.72894434715862,2.216051476735924
19,395.8725148826238,282.1548916095698,62.042472633270215,2.411175506134055
19,399.1241101091599,280.0246796392976,58.73233284883762,2.411175506134055
19,494.5828517389934,279.18913523169067,66.32126384935782,2.404206790798408
19,170.4370099420287,281.01592061657766,1459.3465532992977,101.93139921451684
19,176.9293494982992,280.9997756448608,3261.4145268057428,187.5699419742897
19,187.0446287707301,280.9823500546119,1320.7039616965897,86.88594280485376
19,195.11860077533422,281.0011014093692,1923.4351197920826,114.00121417585841
19,292.0011084003216,281.00598320950303,4533.0587325393735,253.0549599833698
19,458.0127087838079,280.99069525407236,3709.509891603216,208.58758742660274
19,488.94693180431864,280.75039648651943,57.122559606303035,2.0278961626734398
19,24.338331771321464,281.94821930646674,29.74247705254378,2.5157062361687688
19,27.692681105302466,281.5201643017177,37.32443933772832,2.5157062361687688
19,243.02354815864024,282.0345254957507,78.71860843147482,2.4390503674766455
19,255.6851698425849,283.3213661051275,75.70115469113944,2.543581097511359
19,264.5093609585622,283.48814278582125,55.83334726920824,2.620236966203482
19,320.6280103742127,281.74212671359766,18.808562690912762,2.0278961626734398
19,380.1223731960503,281.8546712802768,82.57230801208792,2.808392280265966
19,482.70341967290085,278.40206588934973,89.05321327424015,2.6272056815391296
19,104.47542684652392,281.15206112630887,73.87535127319977,2.0488023086803824
19,114.67807914628725,282.463317029791,31.345281579742718,1.7770224105901276
19,125.58198661863098,284.3294904786413,67.70106948581603,2.5784246741895966
19,238.23231707317072,277.71565040650404,68.57215890277197,2.5993308201965393
19,306.31502771504825,286.4036132211045,67.88922479987852,2.355425783448875
19,328.4799021855418,283.25309491059147,45.596304441141974,2.2439263380785137
19,403.45427881297445,282.7762249827467,40.39067408541325,1.7979285565970702
19,12.90638847858198,281.63533973412115,37.74256225786718,1.658554249884119
19,339.01232704402514,284.5377358490566,55.40128691839809,2.5784246741895966
19,504.6656603773585,284.1414555256065,64.6348347381311,3.3728582224534183
19,133.52412545235222,285.2161238439887,34.662390079510956,2.2787699147567517
19,141.25552383972936,284.868802198964,65.91707835989025,2.3902693601271126
19,151.60428585280712,286.2561815184718,71.86836125653328,2.383300644791465
19,10.422965716646015,288.503717472119,33.74251965520548,1.6794603958910617
19,84.06466891150853,287.0042328368483,2713.1787226350134,155.57656986833175
19,394.4706889737847,286.5356343037808,52.899518112900616,2.4808626594905308
19,411.9176640230714,289.47714491708723,48.328040852715816,2.1045520313655626
19,478.4715558601782,287.0478409869774,50.83677837354894,2.1463643233794483
19,47.88733707087682,288.0009687486761,4934.756390632106,291.10414571600546
19,55.955833105807756,287.99541698473814,2501.3088702853206,171.50705312562206
19,64.96693463528241,288.01053062990246,4284.874904575621,269.72412706623874
19,73.12209990048754,287.99940542874845,4453.817470457725,270.7554969359146
19,274.83879291002916,285.9967466905991,62.11912850196234,2.3972380754627602
19,488.8913018232493,288.03402624549994,60.00760775526113,2.411175506134055
19,23.894198586835255,289.5265898103384,37.47775107511257,2.446019082812293
19,115.07375431672422,290.1692155895412,28.251171970715202,1.658554249884119
19,263.4623644594168,289.0841141172755,66.19582697331616,1.958209009316964
19,326.8652229662345,287.65422424846844,48.91341294091021,2.3345196374419324
19,354.9109160064737,289.00479323753393,4267.090743039049,247.6193620215647
19,363.2345357435273,288.99982606556057,1642.6725476341783,104.94188423951658
19,379.443303779748,285.4237050863276,74.6697848214636,2.808392280265966
19,403.31727729217033,287.5395201785382,37.470782359776926,2.1881766153933335
19,415.13651063829786,290.58246808510637,40.94120259692941,2.1045520313655626
19,19.37999082147774,291.22150833715773,45.55449214912809,2.3345196374419324
19,98.23234722522133,289.9315482617145,32.27212071938384,2.069708454687325
19,232.09576612903226,289.70020161290324,34.56482806481189,2.404206790798408
19,238.94863847686517,289.7500553464689,31.47768717112002,1.7073352572336518
19,244.75831360613233,285.41179122985005,61.819473742529496,2.4390503674766455
19,252.4922032919434,286.43762633554724,48.26532241469499,2.160301754050743
19,256.42071685419324,289.6522445191973,60.0772949086176,2.271801199421104
19,427.9024852334782,289.61640476986514,62.53028270676555,2.571455958853949
19,483.98525710176193,289.929761476687,58.13999204530758,2.2927073454280467
19,493.212761100331,288.49343682228056,61.05291505560826,2.411175506134055
19,267.9740392477514,290.60139002452985,68.18191084397571,2.857173287615499
19,394.73583245336147,290.8238296374516,39.59624053714943,2.4808626594905308
19,12.274117647058823,292.3436974789916,41.463856247102974,1.8954905712961359
19,32.322195383789584,290.0433440687064,51.930866681245604,2.5784246741895966
19,126.97415681121332,292.22236822893854,47.72873133385013,2.6132682508678347
19,133.95318906605922,292.42801822323463,61.185320646985566,2.2927073454280467
19,207.52847443536095,293.47734515726756,50.29321857736843,2.1115207467012103
19,377.4112915465169,290.43542267415387,45.916865346581766,2.229988907407219
19,441.82851790610545,292.0006090796827,3329.443125912334,203.81401742168416
19,450.1324499287723,292.0040993894084,4358.645725118787,259.8633948662975
19,324.473863206953,293.21854137800733,55.32463104970597,2.7874861342590234
19,465.67180341524363,296.9571012078301,33.46377104177957,2.954735302314565
19,482.3260053619303,293.0981233243968,51.98661640393079,1.881553140624841
19,501.3877065432915,292.7159286186385,52.718331514173784,2.3414883527775796
19,302.2412917271408,294.2409288824383,38.41155893008934,2.36936321412017
19,387.1178100048884,294.0425289229265,42.76700601486907,1.9930525859952017
19,106.65784753363229,293.65582959641256,31.08047039698811,1.7421788339118898
19,143.85212021407986,293.03301770275834,84.6350477514396,2.3275509221062847
19,176.00955926745823,294.93378949486817,69.25509300566544,2.3414883527775796
19,189.11949204406363,296.1468788249694,45.54752343379244,2.0000213013308494
19,221.70684736091297,295.1565620542083,39.080555602311506,2.0418335933447347
19,309.27106969205835,293.7682333873582,34.39757889675635,2.3623944987845222
19,316.1257179323548,288.81413529036377,43.679907723838895,2.306644776099342
19,414.1885362387494,294.8571766935102,58.843832294207985,2.167270469386391
19,420.0192697768763,294.6976419878296,54.969226567587945,2.020927447337792
19,99.00734214390602,295.7404552129222,37.9655611486079,2.3136134914349893
19,152.99687597625743,294.51577631990006,22.306857789407836,2.0000213013308494
19,169.4105180533752,297.21632653061226,44.390716688074946,2.0906146006942676
19,203.05733017157203,295.40605384293485,49.958720241257346,2.5296436668400637
19,238.5716628402755,296.4444080026238,42.49522611677881,1.9512402939813165
19,256.26166031094164,298.38769922753494,71.26905173766758,2.745673842245138
19,286.19445852339925,295.93056259503294,41.2478260716979,1.9303341479743736
19,18.3331071145798,298.310145911096,61.61041228246007,2.703861550231253
19,276.5070133963751,297.16784869976357,44.21649880468376,2.174239184722038
19,391.9466736147299,295.98940420357826,40.118894187322994,1.8118659872683653
19,406.1459685863874,296.9047120418848,33.275615727717096,2.181207900057686
19,159.86105111591073,296.8910487161027,29.038636803643378,2.1881766153933335
19,216.91824457593688,298.07544378698225,70.66277350346624,2.271801199421104
19,398.96898022489336,297.4526948429624,35.94463370127011,2.3275509221062847
19,475.6564567971261,296.91000189071656,36.85753541023994,2.2857386300923994
19,29.91332934847579,298.8970711297071,58.29330378269183,2.606299535532187
19,120.94469870327994,296.44183829138063,36.543943220135795,2.4878313748261784
19,191.6012675296656,298.82483818770226,51.679992929162296,2.0000213013308494
19,489.57845236986685,298.06145823633483,74.83703398951913,2.794454849594671
19,500.0097864768683,299.3960854092527,39.16418018633928,2.0766771700229723
19,4.231680662602094,301.4834924652019,60.579042412784226,2.4529877981479404
19,25.35946541747038,298.7430421603748,50.57893590612998,2.606299535532187
19,34.28600514359194,299.4444920702958,65.03205151226302,2.606299535532187
19,260.8035409556314,300.25255972696243,65.33867498703151,2.181207900057686
19,9.568918092909534,301.35116136919316,45.60327315647763,2.0906146006942676
19,50.66970021413276,302.4502141327623,26.035120493979278,1.6794603958910617
19,91.98084815321478,303.4636239273722,56.03544001394202,2.4390503674766455
19,196.35390228426397,301.4281408629442,43.93078147592221,1.9651777246526114
19,208.5241714806932,302.26831863788385,45.840209477889644,2.1951453307289808
19,233.73990528414757,298.7979810568295,55.916971853236014,2.3484570681132273
19,237.70305948128592,300.400217425066,44.87155804623463,2.1533330387150955
19,246.88017871649066,301.0480300568643,68.62790862545715,2.808392280265966
19,294.0372330717284,300.6773133783537,38.18159132401297,1.8397408486109554
19,409.92727753536957,301.42760809202696,52.704394083502486,2.0557710240160296
19,419.71779072372846,301.29901411606545,62.20275308599011,2.808392280265966
19,103.64769355273806,302.4537361748044,25.8330277492455,2.592362104860892
19,199.68974927511513,301.89203479447383,40.857578012901634,1.8397408486109554
19,267.5297713656926,300.4186330847292,56.99712273026138,2.717798980902548
19,36.73098029433774,302.9735594911449,55.87515956122213,2.306644776099342
19,81.79867824028408,302.5985401459854,70.64883607279495,2.257863768749809
19,189.8408267954134,302.9746529873265,46.18864524467202,1.9233654326387262
19,424.96249184605347,302.5089693411611,42.73216243819083,3.0592660323492784
19,88.83971672206967,302.680734210146,48.21654140734546,2.4390503674766455
19,170.04918968272085,303.973750285323,61.059883770943905,2.3484570681132273
19,173.92231222385863,304.49484536082474,56.78109255485631,2.3484570681132273
19,217.25566941038133,304.0677809507811,82.96952478621984,2.0488023086803824
19,359.49812558575445,303.9704779756326,14.87123852627189,1.7282414032405946
19,398.4355561412757,304.23985239852396,52.87861196689367,3.442545375809894
19,432.1595267237862,303.51529987760097,17.080321287672167,2.0557710240160296
19,72.11459871984245,305.2039635647464,56.61384338680077,2.7874861342590234
19,75.85681440797036,304.84378592412827,54.558072362784735,2.7874861342590234
19,227.8343378400391,305.4487701580062,42.78094344554036,2.6829554042243102
19,339.78890538267785,305.00689317551934,1765.1337822275127,110.44716935467815
19,348.10703778743675,304.9988301460586,3621.801640388756,211.53535401358164
19,386.54640594877446,305.89286697879373,25.303405383736287,2.355425783448875
19,410.2139503688799,304.79745137491614,51.95177282725255,1.832772133275308
19,494.3862068965517,307.46006674082315,31.324375433735774,1.8954905712961359
19,26.064555870395466,307.72810151533815,56.565062379451234,3.2265152004048194
19,80.87765957446808,306.03109656301143,68.12616112129054,2.257863768749809
19,251.99435793274657,302.5170390431054,61.756755304508665,2.745673842245138
19,372.99254518423135,306.00951759717736,1645.2370348776965,90.9208289841937
19,439.9726793943384,304.8360763660303,21.170957189697283,1.7979285565970702
19,60.71578784598732,304.612803463739,45.06668207563276,2.3763319294558176
19,308.95899139936756,306.996821232994,3336.634840138722,217.58419892492373
19,317.29716355767994,306.89407792346,3143.2948018665165,202.78961626734394
19,417.1252962723551,304.23346261581554,64.68361574548064,2.1533330387150955
19,29.89562538508934,307.99938385705485,56.551124948779936,3.2265152004048194
19,43.183284682746965,308.5976340451682,45.35936811972996,2.648111827546072
19,129.92061645116036,308.0039764279587,3988.7045028106,231.94672123169335
19,137.91372753794286,308.0050401280465,1227.7900801264007,89.97308369854564
19,146.96405732427942,307.99598678454817,3241.9369674426075,196.88711437805048
19,155.19707603325296,308.0093722071396,2066.328627749536,127.6250526570494
19,244.50992438563327,308.1291745431632,44.2374049506907,2.0627397393516773
19,505.2632434944238,307.5655204460966,29.99335080462709,1.6933978265623568
19,4.525181488203267,309.29854809437387,61.436194399068874,2.459956513483588
19,36.859766637856524,308.9403630077787,64.5024291467538,2.3484570681132273
19,115.10177728408776,303.87656206609273,50.18868784733372,1.7700536952544799
19,178.87172675521822,309.13636938646425,55.087694728293954,2.2439263380785137
19,238.26375838926174,310.2231543624161,41.53354340045945,2.118489462036858
19,242.28141711229947,310.4485294117647,41.70079256851499,1.9651777246526114
19,413.531349042304,309.7996417252308,50.57196719079433,2.132426892708153
19,229.9067304407243,310.646737273659,40.79485957488081,1.9512402939813165
19,393.06260162601626,312.00873983739837,34.28607945138599,1.7700536952544799
19,463.03281187510504,310.992791067009,4809.221952575751,285.45948629413095
19,473.18847939839856,311.0149959950123,2531.713375294751,153.08176977816993
19,5.479852805887765,313.19310027598897,75.74993569848897,2.1951453307289808
19,13.38924014254512,314.58225083342916,60.62085470479811,2.2996760607636944
19,74.3327687296417,312.08768729641696,53.48489020109501,2.522674951504416
19,198.58380902957967,312.10197197716656,26.857428903585692,2.08364588535862
19,454.7093499160562,312.0034412769476,1668.6310122594653,108.21021173193529
19,479.7080168816032,311.9379112305899,1482.775374257745,83.84061420317578
19,168.53089373680507,314.1780436312456,49.5127224597759,1.958209009316964
19,30.445260837619397,313.6034166054372,37.93768628726531,1.9930525859952017
19,50.19532554257095,314.45116861435724,33.394083888423104,2.160301754050743
19,285.8311509690549,313.9932565620847,3602.4564866169985,219.6190638029328
19,294.0082209826148,313.9992128673421,4284.993372736328,272.21195844106495
19,301.8573097094893,314.1048766789517,2494.0126253288977,183.3678066268942
19,310.04155021329353,314.04859695575124,3979.4430801295243,256.67172324257086
19,403.5376554422244,312.64384518653065,49.87509565722958,2.4808626594905308
19,409.88261179828737,312.6544957183635,58.59295854212467,2.4808626594905308
19,442.921142627238,314.1726010863005,34.64148393350401,2.034864878009087
19,57.774825174825175,314.66713286713286,9.965262929976008,1.7909598412614225
19,493.1904185821437,314.98959593515605,28.80170048223136,2.0418335933447347
19,503.25071960297765,318.44109181141437,70.20980700664916,2.320582206770637
19,83.73514886411739,318.4204882178637,49.38728558373425,2.2648324840854563
19,191.2642049976126,314.1833519019577,43.78443845387361,2.1533330387150955
19,384.96181142277794,317.0321054410274,20.620428678181128,1.958209009316964
19,27.073889663413663,316.01234813782116,34.98991970028639,1.9930525859952017
19,96.94374892814268,317.2545018007203,40.634579122160915,2.1463643233794483
19,174.87240468101172,316.8004907512269,36.920253848260764,2.069708454687325
19,180.16422872340425,312.8152703900709,62.885687188883566,2.2439263380785137
19,244.73884402889928,315.8204419889503,32.79477436955741,2.3414883527775796
19,266.1604242422478,316.98985393745835,2393.6352496342306,142.56597833667774
19,334.8802992518703,317.04551122194516,11.177819398378684,2.216051476735924
19,362.66275924256087,319.43913435527503,46.369831843398856,2.2857386300923994
19,7.031870229007634,317.6863549618321,73.03213671758641,1.9233654326387262
19,13.85496894409938,317.99378881987576,67.31779014235542,2.2996760607636944
19,108.85921264451925,317.9863895799795,47.617231888479765,2.7805174189233757
19,199.68020490303695,317.63007683863884,19.04549901232478,1.721272687904947
19,236.16463189049205,317.6146873843877,37.6728751045107,2.0975833160299153
19,257.8191707961566,318.000964585449,2051.7779501287037,124.02919554385525
19,64.95081237480525,321.04039617182286,62.62087600612896,1.9512402939813165
19,118.56602984242086,320.01743132059687,49.972657671928644,2.160301754050743
19,141.80361260568793,320.3827824750192,36.2651946067099,2.0000213013308494
19,151.43110918544195,320.5259965337955,16.083794994674566,2.2857386300923994
19,161.5749202975558,319.3466170740347,39.34536678506612,2.174239184722038
19,166.09885406599474,318.82355377605967,50.47440517609527,2.2996760607636944
19,169.90865712338106,319.455351056578,51.11552698697484,2.3136134914349893
19,210.75098673183604,318.9893216691718,1288.8917761893586,83.48520972105776
19,219.0722080280094,318.99610665073504,4175.84238443408,241.18026905142636
19,231.53400503778337,317.8088161209068,27.66579988252081,2.0975833160299153
19,325.34190767519465,318.25639599555063,50.11900069397724,1.9791151553239066
19,429.9976207826422,319.0001243170826,5269.261695458524,294.6233469605075
19,23.02537313432836,320.26733001658374,42.021353473954775,1.9860838706595543
19,73.11243587966172,320.1861915985027,50.26534371602584,1.7909598412614225
19,77.9913581564067,317.9169956257335,65.31776884102457,1.7770224105901276
19,103.29045284107298,319.7846841649841,48.32107213738017,2.404206790798408
19,244.48164435946464,321.1944550669216,36.44638120543673,2.3414883527775796
19,374.7330764997248,320.20986974867,37.98646729461484,1.8885218559604884
19,12.903849713122339,320.9336479733481,75.30393791700752,2.2996760607636944
19,401.49664241745944,319.75209848908787,49.81237721920875,2.2439263380785137
19,48.29373808476316,320.17363249743363,47.5196698737807,1.9303341479743736
19,88.15551513576719,321.7855008444849,53.638201938479256,2.2648324840854563
19,95.90446993670886,320.5929588607595,35.233824737034055,2.1533330387150955
19,121.8968336361277,320.3340254347262,53.700920376500086,2.494800090161826
19,52.882900177200234,322.70939161252215,47.19214025300527,1.9303341479743736
19,157.88733786287833,323.5504632489191,56.411750642066984,2.174239184722038
19,188.87284022519898,323.31566686080373,35.895852693920574,2.9268604409719745
19,412.5055859282149,322.7670549084859,29.31738541706928,2.0069900166664967
19,460.56815185868703,324.1795412602162,26.43233726811119,2.0418335933447347
19,466.77034816693566,323.5081853816002,30.223318410703463,1.9791151553239066
19,178.1123696512046,323.59169363538297,38.75999469687172,2.4529877981479404
19,195.9052267002519,324.46379093198993,22.132639906016646,1.7003665418980043
19,448.8219335555811,325.1727784802851,60.62085470479811,2.5017688054974734
19,27.315750186613585,324.48469768599153,28.00726693396754,2.7108302655669
19,233.85550082101807,325.27562749237626,29.707633475865542,2.1951453307289808
19,286.26876397317153,328.01133823059723,43.638095431825015,1.9721464399882591
19,363.75317401045555,325.09833208862335,55.98665900659248,2.466925228819236
19,368.9136449381681,325.470551247118,33.2477408663745,2.466925228819236
19,497.26894615973464,323.6141872926767,54.620790800805565,2.3902693601271126
19,81.60830067687922,322.71214820092626,39.12236789432539,1.9303341479743736
19,134.1469803541111,326.16032015522677,28.732013328874885,1.9163967173030787
19,143.0657520062128,325.4737250841315,26.92014734160652,2.0069900166664967
19,62.70308761535832,326.6027116326763,61.16441450097862,2.0139587320021444
19,128.48971631205674,327.32659574468084,19.651777246526116,1.672491680555414
19,138.74763552479814,326.478892733564,30.209380980032165,2.0069900166664967
19,148.75632347702174,327.02778767367295,19.561183947162696,1.8536782792822506
19,39.23294450335808,327.47119123365144,39.428991369093886,2.7247676962381955
19,68.6346310917506,327.8811598148652,51.192182855666964,2.306644776099342
19,170.48402915838304,323.5790589794566,52.57895720746083,2.4738939441548835
19,289.42239872915013,327.21048451151705,43.86806303790138,2.167270469386391
19,363.40717046514726,328.36798613887777,52.28627116336363,2.466925228819236
19,408.2624791019823,330.42775256747075,29.178011110356326,1.8467095639466031
19,456.2729540140296,328.496336710834,44.70430887817909,2.5157062361687688
19,476.23479758828597,328.2413436692506,40.453392523434076,1.958209009316964
19,481.6372745490982,327.9749498997996,34.77388952488132,2.1115207467012103
19,89.68915756630265,327.6899375975039,35.73557224120068,2.5157062361687688
19,335.84408811077253,329.0044365587439,4088.656786869793,246.90158434199301
19,344.13063363951125,329.00294753361004,4778.155419609434,285.7591410535638
19,387.79443892750743,329.31201588877855,35.08748171498546,2.2996760607636944
19,490.14018452075857,329.0674013326499,27.191927239696774,2.0000213013308494
19,505.01985996180775,328.66976448122216,54.739258961511574,2.0975833160299153
19,9.01925505050505,330.03267045454544,44.15378036666293,2.3345196374419324
19,16.979599511140357,329.49647456989754,74.12622502528308,2.2369576227428665
19,52.76237138657521,329.52351788339047,28.446296000113335,1.6933978265623568
19,73.85076789336424,329.6563314981165,24.049036623319726,2.216051476735924
19,303.9501550476628,329.0591478121052,60.67660442748329,2.494800090161826
19,500.64634023220594,330.4108026249369,69.02512539958907,2.717798980902548
19,25.633295838020246,333.4921692480748,80.53744313407884,2.6341743968747773
19,159.95835543766577,331.46976127320954,26.272056815391295,2.0557710240160296
19,171.37387766554434,332.2717452300786,49.6730029124958,1.9721464399882591
19,174.5576017130621,333.48083511777304,65.0878012349482,2.2648324840854563
19,211.78540635478205,331.72569056362767,43.64506414716066,2.9129230103006796
19,242.62897699461575,334.206069505629,28.474170861455924,2.034864878009087
19,314.4137356534617,330.41040355423917,37.64500024316811,1.8536782792822506
19,395.0452928297756,331.3132183908046,50.92737167291236,2.209082761400276
19,400.2690272690273,334.48890923890923,68.4885343187442,2.8223297109372614
19,411.5482421875,330.9044921875,35.6798225185155,1.8397408486109554
19,422.0356658671394,333.11794764834707,66.82301135352444,2.557518528182654
19,234.48029805506442,331.0118716847689,55.178288027657366,2.4251129368053506
19,322.2651324463622,327.57641136281916,58.13999204530758,2.181207900057686
19,368.7394786432161,331.48602386934675,44.376779257403655,2.0975833160299153
19,373.5182164219685,330.8123980424144,25.63093500451172,2.0975833160299153
19,426.7858051092359,331.98115824760146,60.28635636868703,2.557518528182654
19,438.5417515274949,333.3884928716904,41.059670757635416,1.7491475492475372
19,16.415458433295086,332.5695212266611,66.80907392285314,2.459956513483588
19,21.44983293556086,332.7450119331742,72.99729314090817,2.5853933895252443
19,136.28016409266408,332.95620173745175,57.756712701846965,2.5017688054974734
19,464.8433795712484,331.58310214375786,27.63095630584257,1.7909598412614225
19,9.796471656505382,334.54455830847064,53.72182652250703,2.3345196374419324
19,45.736951693503606,333.5287340366463,50.202625278005016,2.2508950534141614
19,142.89220404234842,333.71150144369585,57.923961869902506,2.411175506134055
19,182.37237684179195,331.18202113409734,46.82279834021595,2.8223297109372614
19,188.5983875031494,333.5472411186697,27.65883116718516,2.174239184722038
19,196.42565005417117,332.72941495124593,51.45699403842157,1.958209009316964
19,282.4155440414508,333.51826424870467,53.79848239119915,2.4251129368053506
19,504.4397201291712,333.7949407965554,38.84361928089949,1.9860838706595543
19,101.91603538105242,335.003444828979,4796.41345378883,279.0900804773491
19,110.05947011694352,335.0099735610329,1389.053121708621,98.46794769270001
19,202.9378640776699,334.94653721682846,53.83332596787739,2.6272056815391296
19,483.0939521800281,335.9451476793249,24.77378301822707,2.4808626594905308
19,12.379298604017706,336.51344909771876,61.40135082239064,2.6341743968747773
19,85.6096583143508,335.93749430523917,76.48165080873196,2.2508950534141614
19,119.13352750084015,335.99813611640093,2239.549984847727,131.12334775554447
19,298.1950580307001,339.5672032946462,18.61343866151463,2.9756414483215075
19,305.13269550748754,337.4267886855241,16.75279166689673,2.411175506134055
19,314.8529614800497,338.27916609139857,50.47440517609527,2.857173287615499
19,419.9558864074993,336.2492417976289,75.82659156718108,2.320582206770637
19,456.7400568181818,336.32954545454544,19.623902385183523,2.0906146006942676
19,57.6993344044067,335.62221712187284,30.36269271741641,2.3763319294558176
19,255.7492149551644,337.0068640172107,1444.7052823791023,93.485316227712
19,264.07253781164354,336.9935311858036,4304.805430435574,249.03401123470115
19,289.5590909090909,337.08760330578514,33.728582224534186,1.958209009316964
19,357.5887614678899,337.40160550458717,30.383598863423355,2.216051476735924
19,395.47445810622384,337.27164406135125,54.97619528292359,2.8223297109372614
19,432.8889437314906,337.3056268509378,70.59308635010977,2.571455958853949
19,474.08590078328984,337.0088772845953,26.69017973553015,1.7561162645831847
19,164.01327860936746,338.43771125060357,28.864418920252188,2.0278961626734398
19,219.51908396946564,339.0233308246425,64.81602133685794,2.446019082812293
19,236.30978026712623,339.98750538560967,48.52316488211395,2.2857386300923994
19,240.67283730865077,340.562359083897,58.72536413350198,2.2648324840854563
19,364.14812880765885,338.2718885987816,40.03526960329523,3.0662347476849257
19,6.543793659322945,338.63363782912415,64.84389619820054,2.160301754050743
19,188.0593186899908,339.17098513744577,52.98314269692839,2.209082761400276
19,326.9035639412998,340.5041928721174,33.240772151038854,2.3136134914349893
19,367.28149552966676,338.1288268761853,51.44305660775028,3.0662347476849257
19,409.2434055329187,342.39105725927516,64.99023922024914,2.898985579629384
19,31.599840095942433,340.060363781731,34.86448282424474,2.0488023086803824
19,68.19816345270891,340.03875114784205,37.94465500260095,1.8467095639466031
19,154.1525885558583,339.64774447471996,46.035333507287774,2.4878313748261784
19,174.1428752374921,339.99936668777707,55.01800757493748,1.9860838706595543
19,191.64843361511686,339.91049229239184,42.04225961996172,2.2648324840854563
19,402.6270858770859,340.03561253561253,68.4885343187442,2.3763319294558176
19,419.2037297347952,339.55796082841346,74.3631613466951,2.271801199421104
19,430.117953576504,339.771435338702,58.843832294207985,2.571455958853949
19,439.24795446460337,340.16008537886876,39.17811761701058,1.9791151553239066
19,454.82582123758596,341.44919786096256,27.366145123087964,2.0906146006942676
19,50.25461524401389,340.92085541948455,38.12584160132779,2.3136134914349893
19,57.45441094877011,341.54189014240796,37.67984381984635,2.411175506134055
19,89.43635359116023,341.1636464088398,63.066873787610405,2.0766771700229723
19,142.8469155844156,341.2126623376623,42.927286467588964,2.069708454687325
19,229.55503875968992,340.92062015503876,67.42232087239013,2.5296436668400637
19,377.2877516778523,339.40583053691273,33.226834720367556,2.1463643233794483
19,382.2165300546448,339.1176229508197,51.01099625694013,2.132426892708153
19,393.2826495038884,341.2344685796013,77.95901845988924,2.8223297109372614
19,58.04706226249635,345.32052031569714,47.679950326500595,2.446019082812293
19,136.0363377271108,342.06685666785415,58.68355184148809,2.8780794336224416
19,184.0225324516287,340.4222385500857,56.90652943089796,1.8745844252891932
19,463.66630965131503,342.2876353683208,58.558114965446435,2.459956513483588
19,490.66778485966677,342.1360840881136,62.32122124669612,2.3345196374419324
19,180.09123724172267,339.9179736121484,55.98665900659248,1.9860838706595543
19,207.52496099843995,341.79453978159125,89.3389306030017,2.717798980902548
19,401.19674423249774,343.3770098871467,69.77774665583901,2.2439263380785137
19,404.7593088071349,342.90735785953177,62.509376560758604,2.411175506134055
19,443.10884353741494,342.00034013605443,40.97604617360764,1.958209009316964
19,447.5338782924614,342.4659400544959,38.36277792273981,1.8676157099535458
19,16.936393928174752,340.7701592002962,94.11250060792028,2.7108302655669
19,275.58811848419657,343.87473109382756,42.111946773318195,2.2787699147567517
19,452.43116975748933,343.54333095577744,39.080555602311506,2.0906146006942676
19,78.42001216545012,345.4721715328467,45.826272047218346,1.8954905712961359
19,282.8034727703236,343.740726124704,35.31744932106183,2.4738939441548835
19,326.2290871734664,344.47329028470796,47.484826297102465,2.8711107182867943
19,341.31724326541774,343.09982223437714,50.9622152495906,2.209082761400276
19,414.8101587301587,344.99809523809523,54.878633268224526,2.759611272916433
19,482.9840707964602,344.6133726647001,35.43591748176784,2.6272056815391296
19,50.381688576189596,350.47417144973156,75.27606305566493,3.3519520764464756
19,68.194743130227,346.0905017921147,46.66251788749605,1.9442715786456688
19,121.98705334023822,349.26566545831173,26.91317862627087,1.9651777246526114
19,133.2253950651511,345.4629886332132,50.272312431361485,2.8780794336224416
19,156.8156091748585,345.8710157879059,46.787954763537705,2.3972380754627602
19,161.99115853658537,345.51539634146343,45.71477260184798,2.3972380754627602
19,166.15527033166742,347.3499545661063,61.35256981504111,2.7247676962381955
19,197.17950025497194,347.1099779024307,81.99390463922917,2.466925228819236
19,307.0505347032921,349.4506185783183,66.46760687140642,2.209082761400276
19,425.32446415373244,344.68157181571814,56.57203109478688,2.466925228819236
19,476.0804983229516,346.57083532981954,43.63112671648936,1.9651777246526114
19,489.4769062916717,346.1441386834768,57.48493280375671,2.160301754050743
19,499.70777452858727,345.8096198447111,69.10874998361683,2.2439263380785137
19,26.707923741435806,344.48078641644327,46.787954763537705,2.08364588535862
19,37.043652561247214,347.0066815144766,31.28953185705754,1.9373028633100213
19,81.08889489327208,348.36219940556606,51.58243091446323,1.8954905712961359
19,172.9972061258278,347.0822640728477,67.345665003698,2.3763319294558176
19,232.77784098990188,346.8274783103399,48.99703752493799,2.2857386300923994
19,310.54484331852564,348.1626845959899,58.042430030608514,2.3345196374419324
19,347.59603144889553,344.81140022463495,74.45375464605851,3.094109609027516
19,359.4229263746505,347.2928238583411,37.38715777574915,2.2927073454280467
19,8.720880149812734,347.56591760299625,74.42587978471593,2.2927073454280467
19,187.91315198402796,348.3414025455453,55.84728469987954,2.557518528182654
19,218.94017857142856,347.6575,39.02480587962633,2.2439263380785137
19,290.98896063320143,346.48198292022494,33.45680232644393,2.3623944987845222
19,419.4923561151079,347.96912470023983,46.49526871944051,2.08364588535862
19,87.58815379286456,348.7526844475234,40.237362348029,1.8676157099535458
19,92.87741849986747,347.6965279618341,52.58592592279648,1.958209009316964
19,301.45411625848334,348.76615520802596,47.23395254501915,2.8362671416085563
19,370.8151632540122,348.0264250138351,50.36987444606056,2.118489462036858
19,376.94573643410854,347.8272022551092,49.443035306419425,2.0627397393516773
19,155.63442884030692,350.21977703778776,48.132916823317686,2.3972380754627602
19,266.256968641115,350.19337979094075,24.000255615970193,1.7979285565970702
19,432.94647397296933,350.0897899103439,52.07720970329421,2.5157062361687688
19,436.42045103490887,350.854031510658,45.115463082982295,2.5157062361687688
19,449.458748960931,351.15118453865335,67.0669163902721,2.5366123821757114
19,468.79520786401804,347.8576694654925,34.02823698396703,1.860646994617898
19,504.9789033942559,352.43331592689293,66.72544933882537,2.843235856944204
19,46.26721763085399,350.53146005509643,63.24109167100159,3.3519520764464756
19,130.3308042488619,350.53953802056986,41.33145065572567,2.459956513483588
19,148.8293464117706,353.1951756580923,69.62443491845475,2.4529877981479404
19,207.88652619369805,350.90972356466267,36.049164431304824,2.160301754050743
19,245.66712802768166,351.00588235294117,40.27917464004289,2.020927447337792
19,275.2296072507553,351.4808273297699,29.986382089291446,2.160301754050743
19,386.8667862039869,349.75793692648455,66.0703900972745,2.5296436668400637
19,402.9064018886266,350.7200388834884,50.18171913199807,1.9303341479743736
19,476.59579543760253,350.9226181601312,46.73917375618817,1.9860838706595543
19,114.7901983663944,350.25064177362896,29.86094521324979,1.8536782792822506
19,139.12062677292988,351.98216939078753,51.589399629798876,2.3972380754627602
19,145.20689655172413,352.5556890544275,58.00061773859463,2.4529877981479404
19,189.97889002383386,351.5464759959142,40.93423388159376,2.4738939441548835
19,236.32025670220474,351.95311044405344,67.32475885769107,2.808392280265966
19,258.61995661605204,352.2173535791757,32.125777697335245,2.132426892708153
19,334.84935375257953,352.2417725643532,64.16096209530707,2.5366123821757114
19,488.16308224359665,351.68042796930723,64.48152300074686,2.2857386300923994
19,184.8783306971651,348.8008273512593,57.275871343687285,2.703861550231253
19,226.6549508692366,350.77273872511967,55.31766233437032,2.1045520313655626
19,270.7985165001514,354.42446260974873,46.035333507287774,2.3484570681132273
19,287.0263984915148,353.33343808925207,22.174452198030533,2.2508950534141614
19,396.33350482315115,351.46405144694535,54.181761734659766,1.9651777246526114
19,418.193654822335,352.53883248730966,54.91347684490276,2.257863768749809
19,501.21988924780806,352.90574526995846,60.40482452939304,2.5366123821757114
19,4.7003090695939465,355.580198230843,65.38745599438104,2.2787699147567517
19,11.924163783160324,354.21597462514416,48.33500956805147,1.958209009316964
19,82.03345246604718,354.48491779842743,48.74616377285467,2.069708454687325
19,86.48570199956998,353.638357342507,32.411495026096794,2.181207900057686
19,157.5398148148148,353.73994708994707,52.68348793749554,2.132426892708153
19,172.4857262804366,353.4664147774979,33.19895985902497,1.958209009316964
19,202.85755561976308,354.32042762207453,48.2374475533524,1.8258034179396603
19,326.3188237006842,354.08531081671276,47.86810564056308,2.731736411573843
19,353.5646992692524,353.12703766160763,61.98672291058504,2.557518528182654
19,445.4499452954048,353.79950765864334,50.95524653425495,2.4390503674766455
19,463.79190025130487,354.0892132225014,72.09832886260965,2.216051476735924
19,61.48361069087242,356.3005547150782,55.27585004235644,1.8048972719327177
19,179.03001876172607,355.5325649959796,26.00027691730104,1.7073352572336518
19,306.25742574257424,354.4701894102454,64.75330289883712,2.3623944987845222
19,441.13446655610835,353.9228855721393,50.425624168745735,2.5157062361687688
19,197.27239562221322,355.86785569517633,34.38364146608505,1.8885218559604884
19,425.91284346636826,355.2431928384931,56.04937744461331,2.355425783448875
19,429.12980535279803,354.70498783454985,57.28284005902293,2.355425783448875
19,484.3426845637584,355.6634899328859,51.91692925057431,2.1045520313655626
19,496.5978132884777,354.98536585365855,41.42901267042473,2.209082761400276
19,158.24538745387454,357.0290282902829,56.655655678814654,3.219546485069172
19,191.51148830469882,356.9552887600911,33.665863786513356,1.8885218559604884
19,209.296031462281,357.2064712191634,38.98299358761244,2.3902693601271126
19,269.45451873622335,357.4496693607641,47.422107859081635,2.3484570681132273
19,279.0670868977938,357.27119915953773,46.43255028141969,2.08364588535862
19,317.6843434343434,355.9830808080808,27.596112729164332,1.9791151553239066
19,42.51186220344491,357.56548586285345,42.88547417557508,2.6272056815391296
19,82.79231568016615,357.88317757009344,53.68698294582879,2.069708454687325
19,103.41088709677419,358.4891129032258,17.282414032405946,2.216051476735924
19,117.05963302752293,357.5449541284404,15.191799431711678,1.8745844252891932
19,138.9306295020357,361.38318196053865,44.50221613344531,2.1533330387150955
19,345.50738007380073,356.970110701107,56.655655678814654,2.8780794336224416
19,472.6259832529815,358.14349149961936,54.92741427557406,2.0278961626734398
19,48.96809501630182,359.59757801583606,29.923663651270616,2.320582206770637
19,56.26738250308044,359.53353282872735,39.58927182181378,1.9163967173030787
19,129.14529023288148,358.44942648592286,20.048994020658025,1.8188347026040128
19,161.88059120964604,356.4409762738234,71.66626851179949,2.209082761400276
19,177.01422453349647,361.30269195472624,45.56146086446374,1.7143039725692995
19,222.69797371303395,358.69414019715225,25.449748405784884,1.7700536952544799
19,255.6345276872964,359.3897937024973,32.09093412065701,1.7143039725692995
19,309.4677801937142,356.4115437833564,70.509461766082,2.3623944987845222
19,455.919916739702,359.35100788781773,63.610433583790915,3.038359886342336
19,66.65657608072469,357.81068684783855,60.774166442182356,1.7003665418980043
19,75.83985628127807,357.9538046965225,54.30719861070143,2.557518528182654
19,264.52816372512206,358.92790086368757,37.1153778776589,2.3414883527775796
19,13.06352822070362,361.1032649962035,55.06678858228701,2.3763319294558176
19,89.03903583617748,359.9421928327645,32.669337493515755,2.8780794336224416
19,156.06914964624215,360.59297824055534,52.20264657933586,3.219546485069172
19,213.536240913811,360.96407061266876,33.55436434114299,2.557518528182654
19,337.2297532656023,360.6066763425254,48.01444866261168,2.069708454687325
19,346.11373092926493,360.9343084100366,55.268881327020786,2.5157062361687688
19,431.2785081835256,360.49235309900723,25.97240205595845,2.0278961626734398
19,482.1762661370407,359.54766633565043,42.10497805798255,1.9721464399882591
19,16.813425345043914,361.69636135508154,55.540661225111045,2.6899241195599575
19,22.625663082437278,361.81505376344086,48.60678946614172,2.759611272916433
19,30.12377599295852,356.5601276268016,63.33865368570066,1.958209009316964
19,169.9787274453941,361.60322886989553,36.6902862421844,1.7143039725692995
19,244.84380084607875,362.0227790432802,21.41486222644495,1.9442715786456688
19,398.55766681396375,361.7755192222713,15.770202804570426,1.783991125925775
19,449.48542897900955,361.01345017322194,34.19548615202257,2.2857386300923994
19,467.4608046845485,359.0579901775595,73.78475797383635,2.3484570681132273
19,499.4462765957447,361.5199468085106,26.20236966203482,2.3136134914349893
19,144.17841187490993,363.02176106067157,48.35591571405841,2.794454849594671
19,202.23734349482854,361.9963708945745,38.404590214753696,2.4878313748261784
19,233.7873200303107,364.08133367011874,55.178288027657366,2.432081652140998
19,255.04353890604762,366.2086280761184,69.94499582389454,2.1881766153933335
19,354.57324396034073,364.2756598240469,49.90297051857217,2.0488023086803824
19,70.92677847199386,359.44053491176146,63.57559000711268,1.9233654326387262
19,95.58673990802248,360.873786407767,54.55110364744909,2.306644776099342
19,272.6049271443593,363.63061439086675,46.3907379894058,1.7282414032405946
19,316.1322129985827,364.1048795302693,34.418485042763294,2.2927073454280467
19,350.83099599313107,364.01001717229536,48.69738276550514,1.958209009316964
19,370.12798102357027,363.9988382107476,4312.749765918212,245.06184349338204
19,376.69834847390626,364.009004523167,3666.7986353110323,216.9221709680372
19,387.07384587088467,364.0018901826516,4925.557686389051,284.19814881837874
19,490.4511763481158,363.455756818655,33.470739757115226,2.174239184722038
19,43.59068075523991,365.52087302962065,40.23039363269336,2.592362104860892
19,59.742576061213335,365.1747130624886,38.251278477369446,2.181207900057686
19,224.57302390507766,365.01762345140463,39.93770758859616,1.881553140624841
19,292.9978021615106,364.98177990241004,4220.219163691483,238.30218961780392
19,342.31848890114435,365.3722597545843,50.54409232945174,1.8048972719327177
19,425.0107552581262,364.8539674952199,29.157104964349386,1.7421788339118898
19,16.179730799683295,365.58788598574824,35.205949875691466,1.9721464399882591
19,24.69563838223632,365.8398096748612,43.937750191257855,2.759611272916433
19,52.587653416376625,363.7039750870123,38.042217017300025,2.752642557580786
19,74.62410926365796,362.56670625494854,35.205949875691466,2.1463643233794483
19,176.51392857142858,366.47964285714284,39.02480587962633,2.3484570681132273
19,308.4240506329114,364.6197257383966,13.21268427638777,2.3902693601271126
19,327.8674716113267,362.8976570360788,48.481352590100066,2.034864878009087
19,345.9728260869565,366.06800822561695,47.44301400508858,1.8048972719327177
19,439.10818642839894,366.31900507123885,57.71490040983308,2.2369576227428665
19,488.26879891119427,366.36560054440287,40.96210874293635,2.174239184722038
19,7.277036516853933,365.1427902621723,59.54070382777274,2.6272056815391296
19,192.79637658717868,366.78414369773924,45.00396363761193,1.860646994617898
19,416.9191725314566,370.32480272979313,65.3526124177028,2.2648324840854563
19,246.83293380047945,366.67047759542686,37.79134326521671,2.418144221469703
19,273.110247872734,367.99056603773585,37.6728751045107,2.717798980902548
19,280.5116187475384,367.31823552579755,17.693568237209153,2.3763319294558176
19,406.2998177399757,367.2083839611179,45.882021769903524,2.5296436668400637
19,477.9535193925713,368.42427662630826,67.9170996612211,2.459956513483588
19,34.461241023752535,369.00128889707236,37.84709298790189,1.8676157099535458
19,120.35117725455353,369.1299422478898,31.37315644108531,1.9024592866317835
19,156.3367999133355,368.8819196186762,64.32821126336262,2.2927073454280467
19,201.49893481039626,369.34725181082234,32.71114978552964,2.3136134914349893
19,451.4690606613918,367.65043619395414,34.34879788940682,1.9860838706595543
19,484.9974569932685,369.122363500374,46.58586201880393,2.132426892708153
19,24.754767184035476,370.2249815225425,47.14335924565573,2.2787699147567517
19,123.62058246073299,370.4296465968586,42.59278813147788,1.9024592866317835
19,197.11416451493915,368.63555883437846,37.784374549881065,1.783991125925775
19,215.40770437510895,372.14746383127067,39.97951988061004,1.783991125925775
19,232.95531698824894,371.54054838241694,48.03535480861862,2.7874861342590234
19,241.5010115872724,370.3290417509656,37.888905279915775,2.898985579629384
19,255.18323303589958,369.4292384312098,67.16447840497116,2.2996760607636944
19,264.73644301470586,369.4215303308824,60.65569828147635,2.5505498128470063
19,430.0121679520137,369.8272493573265,40.662453983503504,2.94079787164327
19,9.692654348805767,370.7408742676881,30.927158659603865,2.6272056815391296
19,47.48896321070234,371.39598662207356,20.8364588535862,1.9512402939813165
19,134.49448551690705,371.38577142164587,57.498870234428004,2.181207900057686
19,189.05369257608064,370.78464818763325,35.95160241660575,1.9163967173030787
19,409.42817922249066,368.77377553261584,63.45712184640667,2.5296436668400637
19,468.23534060376164,369.07855223644697,44.091061928642105,2.459956513483588
19,497.08234196407744,370.7736179146256,59.749765287842166,2.5505498128470063
19,18.12461563359767,372.27075578572584,43.05969205896626,2.3972380754627602
19,166.35585347830676,368.88979204053624,66.01464037458932,2.167270469386391
19,339.07485810707163,370.66068415401134,45.42905527308643,1.9721464399882591
19,351.20739741249304,372.40971505675054,87.7988445138236,2.0488023086803824
19,145.57053484888536,372.89214908802535,79.08795034426414,2.648111827546072
19,180.56041456016177,372.4617037411527,55.13647573564349,2.0975833160299153
19,211.46975706494794,372.7741695587506,28.11179766400225,1.783991125925775
19,259.5165772793759,373.2205021940517,57.17134061365257,2.696892834895605
19,274.2735862985383,373.366012106895,47.199108968340916,2.731736411573843
19,346.7970835174547,372.9630578877596,78.85101402285213,2.0488023086803824
19,400.0471409864688,375.95591444783935,31.930653667937115,1.8745844252891932
19,116.09704545454545,377.4409090909091,30.66234747684926,2.1951453307289808
19,123.53403456048085,374.0912096168295,46.3768005587345,1.8885218559604884
19,135.82692752952073,374.3606158833063,60.19576306932361,2.181207900057686
19,268.79872162796767,373.9642577615445,53.42217176307418,2.3414883527775796
19,443.4258088508739,373.9126069170695,18.738875537556286,1.9791151553239066
19,82.46847258826031,375.0093585408218,1737.2380147389156,123.81316536845017
19,88.8824364671011,374.99555661136276,3872.2154572599156,225.2149422174578
19,99.11591075636126,374.9984645043461,3090.6600949363706,179.85557409772784
19,206.39255398361877,377.02382725241995,46.79492347887336,2.2369576227428665
19,241.90030415680974,374.67421426157483,41.240857356362255,2.4738939441548835
19,263.0904434873705,374.59073448958213,59.868233448548175,2.696892834895605
19,412.72860898661565,373.6570267686424,58.31420992869877,2.1463643233794483
19,487.40012082158677,374.5461135722916,34.60664035682578,2.571455958853949
19,506.1891754756871,374.96321353065537,82.40505884403238,2.125458177372505
19,147.4695632995148,375.59516982796646,63.19231066365206,2.648111827546072
19,248.51874501462376,376.1766817335815,52.418676754740936,2.271801199421104
19,334.4755561658885,372.7426531172755,50.74618507418552,1.958209009316964
19,353.9056952012656,375.7906486201441,79.29004308899792,2.0975833160299153
19,423.51395182446936,375.91581206773196,29.219823402370213,1.958209009316964
19,495.28461735346815,377.9471461479396,54.453541632750024,2.404206790798408
19,10.602030602030602,377.4508794508794,48.73222634218338,2.4251129368053506
19,223.12018867924527,375.50962264150945,36.93419127893206,2.3345196374419324
19,296.8926833992526,377.0079241413064,4029.541174677495,238.9433114286835
19,305.07589213268636,376.99503301248905,2190.0930121106367,144.05728341850633
19,315.0647202744209,376.7241377177164,2252.97869929952,150.43365795062385
19,321.74607321780553,376.70262709428386,1357.6172468295147,89.01140098222626
19,367.32759280520474,375.9559892843475,18.20925317204707,1.6655229652197665
19,372.8074634937804,376.3504597079502,12.885154655612336,1.9373028633100213
19,432.057068434762,379.09471939379586,29.42888486243964,1.7491475492475372
19,69.52076677316293,378.73801916932905,19.630871100519173,1.7561162645831847
19,164.2681042228212,379.17520215633425,38.780900842878665,1.8954905712961359
19,171.72294002925403,378.1112871769868,57.17134061365257,2.4251129368053506
19,232.74149167270093,376.552377504224,57.742775271175674,2.7874861342590234
19,241.0427978281699,377.7347492813798,43.638095431825015,2.160301754050743
19,153.75619128949614,379.1325789923143,32.641462632173166,2.0975833160299153
19,209.49026850404886,379.17246768006817,49.052787247623165,2.306644776099342
19,253.41577825159914,379.3549545505555,62.09822235595539,2.1045520313655626
19,341.0267386722866,379.23748682824026,52.90648682823627,2.3902693601271126
19,403.3532397730666,377.8557778441326,23.338227659083675,2.181207900057686
19,477.72226890756303,377.8436974789916,16.58554249884119,2.0278961626734398
19,34.748178650617675,380.35191637630663,44.000468629278686,2.0627397393516773
19,54.916730621642365,380.207981580967,18.160472164697538,1.7282414032405946
19,139.45197423690843,380.1009521142537,49.77056492719486,1.881553140624841
19,150.5683669095585,377.9697099585655,48.77403863419726,2.034864878009087
19,247.09900343081196,379.768665250776,42.655506569498705,2.271801199421104
19,387.1377188831046,383.4862754377662,58.89958201689316,2.592362104860892
19,176.12820137567687,379.6360310259037,47.617231888479765,2.4251129368053506
19,196.40159574468086,380.5586262719704,60.26545022268009,2.9756414483215075
19,453.90405273925893,381.000416458286,3831.922345189201,222.85254771867326
19,462.21937981269514,381.01616233090533,1674.233859389326,104.3425747206509
19,10.985320659367105,380.7496089519913,57.91699315456686,2.4251129368053506
19,69.50705679862307,382.17005163511186,20.24411805005616,2.2021140460646285
19,157.5508506616257,379.9094517958412,36.864504125575586,2.0975833160299153
19,161.1105780214759,380.5060543751428,30.502067024129364,2.0975833160299153
19,270.3570057581574,380.6227340584346,32.6763062088514,2.223020192071571
19,20.483219010289073,380.76139147476727,56.89259200022667,2.759611272916433
19,39.103711623644415,384.14464640293266,45.62417930248456,2.0627397393516773
19,122.08015750246098,383.17929967655743,49.55453475178979,1.9651777246526114
19,277.408581768051,380.87799414096156,40.439455092762785,2.209082761400276
19,417.6112017400761,385.84919340221137,38.44640250676758,1.9442715786456688
19,485.86826776592886,382.94659019625414,77.7638944304911,2.669017973553015
19,4.418032786885246,384.01357581967216,54.41172934073614,2.2857386300923994
19,31.495990836197024,381.02078219603993,42.58581941614223,1.8885218559604884
19,130.95524827152735,384.2750471401634,55.43613049507633,2.0627397393516773
19,135.32470222682548,385.13490419471776,53.82635725254174,2.0627397393516773
19,254.09234828496042,382.70084181429826,55.464005356418916,2.3763319294558176
19,263.7964731814842,382.96271124173404,37.93768628726531,2.1881766153933335
19,379.51047943411055,385.349096148808,53.19917287233346,2.3275509221062847
19,426.57002827521205,383.4071630537229,36.969034855610296,2.5366123821757114
19,504.0842490842491,378.5500468523724,81.80574932516669,2.125458177372505
19,141.56701263537906,385.07919675090255,61.770692735179956,2.0488023086803824
19,233.5102880658436,390.59893226559893,62.6557195828072,2.446019082812293
19,321.8486452349488,385.1881118692521,3100.71595116571,189.08912191746086
19,412.1796062407132,384.81036404160477,37.51956336712646,2.6132682508678347
19,62.69686827635668,386.50394453741336,29.150136249013737,1.909428001967431
19,168.05239960822723,386.13124387855044,14.230116715392315,2.1951453307289808
19,208.1930905490153,385.46264715590274,63.33865368570066,2.620236966203482
19,224.0277498491856,386.3975467524633,34.65542136417531,1.9303341479743736
19,315.03608094171864,386.0911709234157,4500.382426330522,270.3861550231253
19,345.7699115044248,385.9234470315319,81.10887779160194,2.404206790798408
19,477.71540292417546,387.5889153349201,61.48497540641841,2.5366123821757114
19,43.425401160805734,384.56333219528847,40.8227344362234,1.8397408486109554
19,85.70464601769912,387.40901548672565,25.198874653701573,2.0488023086803824
19,146.8234662576687,386.66518404907976,45.43602398842208,2.160301754050743
19,217.6609245913166,388.2531200562489,39.64502154449896,2.2648324840854563
19,365.00610394291067,387.0096648165501,2416.9246962859647,134.10595791920161
19,393.62959621024135,386.46435822242273,61.784630165851254,2.2927073454280467
19,102.53627492575308,391.2689859991515,32.850524092242594,1.6655229652197665
19,177.46453698421755,386.5390758699373,36.64847395017051,2.0627397393516773
19,245.85581622678396,388.9789833822092,42.77397473020471,2.905954294965032
19,350.9307550952222,387.798028733712,83.42945999837258,2.2508950534141614
19,437.42537764350453,388.59818731117826,11.53322388049671,1.7491475492475372
19,487.53070389534315,386.79586058771844,71.38055118303794,2.0000213013308494
19,8.072648835202761,388.69456427955134,40.3837053700776,2.1951453307289808
19,50.499549143372406,389.4226780883679,30.91322122893257,1.8676157099535458
19,159.09984732824427,387.8824427480916,22.822542724245753,1.9442715786456688
19,193.3393367010762,388.83856797715794,31.728560923203336,2.459956513483588
19,484.2354250111259,389.0836671117045,62.63481343680026,1.721272687904947
19,491.9616833354981,388.4021301467723,53.652139369150554,2.669017973553015
19,497.45778635778635,386.87271557271555,54.14691815798153,2.8711107182867943
19,502.40991667804946,389.10135227427946,51.01796497227578,2.620236966203482
19,27.783420463032115,395.4243216330595,55.98665900659248,2.0906146006942676
19,69.82722580645161,388.8144516129032,54.00754385126858,2.223020192071571
19,77.46033555953738,389.9390780257371,42.78094344554036,2.383300644791465
19,118.06368176953265,389.88690688547985,39.066618171640215,1.9651777246526114
19,184.04082927861222,389.6714618151047,32.94111739160601,2.257863768749809
19,227.3312356979405,387.55949656750573,36.543943220135795,1.7700536952544799
19,345.1773894625364,390.11331744770985,78.96251346822248,2.36936321412017
19,407.54057697492584,390.0212995416554,51.69393035983359,2.8292984262729086
19,111.52241740954379,390.7872312532774,53.157360580319576,2.1463643233794483
19,123.40218324543113,390.95731632527907,56.81593613153454,2.8780794336224416
19,209.33565088757396,390.67366863905323,47.108515668977496,2.620236966203482
19,213.11297013274336,391.90417588495575,50.397749307403146,2.4390503674766455
19,256.5137851069312,392.48054625096626,54.09116843529635,2.494800090161826
19,383.81951962110963,393.20805142083896,82.39809012869674,2.794454849594671
19,392.4697518817954,392.1420407025369,49.99356381793559,2.0975833160299153
19,129.67323556370303,392.66040329972503,45.61721058714892,2.459956513483588
19,184.23205888366388,393.2686567164179,34.08398670665221,2.257863768749809
19,15.77666129490947,394.0977343824059,73.51297807574609,2.5157062361687688
19,47.558066417763804,394.4588327765769,35.46379234311043,1.9303341479743736
19,336.28276107876917,393.255197813948,58.6556769801455,2.118489462036858
19,502.1486576068943,393.4506131919125,42.04922833529737,2.174239184722038
19,84.17376981675932,395.12888614371013,33.847050385240195,2.0278961626734398
19,111.2502982107356,394.4642147117296,35.05263813830722,2.1463643233794483
19,208.37865331826256,394.56644598740513,43.15725407366533,2.508737520833121
19,351.1173420164013,394.8882054992764,57.784587563189554,2.1045520313655626
19,379.3511777301927,394.65513355122283,61.83341117320079,2.6759866888886625
19,442.43845150065243,395.442366246194,32.04215311330748,1.9930525859952017
19,465.940694756307,395.4913485669,52.76014380618766,2.6620492582173676
19,63.14641382868937,396.2230392156863,54.02148128193988,2.669017973553015
19,65.9577256393997,397.36366518706404,65.9379845058972,2.669017973553015
19,89.49649932965887,394.9189632057202,46.78098604820206,2.1881766153933335
19,188.55764002175096,399.15810222947255,51.26187000902344,2.592362104860892
19,196.885698509111,396.5946990612921,37.861030418573186,2.125458177372505
19,223.17134502923977,396.1304093567251,23.833006447914652,2.7735487035877284
19,269.81231859943574,396.0106113000072,2408.213802116405,147.36045448760328
19,278.01459802149043,396.00085464349723,3530.6578125138217,217.73054194697232
19,288.1718642967877,395.99963291566564,4252.407659826839,248.44863914650676
19,294.7438932938261,396.00484466880664,3048.0324632282145,170.8380564533999
19,340.38667992047715,395.8014137397835,63.094748648952994,2.2927073454280467
19,376.48215002005617,397.4632972322503,52.11902199530809,2.034864878009087
19,421.365880297073,395.9078200087374,31.902778806594522,2.2787699147567517
19,428.2390250471317,396.13116078642605,51.74968008251877,2.752642557580786
19,448.7870493991989,394.8702269692924,52.19567786400022,1.8258034179396603
19,77.92832325312058,396.5560416934757,54.15388687331718,2.4738939441548835
19,118.4531724534187,399.3364524337191,84.89985893419421,2.1463643233794483
19,231.48603351955308,396.46348024001657,33.679801217184654,2.069708454687325
19,247.41682161216232,396.29979219074704,63.714964313825625,2.7874861342590234
19,257.0375971143174,396.4049667036626,50.230500139347605,2.494800090161826
19,495.74474083712863,396.4894816742572,32.13274641267089,2.174239184722038
19,45.426984523215175,401.45019970044933,55.83334726920824,2.1115207467012103
19,96.54088635570548,395.7985343724555,59.91004574056206,2.4529877981479404
19,193.3348990953375,397.6998956158664,40.05617574930217,2.125458177372505
19,417.5264544456641,398.00965971459937,31.74249835387463,2.466925228819236
19,430.9583717357911,397.44377880184334,45.36633683506561,2.752642557580786
19,460.12804759118393,398.428320655354,71.45720705173007,1.9791151553239066
19,487.86486030218623,399.1944796150924,82.55837058141663,2.181207900057686
19,108.3302395855817,399.0353982300885,32.28605815005514,1.8676157099535458
19,141.76867682177553,398.9917089796202,1502.8383057090743,92.53757094206394
19,167.12124393647417,399.006316034288,2097.443941723202,124.78181680010519
19,209.26231641569066,399.4264733221788,37.48471979044822,2.2369576227428665
19,480.14228905182057,394.7154218963589,56.0772523059559,2.1463643233794483
19,32.93665311653116,400.1575203252033,41.14329534166318,1.8954905712961359
19,57.536279069767446,400.09767441860464,44.948213914926754,2.125458177372505
19,150.01037259659347,399.99563515770734,2286.2682524579086,142.43357274530044
19,159.0120930985194,400.01210928018554,1291.964979652379,86.57931933008527
19,438.105625717566,398.63464727643833,54.62775951614121,2.160301754050743
19,502.4790635935803,400.133341378062,57.74974398651132,2.2369576227428665
19,83.01815904821541,399.7534961385932,33.38711517308745,2.2439263380785137
19,127.54721362229103,403.5279927760578,54.02148128193988,1.7073352572336518
19,179.17821782178217,400.98899889988996,38.007373440621784,2.446019082812293
19,212.88187337380745,400.43850823937555,40.17464391000818,2.2369576227428665
19,308.22415768966306,400.511460004584,60.8090100188606,2.2927073454280467
19,317.8195681973955,400.44431117203567,40.66942269883915,2.223020192071571
19,441.94045899534586,400.7348740170117,43.42206525641994,2.1881766153933335
19,471.0842406421362,400.6308511483748,87.68734506845323,2.6620492582173676
19,226.4158349966733,401.853626081171,20.94795829895656,2.132426892708153
19,229.05357936860827,399.88128056914184,31.345281579742718,2.132426892708153
19,350.41790089595906,401.58475041140974,76.223808341313,2.181207900057686
19,378.01893571567297,401.89415420469993,71.76383052649855,2.167270469386391
19,84.69665567593029,402.843617522374,29.589165315159534,2.2439263380785137
19,186.16834132014222,402.64677693615704,45.08061950630405,2.592362104860892
19,345.6616220735786,400.43770903010034,83.3458354143448,2.2927073454280467
19,365.19442466171535,402.90090548377253,68.49550303407986,2.2439263380785137
19,382.92404323692665,402.8983347940403,71.56173778176478,2.1045520313655626
19,422.0394315452362,407.3542834267414,34.815701816895206,2.3972380754627602
19,462.1643255897713,402.7920043219881,77.39455251770178,2.2857386300923994
19,482.25589743589745,403.2069230769231,54.35597961805096,2.8502045722798517
19,12.947422813589975,404.5963053869009,53.94482541324775,2.306644776099342
19,108.50368493781667,403.8399355135882,30.2581619873817,1.7282414032405946
19,250.61472602739727,406.34707586933615,52.90648682823627,2.3623944987845222
19,219.59241394431047,401.9747862310897,31.784310645888514,1.6864291112267091
19,452.0385262449529,406.0984185733513,41.42204395508909,2.1881766153933335
19,493.97675521821634,405.1222722960152,58.76020771018021,2.5644872435183017
19,499.11744928835594,403.8657402218985,62.18184693998317,2.5644872435183017
19,24.046371833404894,406.3809932732217,48.690414050169494,2.3623944987845222
19,38.91770483948251,404.3126497364638,58.17483562198582,2.3136134914349893
19,48.65825611253768,405.8064083956682,62.418783261395184,2.418144221469703
19,120.97020210744516,403.7424425634825,80.68378615612744,2.466925228819236
19,245.07868852459018,406.38826574633305,40.3837053700776,2.257863768749809
19,305.92842712842713,408.4074074074074,72.43979591405638,2.571455958853949
19,342.3461738677772,403.5878188443519,66.9345107988948,2.209082761400276
19,397.75966268446945,405.51300070274067,39.6659276905059,1.7073352572336518
19,443.99951361867704,406.1493190661479,42.98303619027414,2.1881766153933335
19,480.326213592233,405.88528752800596,46.655549172160406,2.8502045722798517
19,55.71705464108308,407.2161293464498,71.54780035109349,2.418144221469703
19,64.51707675358061,406.5943199902069,56.927435576904905,2.1533330387150955
19,91.89843546284224,407.2530638852673,53.45004662441678,1.7421788339118898
19,181.35937994305598,406.73331224296106,44.056218351963864,2.446019082812293
19,363.6740733155847,406.7534302682777,68.05647396793405,2.2439263380785137
19,389.56057737813535,406.97681022243256,29.44979100844658,2.0557710240160296
19,10.560120542440984,407.9623304871924,69.37356116637145,2.306644776099342
19,259.5231884057971,406.5746376811594,48.08413581596815,3.240452631076115
19,267.46491372226785,411.5630238290879,42.4046328174154,2.320582206770637
19,357.36848455598454,403.63344594594594,86.63506905277045,2.355425783448875
19,375.3601988747874,408.5629988224519,53.261891310354294,2.08364588535862
19,413.3035679085354,407.74236152178196,35.352292897740064,1.735210118576242
19,238.69335216163373,406.16109059309144,64.15399337997142,1.8536782792822506
19,433.8580883484685,406.97968293058335,45.27574353570219,1.8745844252891932
19,474.94572480567297,408.4141551888722,51.101589556303544,2.181207900057686
19,20.236369970388434,410.0956279393834,40.00739474195263,2.7247676962381955
19,97.42710615415255,409.70663214499103,69.97983940057279,2.034864878009087
19,173.74714587737844,409.7293868921776,16.481011768806475,1.9024592866317835
19,328.00257202594145,410.003880564617,3403.039728572108,189.45149511491454
19,344.82237472071495,409.9176508139164,43.665970293167604,2.174239184722038
19,382.8052438745134,410.32619647355165,60.864759741545775,2.494800090161826
19,444.838936559291,410.09959206639473,49.5405973211185,2.0975833160299153
19,452.262987012987,409.9599025974026,42.927286467588964,2.1881766153933335
19,75.31904175528938,412.4044553901265,62.25153409333964,2.3763319294558176
19,78.48331613347094,412.5917899323472,60.774166442182356,2.3763319294558176
19,148.57900290160907,411.3534687417568,26.418399837439896,2.1463643233794483
19,229.05058528428094,411.3689381270903,33.33833416573792,2.209082761400276
19,309.64229448596245,409.7512623712381,69.00421925358212,2.5017688054974734
19,377.85333692142086,410.48129709364906,51.79149237453266,2.2787699147567517
19,460.2152962599804,410.89900546295,49.74965878118792,2.5644872435183017
19,7.999699879951981,412.030512204882,69.659278495133,2.0278961626734398
19,42.15835567470956,412.2314566577301,38.98996230294809,2.418144221469703
19,495.8676560775175,412.5364896357169,56.81593613153454,2.5784246741895966
19,502.1565747853592,412.1203117939449,61.68706815115219,1.9651777246526114
19,28.032784999424823,413.4669274128609,60.579042412784226,2.432081652140998
19,54.063070316693505,411.56105743424587,51.930866681245604,2.418144221469703
19,95.02963305938188,412.52147239263803,60.20273178465926,2.034864878009087
19,117.62691326530611,412.6951530612245,10.926945646295373,1.7073352572336518
19,134.39096449390567,412.4733704292528,52.599863353467775,1.860646994617898
19,143.13498256682718,413.592893906691,41.97257246660524,1.9930525859952017
19,162.51727897089285,413.99280497111084,63.92402577389505,2.118489462036858
19,280.9988186441702,413.00666309690246,3344.6837063513954,186.20407376850278
19,464.8886155528222,411.9907065737324,50.99009011093319,2.2369576227428665
19,478.3479642268769,408.5325959049188,59.220142922332954,2.8502045722798517
19,486.9236183524505,412.5307612095933,53.46398405508807,2.3275509221062847
19,498.918739460371,413.40008431703205,66.11917110462403,2.466925228819236
19,19.37766554433221,413.9650673400673,49.6730029124958,2.7247676962381955
19,89.28571428571429,413.58673469387753,49.17125540832917,1.9163967173030787
19,126.89474855362705,416.58010680907876,31.31740671840013,1.8258034179396603
19,199.0305363210826,413.99921984778825,4671.701324142082,265.2641492514243
19,205.47940756778036,414.0066389350452,1841.1276229627495,144.18272029454798
19,265.53536541244574,417.22901591895805,77.04611675091941,2.606299535532187
19,397.77939967105266,415.45189144736844,33.89583139258973,2.3414883527775796
19,65.63920922570017,414.80414768872953,71.91017354854716,2.65508054288172
19,165.8815132048537,414.6490262057714,68.3421912966956,2.118489462036858
19,352.3481129585643,412.74821852731594,52.808924813537196,1.9651777246526114
19,158.37640334762196,416.51592161665644,68.27947285867478,2.118489462036858
19,403.7681641708264,415.60316139767053,25.129187500345097,2.2369576227428665
19,444.86347353058244,416.0271991508558,52.52320748477565,2.6411431122104245
19,53.119287513494065,417.0809643756747,38.73211983552913,1.9651777246526114
19,169.93924940379063,416.5495167566211,55.5197550791041,1.9512402939813165
19,394.96326851306225,416.85916322922805,35.47772977378172,2.3414883527775796
19,63.16333786468682,417.453309630869,66.6418247547976,2.65508054288172
19,70.76827074432201,413.7652349898808,61.979754195249384,2.3763319294558176
19,220.24421691315888,418.1808873720137,55.129507020307834,2.6132682508678347
19,244.91015228426397,416.06565143824025,41.18510763367707,2.2787699147567517
19,388.4533694971834,417.9868558314208,33.40105260375875,2.132426892708153
19,8.51040863531226,421.41502368102215,63.26896653234419,2.508737520833121
19,139.74102653025835,419.19446852783074,80.37716268135894,2.0975833160299153
19,317.8121899362155,418.5223245924876,49.16428669299353,2.1533330387150955
19,391.9026396983202,417.7401439835447,40.65548526816786,2.132426892708153
19,440.330905720339,417.74549788135596,52.627738214810364,2.4529877981479404
19,460.6543458088463,418.92592019795853,45.05971336029712,2.5644872435183017
19,28.06120720938672,419.5596951735817,57.61036967979837,2.0069900166664967
19,157.65372969997247,419.89265070189924,75.95202844322274,2.5784246741895966
19,303.5006937218175,420.05081512313564,40.181612625343824,2.0139587320021444
19,453.7984386089425,420.33942512420157,39.27567963170964,1.9512402939813165
19,485.91454423592495,420.2406166219839,20.794646561572314,2.1393956080438006
19,19.648730964467006,419.52148900169203,61.77766145051561,2.167270469386391
19,49.66382667964946,419.6699123661149,28.62748259884017,1.9651777246526114
19,180.80796502008982,419.48203734341763,58.96926917024964,2.4251129368053506
19,256.0822205265166,420.75953834414344,73.06001157892901,2.418144221469703
19,470.36933974196813,418.6994687579054,27.5473317218148,1.721272687904947
19,476.5455978383247,418.5859040756586,30.94806480561081,2.5366123821757114
19,133.55922536145377,421.6884202148826,52.537144915446945,2.0975833160299153
19,136.46626887481733,420.64856307842183,57.22709033633775,2.0975833160299153
19,147.3774966711052,421.4905126498003,41.86804173657053,2.5784246741895966
19,171.1439017660044,422.44881346578364,50.5092487527735,2.5505498128470063
19,240.6302058013288,423.35488575595525,43.003942336281085,1.9373028633100213
19,326.18549576115004,426.2836343531146,75.62449882244731,2.8292984262729086
19,332.8250643776824,426.18884120171674,40.59276683014703,2.557518528182654
19,413.45421520731554,421.47976951020917,55.631254524474464,2.209082761400276
19,427.48189806678386,421.55325131810196,19.825995129917306,2.7805174189233757
19,497.5759463344514,419.6583612841399,58.17483562198582,2.494800090161826
19,503.3850698174006,421.69897959183675,51.902991819903015,2.5296436668400637
19,106.02590099244031,422.9470614751373,4715.137326829173,284.72777118388797
19,114.25034112326529,423.0069958791397,1527.0476227851138,98.76760245213285
19,321.81024897268554,423.23531544597535,57.6591506871479,2.3902693601271126
19,449.49054945054945,423.08483516483517,47.56148216579459,1.9512402939813165
19,19.176055382109407,423.5901995384824,51.33852587771556,2.167270469386391
19,153.9792740180923,422.51322569563723,60.85779102621013,2.5784246741895966
19,187.97582697201017,424.102417302799,32.864461522913885,2.7874861342590234
19,247.4709081022295,424.4968279862244,38.44640250676758,2.1951453307289808
19,419.6301041960011,423.9608560968741,49.491816313768965,2.4808626594905308
19,464.5901261150415,420.7877576130421,45.310587112380425,2.5644872435183017
19,29.47346862781605,425.1891640290449,37.42897006776304,2.6272056815391296
19,38.36684155299056,424.6759706190976,33.20592857436062,2.0975833160299153
19,60.74174882126018,421.4959279897128,65.03205151226302,2.3345196374419324
19,179.87169416077506,425.22754647813565,53.22704773367605,2.355425783448875
19,230.44851380042462,422.6611818825195,39.38717907708,2.0000213013308494
19,253.20985714285715,424.417,48.78100734953291,2.257863768749809
19,266.1229933316868,425.1509014571499,56.43265678807393,2.306644776099342
19,347.053199730549,424.816778937914,1241.406949892256,84.11936281660168
19,390.73327049952877,423.6286522148916,22.18142091336618,1.9373028633100213
19,129.5481617035435,422.8239893528531,41.888947882577476,1.8467095639466031
19,294.0150156880323,426.11878081577765,31.094407827659406,1.7282414032405946
19,354.06420222260607,425.7869627349676,1331.2824715761026,94.35640564466794
19,361.9021459702407,425.98955105723724,1637.3136055410653,112.99771916752516
19,370.0894568690096,426.00101808092546,4360.234592215314,254.29539131311506
19,18.672868497109825,427.0941112716763,38.57880809814488,2.1463643233794483
19,48.2706104468219,427.352422907489,22.14657733668794,1.958209009316964
19,175.2687984011991,426.78366225331,55.79153497719435,2.7387051269094904
19,215.3070204904266,426.74135035270405,20.74586555422278,1.9512402939813165
19,220.54715468875233,425.586160833556,26.08390150132881,1.721272687904947
19,276.54816112084063,426.82049036777585,31.833091653238046,1.9860838706595543
19,284.5705054234941,426.60050773136396,30.19544354936087,2.522674951504416
19,297.46762849413886,427.21154192966634,38.64152653616571,2.0069900166664967
19,80.85990193686497,427.9922399477416,4427.259696313572,263.1805033660657
19,88.97198779067938,427.7084898832562,2214.588046515438,166.59410881399054
19,97.95107111011006,427.80496323699566,2258.5815464293805,171.43039725692995
19,141.05493113819853,431.4347000158303,44.02137477528563,2.069708454687325
19,195.03474618038442,429.3962543124692,28.279046832057794,1.6933978265623568
19,8.861990950226243,429.5177002927868,52.36292703205576,2.3136134914349893
19,255.78432713347922,432.3687089715536,50.95524653425495,2.5157062361687688
19,506.86311651179415,428.54860614724805,38.99693101828374,2.167270469386391
19,144.21153522784599,431.276946359509,41.44295010109603,2.383300644791465
19,147.95572086432873,431.09298618490965,39.34536678506612,2.383300644791465
19,181.71276325805633,429.53514336462825,27.46370713778703,2.2021140460646285
19,189.19916707496324,430.4000489955904,28.446296000113335,1.881553140624841
19,306.77861380408046,430.09043553754884,48.160791684660275,2.1533330387150955
19,397.565314477112,429.44138444361744,37.44987621376998,1.860646994617898
19,477.54711640523647,430.003420214648,59.08773733095565,2.571455958853949
19,497.37833333333333,430.28,33.44983361110828,1.6794603958910617
19,31.58875260356399,431.5048599861143,60.2236379306662,2.8153609956016137
19,67.87427912341407,431.31468665897734,36.2512571760386,2.4878313748261784
19,384.7966641394996,430.137073540561,45.95867763859565,1.8954905712961359
19,163.80568389852672,424.6016912213408,79.93813361521315,2.794454849594671
19,207.43545589692766,431.9143954410307,56.251470189347096,1.9930525859952017
19,231.6641586867305,433.5229138166895,40.75304728286692,1.8118659872683653
19,322.22646626737486,428.5989377330772,61.666162005145246,2.8292984262729086
19,460.593143006127,431.64646069612826,53.457015339752424,2.5157062361687688
19,468.5549849699399,432.1515531062124,55.63822323981011,2.320582206770637
19,37.02966155406262,432.7642286728356,54.97619528292359,2.2857386300923994
19,47.81474220741031,432.7461282101549,35.547416927138194,1.9163967173030787
19,59.19757085020243,432.84264507422404,25.819090318574204,1.8258034179396603
19,126.36635780470421,433.21097647897363,48.885538079567624,2.2927073454280467
19,252.7032822035296,432.8655780966518,42.25132108003115,1.9721464399882591
19,264.91488292633903,430.6232539443272,69.34568630502885,2.3345196374419324
19,272.47296494355317,432.59813824519705,35.18504372968452,2.0557710240160296
19,280.99365829395674,434.4983834866949,56.04240872927767,1.860646994617898
19,346.9610936129647,433.1231832221163,4568.86399193393,269.91228238030124
19,413.7441098135628,429.90114730587993,68.02859910659147,2.3623944987845222
19,418.10467445742904,433.30133555926545,41.74260486052888,1.8885218559604884
19,434.00291690350923,433.0122061193003,3261.093965900303,181.4165663329129
19,487.21009918845806,433.40171325518486,61.82644245786514,2.3275509221062847
19,297.5445443400082,432.74356354720067,34.104892852659155,2.432081652140998
19,8.46858461120912,435.08020084136245,51.35246330838686,2.2369576227428665
19,208.46736523166265,435.00908976139374,55.19919417366431,2.1881766153933335
19,221.55731364275667,437.04465541490856,39.638052829163314,2.0418335933447347
19,241.84698186635754,432.52595843338577,84.16117510861557,2.3902693601271126
19,291.41889172145443,438.33838722662017,51.93783539658126,2.843235856944204
19,396.05933640106565,433.46306611770405,28.77382562088877,2.2369576227428665
19,91.07990794280005,436.18080394437254,4254.331025259478,263.38956482613514
19,97.66131211740023,436.1506547517638,2985.976053164273,191.3957666935602
19,108.07752015084644,436.00511386005263,5044.757562205303,292.0867345783318
19,157.43117487398217,434.3644823575029,35.94463370127011,2.2927073454280467
19,305.95815160955345,436.1582554517134,67.10872868228599,2.696892834895605
19,331.95259113944746,435.10315514140916,42.627631708156116,2.271801199421104
19,420.7553946201596,436.0248300325155,47.15032796099138,1.8885218559604884
19,460.6699675601844,435.81731261738094,40.815765720887754,2.229988907407219
19,477.4587311691067,436.07702100572885,65.68711075381388,2.94079787164327
19,311.995995363052,438.48424491516494,66.12613981995969,2.411175506134055
19,468.69439277172467,435.75232527238904,52.446551616083525,2.320582206770637
19,487.80252552391187,437.0122693892173,77.81267543784064,2.3275509221062847
19,20.735445967598363,436.7219156133167,39.14327404033234,2.229988907407219
19,128.5560461956522,438.099071557971,61.54769384443924,2.5644872435183017
19,204.8079325875345,437.63722214150806,47.965667655262145,2.5017688054974734
19,212.0016931216931,438.0706878306878,32.927179960934716,2.1881766153933335
19,271.22527472527474,437.9965986394558,26.63443001284497,2.0557710240160296
19,361.6527924130664,438.95785036880926,39.6798651211772,1.7282414032405946
19,63.310445187021664,440.04786029966584,64.6487721688024,2.4529877981479404
19,190.49874371859298,439.15682579564486,33.28258444305274,2.1951453307289808
19,284.7736098269713,436.5649187689869,52.76014380618766,1.8467095639466031
19,328.48185922086606,438.8408292927604,41.67988642250805,2.160301754050743
19,455.09293462327764,436.46320727059515,23.77028800989382,1.8397408486109554
19,35.15998855180309,440.3480251860332,48.69738276550514,2.4390503674766455
19,67.04947784649701,439.7256412856129,68.73243935549188,2.4529877981479404
19,139.17231548938867,440.4767184035477,22.000234314639343,1.7700536952544799
19,148.49188044245705,440.1325017651212,29.610071461166477,2.118489462036858
19,260.0625568009694,444.056346561648,46.007458645945185,3.038359886342336
19,294.95032829003713,440.4454753068798,48.82281964154679,2.843235856944204
19,414.1169580716347,439.84094381259547,41.05270204229977,2.160301754050743
19,506.9522093178481,439.7970898411427,52.20264657933586,2.2996760607636944
19,200.40957364937663,437.10420193935664,45.27574353570219,2.160301754050743
19,266.6451529956287,441.9799434301877,27.101333940333355,1.9303341479743736
19,404.58423493044825,439.69492331470695,58.61386468813161,3.1010783243631637
19,42.2613492264773,441.60309409079383,54.95528913691665,2.4390503674766455
19,57.85161861655023,440.69093771524155,70.82305395618614,2.4529877981479404
19,207.35206387466104,442.0811991563724,46.25833239802849,2.5017688054974734
19,237.11641094062708,443.5385256837892,41.78441715254276,3.094109609027516
19,309.3915432393693,441.70246058289536,58.34208479004136,2.181207900057686
19,499.65968463167803,441.88938573782065,29.610071461166477,2.9686727329858598
19,30.76385921511301,440.9992128640504,61.97278547991374,2.696892834895605
19,263.56140350877195,442.57959714100065,32.17455870468478,2.0766771700229723
19,22.582267441860466,443.8107558139535,23.9723807546276,1.7282414032405946
19,53.37041928029053,443.81071860900187,63.324716255029365,2.160301754050743
19,67.35774620848531,444.0741985025917,72.60007636677626,2.4529877981479404
19,245.6415163783585,444.0206109679794,37.86799913390883,2.620236966203482
19,330.46422992814746,443.710715401437,22.306857789407836,1.7979285565970702
19,221.25529394343255,445.5508662816526,47.059734661627964,2.306644776099342
19,376.8167396644495,444.999915144157,3202.842474409625,194.50381373325902
19,411.33961904761907,441.49485714285714,36.58575551214968,2.1533330387150955
19,13.005608131791096,445.8973010865755,59.645234557807456,2.355425783448875
19,251.74961079398028,445.86170212765956,26.857428903585692,2.6272056815391296
19,315.8569083711499,446.39007434585307,72.17498473130176,2.1045520313655626
19,385.15356981826545,446.0011575799402,3786.6256955074923,226.7410908759646
19,483.32281241981013,445.8334616371568,27.157083663018536,2.320582206770637
19,488.93329596412553,447.54185351270553,37.29656447638573,1.6933978265623568
19,176.7565040420455,447.006596607973,5420.434037234727,257.7867176962745
19,193.61026438569206,446.73592534992224,22.4044198041069,2.4529877981479404
19,201.05855767341325,446.5268225584594,35.46379234311043,2.9686727329858598
19,303.69453258481815,445.60385648035145,57.1016534602961,2.7665799882520807
19,360.12038894891185,446.9282296650718,45.15030665966053,1.832772133275308
19,43.63534726143422,448.02360248447206,61.70797429715913,2.5784246741895966
19,159.89586082430134,447.9947217341431,4969.481499149638,291.745267526885
19,167.8563517248071,448.017296586323,1939.1356354432967,142.7053526433907
19,285.92425659248175,449.0211333458014,37.2617208997075,1.7909598412614225
19,311.558076715289,446.58040698721413,77.39455251770178,2.0557710240160296
19,69.6735350286461,448.77022816363456,69.33174887435756,2.271801199421104
19,83.83696780893042,450.38245067497405,67.10872868228599,2.752642557580786
19,112.57702702702703,449.0472972972973,15.47054804513758,2.0488023086803824
19,295.10142316699694,448.98126463700237,38.6833388281796,2.2857386300923994
19,357.32473321626367,451.5135755774686,51.589399629798876,1.9303341479743736
19,432.6146514031322,448.99177597583275,1753.1894041422129,117.04654277753639
19,506.4701655331708,449.14205055819326,54.30719861070143,2.5366123821757114
19,210.43161990096675,447.89483612355576,59.10864347696259,2.571455958853949
19,267.67140505760887,451.29283256022745,46.57192458813263,2.4251129368053506
19,344.460343417825,450.556827473426,42.61369427748482,2.3623944987845222
19,441.8753875559803,449.9191836969044,7525.125442907002,383.5580920740416
19,6.885152898851529,450.87228448872287,50.362905730724904,2.1463643233794483
19,417.7235213204952,449.90243662802123,70.92758468622085,2.7665799882520807
19,450.9868411974192,450.9680494790791,3939.0593747594467,272.10045899569457
19,459.67508255386,451.7975430225623,4790.503983184201,248.92948050466643
19,467.8627341753986,451.461989043962,3690.429549014213,202.5735860919389
19,13.600624024960998,452.5440717628705,53.60335836180102,2.5993308201965393
19,53.93027407329623,450.41751548881655,66.3630761413717,2.4251129368053506
19,208.32220073826684,452.0384953418879,39.64502154449896,2.571455958853949
19,246.13329081632654,450.8471513605442,32.78083693888612,2.320582206770637
19,253.19678502031442,452.4764175940646,39.44989751510083,2.620236966203482
19,80.9224060150376,451.80401002506267,69.5129354730844,2.2996760607636944
19,99.99540293893693,452.9998678842154,4905.473848791715,275.0273194366666
19,237.19094602437607,449.5233604178758,48.028386093282975,2.857173287615499
19,259.41317494600435,453.2375809935205,32.2651520040482,2.432081652140998
19,275.49037520391516,453.0564437194127,21.359112503759768,2.118489462036858
19,337.48249786559336,452.49140139041344,57.13649703697433,2.5505498128470063
19,397.19431213224993,453.275147100028,49.74269006585227,2.306644776099342
19,480.8049890750182,453.5546249089585,38.27218462337639,2.174239184722038
19,498.8209982788296,450.977086919105,64.7811777601797,2.4738939441548835
19,31.527275635898256,451.234842425212,43.561439563132886,1.7909598412614225
19,68.45926899187769,453.90002388915434,58.34208479004136,2.216051476735924
19,124.08672430213628,453.99554604899913,4909.759608723138,278.8670815866084
19,130.6233876881929,454.00210732927826,3230.835803912921,191.45848513158103
19,139.2132712318201,454.0083065718333,1879.2255897027346,117.56919642770997
19,295.2917525773196,453.88006872852236,40.55792325346879,2.2857386300923994
19,490.2292490118577,454.5162663423533,45.840209477889644,1.9930525859952017
19,4.519833363521101,456.4979170440138,76.94855473622034,2.1393956080438006
19,73.7689582997907,455.28369022701656,43.28269094970699,2.125458177372505
19,112.04594330400782,454.57771260997066,14.257991576734906,1.7770224105901276
19,229.13966238638002,450.71634684749677,48.30016599137323,2.4808626594905308
19,318.87637821583695,455.3371199465419,62.57209499877943,2.7247676962381955
19,328.8710546574288,455.59026173979987,36.20944488402471,1.9512402939813165
19,86.62647503782148,459.3609682299546,46.06320836863036,1.958209009316964
19,189.68943606036538,455.64515488482925,35.0944504303211,2.4808626594905308
19,297.275234521576,456.22138836772984,37.14325273900149,2.1533330387150955
19,302.42822338830587,456.0892053973013,37.18506503101537,2.1533330387150955
19,363.67852170611314,454.91773193266675,55.05981986695136,2.216051476735924
19,506.0564955127262,456.49654259232017,47.36635813639646,2.0000213013308494
19,50.37206178643385,453.60141034251177,62.25850280867529,2.4251129368053506
19,192.86138227254978,458.2141741507224,35.6937599491868,2.4808626594905308
19,337.7227505486467,456.9237381126554,38.10493545532085,2.5505498128470063
19,386.4854149548069,459.8822925225966,33.923706253932316,2.4808626594905308
19,409.5274898307309,456.7081747802126,53.108579572970044,2.571455958853949
19,42.406980367715796,458.4391814687857,67.08782253627905,2.3902693601271126
19,63.90231923601637,457.8581173260573,51.08068341029661,2.216051476735924
19,312.50830564784053,456.56976744186045,50.34199958471796,2.7665799882520807
19,372.62685107571946,461.1426376082705,49.882064372565225,1.8188347026040128
19,490.5079596548791,458.65329930732776,57.34555849704376,2.118489462036858
19,25.86335898116211,461.1838684001061,26.26508810005565,2.3484570681132273
19,61.969636776390466,460.3371169125993,49.115505685643996,1.8467095639466031
19,256.8445149592022,460.1378059836809,15.372986030438515,1.958209009316964
19,285.69812145041504,456.71282947429734,47.85416820989178,2.034864878009087
19,392.4319925163704,459.5597754911132,37.2477834690362,2.2648324840854563
19,82.80253310305123,460.2720782959125,60.52329269009905,2.223020192071571
19,163.2370832520959,465.01384285435756,35.74254095653633,2.9129230103006796
19,205.50184275184276,460.7346437346437,11.345068566434225,1.7282414032405946
19,265.60443995963675,460.60166498486376,27.62398759050692,2.069708454687325
19,321.82356338434886,461.2795264221773,48.26532241469499,2.320582206770637
19,337.59106284493504,460.65533202777283,39.14327404033234,2.5505498128470063
19,343.5987424312995,462.51583605030277,29.923663651270616,1.9512402939813165
19,35.31028693528694,462.14774114774116,45.659022879162805,2.383300644791465
19,172.11875531785583,462.4864470645436,57.33162106637246,2.3484570681132273
19,256.562374749499,464.54483967935874,27.819111619905055,1.958209009316964
19,278.81045666839645,459.8866113129216,53.714857807171384,2.5993308201965393
19,381.78537291817526,462.1349746560463,48.118979392646395,2.4808626594905308
19,408.4665042630938,462.21071863581,40.04920703396652,2.571455958853949
19,502.1424961546913,458.75005493298175,63.429246985064076,2.808392280265966
19,46.85671246083393,462.9922872981441,57.82639985520344,2.9756414483215075
19,50.60881376396016,463.46709930576515,46.174707814000726,2.9756414483215075
19,182.69131699210635,463.16258135992246,50.321093438711024,2.229988907407219
19,276.0999830249533,461.50093362756746,41.05270204229977,2.5993308201965393
19,298.4987929993965,465.5783041641521,46.18864524467202,2.3136134914349893
19,61.844341188184536,463.50713574510456,41.993478612612186,2.522674951504416
19,87.89703691441814,462.51150471776197,42.098009342646904,1.958209009316964
19,92.54852589641435,465.51235059760955,43.72868873118843,1.658554249884119
19,108.77925718290119,463.7738846064004,29.8330703519072,2.020927447337792
19,151.88703923900118,464.2170035671819,35.16413758367758,2.1045520313655626
19,179.57699971534302,463.8859948761742,48.962193948259745,2.229988907407219
19,195.27379642947795,464.5137490481428,82.3632465520185,2.432081652140998
19,408.6797520661157,465.5756198347107,50.592873336801276,2.1463643233794483
19,480.87892832918834,463.68369884693647,61.6452558591383,2.2021140460646285
19,6.628184391427416,465.2647594015366,68.93453210022565,2.3275509221062847
19,12.500451834447858,464.4326766672691,77.11580390427588,2.271801199421104
19,114.2169255490091,465.196572040707,26.021183063307983,2.0139587320021444
19,175.59758440845457,463.5565468020862,50.774059935528115,2.3484570681132273
19,363.0015349194167,465.1085955487337,18.160472164697538,2.2857386300923994
19,423.8264049768543,464.9995873567793,3326.9343883915008,201.8139961203533
19,35.58203216033559,466.1383127476113,59.80551501052735,2.383300644791465
19,69.11862967157418,466.0489807474519,49.22700513101435,2.522674951504416
19,145.58967956720767,465.2852684144819,33.49164590312217,2.08364588535862
19,148.5606319385141,464.5397096498719,32.641462632173166,2.1045520313655626
19,217.09762896553255,465.99911044583945,4394.84123257214,250.35109843313853
19,223.63657279319685,465.9990837423636,3110.7021202416927,185.91835643974122
19,232.0656589704884,465.9954005288379,2063.5829539072906,134.9840160514932
19,240.17992197707156,466.0025072226414,1514.803589940381,93.603784388418
19,339.75090579710144,466.16340579710146,38.46730865277453,2.7735487035877284
19,381.34757644545334,466.07143810922685,52.188709148664564,2.355425783448875
19,396.00822320117476,470.30543318649046,47.456951435759876,1.9651777246526114
19,432.16127111220396,466.000005763113,3627.578705402008,217.73054194697232
19,447.58783878668726,465.9088611150119,49.624221905146264,2.223020192071571
19,494.4338680387409,465.85562953995156,46.049270937959065,2.257863768749809
19,22.126997965707645,471.1166811973264,47.9586989399265,2.494800090161826
19,257.38895290220364,473.3129050842575,96.767581150802,2.2996760607636944
19,323.96179027583986,466.7727809380702,64.9275207822283,2.2439263380785137
19,328.7317867317867,466.7393840727174,51.36640073905816,2.3484570681132273
19,334.4484903656501,466.54195114550146,45.93080277725306,2.8711107182867943
19,354.4011796648254,466.92013856380487,74.43284850005158,2.125458177372505
19,401.0721184803606,466.5756600128783,21.644829832521317,1.9721464399882591
19,26.785865874363328,467.4707130730051,32.836586661571296,1.7143039725692995
19,100.59208683473389,467.9592086834734,39.805301997218855,1.658554249884119
19,135.50386899406155,467.6913802411373,38.72515112019348,2.404206790798408
19,346.8560262228946,467.9132627332325,27.63792502117822,2.167270469386391
19,503.82040025823113,467.99728857327307,53.972700274590345,2.2648324840854563
19,35.96670111379033,469.28097370536227,60.69054185815459,2.020927447337792
19,55.40059790732437,468.91599402092675,23.310352797741082,2.1393956080438006
19,78.81829085457271,471.496351824088,69.72199693315382,3.0035163096640978
19,95.64174107142857,466.8341836734694,43.70778258518149,1.658554249884119
19,263.88483285388355,473.474754488642,70.25161929866304,2.2787699147567517
19,268.50981686190397,470.29170103943244,42.237383649359856,2.383300644791465
19,275.95719298245615,469.08725146198833,29.791258059893313,2.3136134914349893
19,451.54780324040286,467.0703546927456,47.742668764521426,2.223020192071571
19,10.440705343922467,469.8301251850855,51.770586228525715,2.167270469386391
19,124.58619808306709,469.8959744408946,54.530197501442146,2.6411431122104245
19,312.40881625926943,470.3549848942598,50.74618507418552,2.020927447337792
19,368.0750923266311,472.1413623307345,67.9310370918924,2.592362104860892
19,87.9247986736144,471.30317385125534,58.843832294207985,2.446019082812293
19,300.31649315068495,470.65106849315066,63.58952743778397,2.3136134914349893
19,338.22358642972534,470.6647819063005,43.136347927658385,2.8711107182867943
19,347.07151456778234,470.96243679267997,28.94107478894431,2.167270469386391
19,109.24096534653465,473.4095297029703,56.307219912032274,2.223020192071571
19,150.0742496050553,471.7721169036335,52.93436168957886,2.571455958853949
19,192.79049440043704,471.7396886096695,25.51246684380571,1.9791151553239066
19,468.1406603346902,469.9499472335293,46.22348882135026,2.257863768749809
19,496.1180267404334,474.5283540802213,75.57571781509778,2.8292984262729086
19,37.614594039054474,472.64850976361765,54.244480172680596,2.174239184722038
19,46.66855123674912,473.4962544169611,49.30366099970648,1.9442715786456688
19,65.56933063743747,474.16984143875703,65.48501800908011,2.2996760607636944
19,105.39719837324898,473.4765777978611,46.26530111336414,2.118489462036858
19,182.6049040511727,470.84360341151387,65.3665498483741,2.4878313748261784
19,291.1811707905854,473.0727821363911,57.73580655584002,1.9024592866317835
19,374.4303457536086,473.0864943493342,62.27940895468223,2.4251129368053506
19,127.48987227454522,473.77731905560574,54.014512566604225,2.6411431122104245
19,164.4430477450656,477.06571838129895,63.19927937898771,2.069708454687325
19,173.70067465234752,471.04378356051217,50.61377948280822,2.8292984262729086
19,330.01158589759564,474.426311199701,55.93787799924295,2.669017973553015
19,42.03099260086556,474.91833030852996,49.91690794924346,2.0975833160299153
19,58.44308841843088,474.8694894146949,55.95878414524989,2.759611272916433
19,197.54917891097665,477.47277441659463,40.314018216721124,2.3763319294558176
19,408.49334864580345,475.0368456311609,72.81610654218134,2.4251129368053506
19,447.49566279780083,475.5055589492975,57.03893502227527,1.9512402939813165
19,475.85228246236693,469.46469220413655,56.9413730075762,2.3972380754627602
19,14.0566576280862,476.28343085485943,48.829788356882446,2.167270469386391
19,62.142428785607194,474.47226386806597,65.0738638042769,2.759611272916433
19,138.17703286630876,476.4365588581904,53.22007901834041,2.418144221469703
19,266.70630775411814,474.6641221374046,52.03539741128032,2.2787699147567517
19,299.34558722291064,474.4909816880077,50.61377948280822,2.167270469386391
19,383.66973684210524,479.3747368421053,52.962236550921446,1.860646994617898
19,391.36106819686603,478.05992054734054,63.15049837163818,2.2787699147567517
19,460.5877023901311,475.82247494217427,36.153695161339535,2.0278961626734398
19,28.896847473342604,480.4571163653222,60.126075915967135,2.2857386300923994
19,30.969435215946845,477.41151716500553,31.463749740448726,2.2857386300923994
19,115.64397176295746,473.01718372654653,75.02518930358161,2.2857386300923994
19,248.29090909090908,479.4093788564377,84.70473490479607,2.6759866888886625
19,325.5824004534505,474.7398327901374,49.17822412366482,2.446019082812293
19,344.4697745192973,477.0266980218564,50.3768431613962,2.2927073454280467
19,356.78622327790976,476.79414093428346,44.00743734461433,2.355425783448875
19,476.527951867636,476.78716470293307,27.79820547389811,2.125458177372505
19,499.539373970346,475.806589785832,63.45015313107102,2.731736411573843
19,15.336265771501331,481.4546822548906,60.20273178465926,2.592362104860892
19,96.56755070202809,476.9279251170047,44.66946530150085,2.209082761400276
19,122.76886493341789,476.45244134432465,43.9586563372648,1.832772133275308
19,313.9342105263158,477.6437549096622,35.48469848911737,1.9303341479743736
19,337.83174835406,479.30907095830287,76.2098709106417,2.6341743968747773
19,379.15964203233256,478.2491339491917,48.27925984536628,1.8397408486109554
19,485.36431440045897,475.52323580034425,36.439412490101084,2.216051476735924
19,40.52801411081137,479.3208134467732,67.16447840497116,2.8711107182867943
19,46.65673162654439,479.26455228633296,54.711384100168985,2.620236966203482
19,86.4767430799962,478.8028155616855,73.26210432366278,2.2369576227428665
19,113.59536403235843,478.43481642812696,44.794902177542504,2.223020192071571
19,152.50445361720617,479.5413860525744,32.07699668998571,1.9373028633100213
19,159.04393727682037,479.9998447446049,44.88549547690592,2.069708454687325
19,186.12188099808063,483.242802303263,36.30700689872378,2.0557710240160296
19,365.92918454935625,477.658951563458,45.463898849764675,2.717798980902548
19,423.4550524202543,479.3876868168637,31.240750849708004,2.118489462036858
19,445.435738527372,479.0408735428656,47.226983829683505,1.9512402939813165
19,4.529078506185686,474.7212394496474,60.27241893801573,2.0418335933447347
19,74.55802019533189,480.2079953650058,84.19601868529381,2.404206790798408
19,207.91507977354607,479.93240693086295,40.62064169148962,2.543581097511359
19,229.27338766832034,482.0473068745571,39.33142935439482,2.0627397393516773
19,285.56474428726875,480.30540442509977,38.42549636076064,1.8188347026040128
19,409.22330923011486,479.4670353041259,49.15034926232223,2.3136134914349893
19,81.47031788586749,480.83914209115284,72.7812629655031,2.2369576227428665
19,139.59526346950858,480.53167554766134,58.85080100954363,2.181207900057686
19,198.79096989966555,480.78135451505017,33.33833416573792,2.466925228819236
19,305.4471593166468,483.47636074692093,35.08051299964981,2.0278961626734398
19,468.0174989329919,480.09631526532934,48.98310009426669,1.8118659872683653
19,35.21694725028058,481.45993265993263,62.09125364061975,2.8711107182867943
19,45.01202953787518,482.3736303001429,58.5093339580969,2.620236966203482
19,57.41722212214015,482.1720410736804,38.6833388281796,3.0522973170136307
19,106.31570315703156,481.83456334563346,33.99339340728879,2.0278961626734398
19,148.07880268784362,482.0297291793932,34.223361013365164,1.8118659872683653
19,257.88358846564614,482.19028123887506,39.15024275566798,2.125458177372505
19,325.4697542533081,481.92131379962194,29.49160330046047,2.132426892708153
19,401.79073999191263,483.14496562879094,34.467266050112826,2.5784246741895966
19,78.36801713367839,480.9956273424951,78.09142405126654,2.209082761400276
19,268.0601380216891,482.5392704567861,42.41160153275104,2.892016864293737
19,310.70434336525307,484.4326265389877,40.75304728286692,1.9233654326387262
19,432.4442428241504,481.5255691191026,42.2443523646955,1.8676157099535458
19,24.366778149386846,484.44104279221335,81.26218952898618,2.2857386300923994
19,63.346524775523775,482.70036581310274,62.86478104287663,2.7874861342590234
19,191.44674910251297,484.3761467889908,34.94113869293686,2.0975833160299153
19,218.10476845483723,483.6107290233838,30.39753629409465,2.3902693601271126
19,223.9052350019106,483.8393198318686,36.47425606677932,2.5157062361687688
19,340.8780487804878,483.87697274031564,58.28633506735618,2.404206790798408
19,380.13212844358657,483.70714160379015,39.714708697855436,1.783991125925775
19,453.21342657342655,483.8351048951049,49.82631464988005,2.1951453307289808
19,9.222783083219646,488.12237380627556,51.08068341029661,2.1881766153933335
19,158.03942817615862,484.76758127738066,30.223318410703463,1.9860838706595543
19,172.41108545034643,484.7145496535797,45.26180610503089,2.446019082812293
19,199.80571745767415,485.10324729392175,25.108281354338153,2.466925228819236
19,283.3087611525523,483.84803276290774,47.64510674982236,2.1045520313655626
19,293.02585034013606,487.2859236002093,66.58607503211242,2.167270469386391
19,334.41605198454516,480.6505093080436,79.3597302423544,2.6341743968747773
19,87.38638136632119,486.5218990304246,62.53028270676555,2.4251129368053506
19,287.0780710021992,486.35469682689285,44.36284182673236,2.1045520313655626
19,347.2253841159922,485.7647695304047,64.40486713205473,2.6759866888886625
19,431.7574704656011,485.8712068566134,30.08394410399051,1.9163967173030787
19,17.675812136800992,485.5404401257502,73.15060487829243,2.703861550231253
19,54.57746478873239,486.9674714956405,41.56141826180204,2.494800090161826
19,99.42731887401938,485.54068604830024,45.30361839704478,2.3623944987845222
19,166.55054991539762,487.5215736040609,32.94808610694166,2.606299535532187
19,192.42759540076653,487.4054324279287,41.819260729221,2.0975833160299153
19,209.90699935191185,485.5302981205444,43.01091105161673,2.0766771700229723
19,236.5921271637816,482.5664946737683,83.73608347314106,2.160301754050743
19,275.16137847274933,486.77698497039626,45.90292791591047,2.3763319294558176
19,385.37279564315355,486.91727178423236,53.74273266851397,2.132426892708153
19,457.99306977476766,488.1951488423374,44.24437366602635,2.0139587320021444
19,25.476080084299262,487.4489989462592,66.13310853529534,2.8292984262729086
19,70.68262268704747,489.1496379726468,34.64845264883966,2.0278961626734398
19,79.61086474501109,488.23709217611656,44.000468629278686,2.0418335933447347
19,140.98191874069346,483.6439055520102,65.51986158575835,1.8954905712961359
19,146.90933613067585,487.92641990109394,46.502237434776156,1.860646994617898
19,421.3376923076923,487.429358974359,54.35597961805096,2.3275509221062847
19,465.139065584558,487.80500109673176,31.77037321521722,2.5296436668400637
19,480.1025533696107,490.2768940979489,33.29652187372403,2.034864878009087
19,73.59925500543225,490.35899425733356,44.89943290757722,2.0278961626734398
19,242.1734820322181,488.62391573729866,33.74251965520548,1.7003665418980043
19,332.4039278131635,491.06599433828734,39.38717907708,2.2857386300923994
19,365.1215503246753,489.15482954545456,68.68365834814234,2.3623944987845222
19,373.5761396702231,493.47992240543164,35.92372755526316,2.167270469386391
19,497.4458624948538,489.38637299300126,33.85401910057584,2.3623944987845222
19,42.531833413116324,490.10722833891816,72.78823168083875,2.606299535532187
19,65.87605633802816,489.9582435791218,42.05619705063302,1.8885218559604884
19,95.70925470925471,491.4067158067158,42.54400712412834,2.2787699147567517
19,121.36855189558732,487.00082867205305,67.27597785034153,2.3136134914349893
19,129.60279483379207,488.61338132542875,32.91324253026342,2.069708454687325
19,232.28111137053466,487.87356992762085,59.69401556515699,2.6341743968747773
19,257.6003556910569,489.6252540650406,54.85772712221758,2.0278961626734398
19,262.65874971991934,489.5059377100605,31.101376542995055,2.223020192071571
19,274.90909090909093,490.2400635930048,48.21654140734546,2.432081652140998
19,300.65887300252314,489.67333894028593,41.42901267042473,2.125458177372505
19,308.06622998544395,488.89410480349346,38.30005948471898,2.3484570681132273
19,319.5800865800866,490.8290043290043,25.756371880553377,1.7979285565970702
19,356.1140334743425,488.95916865918707,37.888905279915775,2.745673842245138
19,38.788219178082194,490.70465753424656,76.30743292534076,2.1951453307289808
19,60.071898938314746,491.59508130627603,51.85421081255348,2.508737520833121
19,76.75336190335452,491.16270134476133,47.15729667632703,2.0418335933447347
19,109.64930404523706,491.99815137016094,64.08430622661496,2.620236966203482
19,268.6662322853885,490.0941521420427,42.78094344554036,2.703861550231253
19,486.94338016177096,489.5778345395204,49.10853697030834,1.958209009316964
19,28.78769551616267,492.548070907195,66.82998006886008,2.8292984262729086
19,283.9148401507748,492.1953092279771,49.91690794924346,2.6829554042243102
19,337.22767536509457,491.561407708882,29.108323956999854,2.2857386300923994
19,394.41143068756946,491.96593013208246,56.45356293408087,2.5853933895252443
19,412.12763440860215,485.5786021505376,64.8090526215223,2.4529877981479404
19,427.5218655360388,491.90490611750454,57.52674509577059,2.9198917256363273
19,448.51087947882735,494.46970684039087,53.48489020109501,2.4738939441548835
19,472.8730400696864,492.02003484320556,32.00034082129359,2.0627397393516773
19,35.13338997451147,491.46511847446425,73.81960155051459,2.0557710240160296
19,48.936974169741696,492.6519557195572,47.21304639901221,2.606299535532187
19,53.196885428253616,493.0258620689655,50.11900069397724,2.0906146006942676
19,167.2470477090222,492.6296646197449,29.505540731131763,2.216051476735924
19,293.24327158336246,492.5898287312129,39.87498915057533,1.881553140624841
19,317.0400526513727,492.5054531778864,37.059628154973716,2.2508950534141614
19,18.71431570109152,494.9244332493703,66.39791971804993,2.6341743968747773
19,147.34986020503263,493.9763280521901,37.38715777574915,1.8118659872683653
19,156.41215357233665,494.56928553267227,27.407957415101848,1.658554249884119
19,175.82981606969992,492.7763794772507,71.98682941723928,2.669017973553015
19,221.48067967275017,494.35468848332283,55.36644334171985,2.2996760607636944
19,255.3478841870824,493.46369710467707,31.28953185705754,1.658554249884119
19,366.2902718490227,493.73084700067403,62.03550391793457,2.3623944987845222
19,435.58401353772643,493.7352179972128,70.00771426191537,2.606299535532187
19,474.7838532739116,494.46177579705176,40.65548526816786,2.0627397393516773
19,501.55453232213796,493.85337667027807,38.59274552881618,2.3484570681132273
19,91.83710228766763,492.9023139626611,53.00404884293533,2.4251129368053506
19,121.74735959765297,491.8620284995809,41.568386977137685,1.9930525859952017
19,213.152959200129,496.50330591840026,86.42600759270103,2.5505498128470063
19,346.5037106844151,495.57768877370717,59.15742448431212,2.411175506134055
19,452.60830985915493,494.6295774647887,49.47787888309767,2.6899241195599575
19,45.86562623991536,492.9705065467531,52.69045665283119,2.606299535532187
19,57.54759693522173,495.9165312282331,60.02851390126807,2.0906146006942676
19,77.47274286414309,496.5297072154845,56.88562328489102,1.9651777246526114
19,227.4517747630552,498.39453633153687,37.498657221119515,2.3275509221062847
19,356.59660411081325,496.2618409294013,38.98996230294809,2.167270469386391
19,385.38490447854684,494.79392420920766,22.251108066722654,2.020927447337792
19,67.5817986494782,497.0914671577655,45.40814912707949,2.08364588535862
19,81.44358751088444,498.5831571090932,56.021502583270724,2.2439263380785137
19,101.97774244833069,496.7692633810281,65.74982919183472,2.3623944987845222
19,115.82414651493599,497.9690611664296,39.19205504768187,1.8954905712961359
19,174.75746360720453,496.5646434739699,56.48840651075911,1.909428001967431
19,183.0543503615582,497.45428038255193,59.749765287842166,3.2125777697335245
19,203.56498107347375,496.4673396098224,71.7986741031768,3.031391171006688
19,216.57217090069284,497.05128945342574,72.41888976804943,2.5505498128470063
19,237.677025527192,496.8599334073252,31.39406258709225,2.271801199421104
19,479.03089837470975,496.1521700303626,39.01783716429068,2.1463643233794483
19,27.034429902134182,497.9568447117085,59.101674761626946,2.543581097511359
19,192.82368444171132,498.5418606694193,79.32488666567616,2.216051476735924
19,295.05380237972065,497.89045525090535,53.882106975226925,2.320582206770637
19,305.70131463628394,498.41191936897457,39.75652098986932,2.606299535532187
19,332.0942275042445,498.06494057724956,32.836586661571296,1.6515855345484713
19,400.54577656675747,497.5623978201635,51.150370563653084,2.118489462036858
19,433.9879038675792,497.58841317841797,43.78443845387361,2.432081652140998
19,8.945801072066708,498.59410363311497,23.4009460971045,1.8676157099535458
19,253.37546335047233,502.51763721152696,58.27936635202053,2.306644776099342
19,325.2010542168675,501.52397088353416,55.52672379443975,2.1881766153933335
19,396.8149696561025,499.40579905596763,51.67302421382665,2.2021140460646285
19,467.51233367053146,498.65885923274453,89.55496077840678,2.703861550231253
19,491.694110920526,498.415380217267,48.75313248819032,2.3972380754627602
19,500.1870196413322,498.81588385994877,40.801828290216456,2.8641420029511466
19,102.45994065281899,500.208659293229,51.666055498491,2.2648324840854563
19,131.5617192147531,499.912254610351,46.85764191689418,2.0627397393516773
19,164.9336917562724,499.8220686123912,27.219802101039363,1.6794603958910617
19,223.9399647887324,498.6704225352113,39.582303106478136,2.3275509221062847
19,287.22951150585385,500.39049253128786,69.04603154559601,2.4878313748261784
19,346.5954584337818,500.33618477331055,89.61071050109196,2.843235856944204
19,353.93516957092,499.42139778902003,37.19203374635102,2.167270469386391
19,420.1093082835184,500.4767292912041,32.641462632173166,2.3345196374419324
19,474.308864265928,500.08504155124655,50.31412472337537,1.860646994617898
19,29.354466858789625,501.13279538904897,60.45360553674257,2.034864878009087
19,35.6390249877511,500.63449289563937,56.89259200022667,2.0000213013308494
19,42.83960546282246,500.6259484066768,45.92383406191741,2.5296436668400637
19,46.44386649328132,501.01907238838317,32.153652558677834,2.5296436668400637
19,68.21829492436024,500.8330270041001,49.28972356903518,2.08364588535862
19,256.51143670285654,503.0755771055128,66.11220238928838,2.306644776099342
19,367.9050866723501,501.07331628303496,49.04581853228752,2.418144221469703
19,93.50629072118625,501.702426421029,62.03550391793457,2.383300644791465
19,139.24650944503108,495.7008095740936,59.39436080572414,2.160301754050743
19,147.04772609372299,502.02680269756183,40.30008078604983,1.8954905712961359
19,155.1622739809991,504.0712534477475,45.477836280435966,2.3623944987845222
19,196.87540453074433,502.1616325062927,77.51998939374344,2.167270469386391
19,239.57013241785188,502.3722412947523,28.418421138770743,1.881553140624841
19,377.0940281598964,501.4525004045962,43.05969205896626,3.0244224556710404
19,428.40534232365144,501.4503371369295,53.74273266851397,2.459956513483588
19,121.15905476028175,501.7498295841854,30.669316192184905,1.6864291112267091
19,302.47864768683274,503.02148918696963,50.91343424224107,2.648111827546072
19,451.22371699053315,502.75984055804685,41.95863503593395,2.2927073454280467
19,458.08859975216853,502.64265799256503,44.99002620694064,2.1463643233794483
19,26.180048992923243,501.1149972781709,51.20612028633826,2.034864878009087
19,101.94396660763977,503.5175815836074,55.0946634436296,2.0488023086803824
19,131.062734962406,506.6433270676692,59.31770493703202,2.65508054288172
19,193.3134715025907,503.4516062176166,67.24810298899894,2.0488023086803824
19,267.5932651419377,505.0852775543041,60.63479213546941,2.6759866888886625
19,338.0099623047927,504.0659666128164,51.76361751319006,3.3240772151038853
19,241.17312574039602,506.5889321374175,41.178138918341425,2.1045520313655626
19,260.5641748942172,504.8523742360132,74.11228759461179,2.6759866888886625
19,276.17489655172415,505.1743448275862,25.2615930917224,2.0557710240160296
19,313.53959824520894,505.2930039251905,30.181506118689576,1.8258034179396603
19,331.84760548335413,504.8662987359801,39.14327404033234,2.0975833160299153
19,360.319154020791,505.42836659099055,58.32117864403442,2.2648324840854563
19,436.74071376547704,504.70417577081815,57.408276935064585,2.5017688054974734
19,443.0133476856835,506.9832077502691,32.36968273408291,2.0278961626734398
19,69.99897079634633,504.6319310433552,54.167824303988475,2.0488023086803824
19,74.59389712292938,506.65353095030514,39.96558244993875,2.752642557580786
19,161.31101622544833,505.8947907771136,40.801828290216456,2.8850481489580893
19,165.156102751178,506.234686122511,45.84717819322529,2.8850481489580893
19,174.4958082263558,502.97144354204875,53.19917287233346,2.418144221469703
19,210.35911522336272,505.5563105392511,48.20260397667416,2.2648324840854563
19,215.10811118705857,504.4985190248348,61.17138321631427,2.2648324840854563
19,247.3851620238772,506.07959067652075,49.03188110161622,2.1045520313655626
19,291.23663021271483,504.86684292753273,57.986680307923336,2.271801199421104
19,299.603692713485,505.4703813605891,63.40834083905714,2.648111827546072
19,369.45451165096677,506.45290034705005,56.2235953280045,2.703861550231253
19,388.4206178567387,505.96016747765077,61.58253742111748,2.8014235649303187
19,426.6866674525522,506.33855947188493,59.11561219229824,2.383300644791465
20,159.7676282051282,5.405906593406593,32.89018446832991,2.3643584988680386
20,263.44004837595025,5.03628196268141,43.58250634219175,1.8749212299940818
20,325.6754626456477,4.147189856065799,43.94393694074483,2.507424777461965
20,351.8287345385347,4.487535680304472,39.5691207374253,2.040576920997575
20,386.3678725621557,4.297900848593122,50.577694385021076,2.7031996850115476
20,499.26864,6.91552,47.0612758532651,2.3417690864584717
20,127.82594594594595,8.036621621621622,55.72055061026588,2.198702807864546
20,195.03108280254776,4.484968152866242,59.10896247170097,1.9803384879053956
20,235.79427850231383,5.857803954564577,17.898344432513785,1.7092655389905886
20,360.52223026792177,5.37204923968139,51.99329756268729,2.108345158226277
20,406.9639275766017,6.566295264623956,54.06399370023095,2.1761133954549785
20,455.8241695303551,5.830756013745704,52.58815208947256,2.108345158226277
20,486.4767801857585,6.132920536635707,36.48190104145111,2.477305560915875
20,490.6703011422638,6.330218068535825,29.004805533884348,1.8899808382671266
20,78.73524616889469,3.9189761982393216,46.1878185734285,2.552603602281099
20,92.3830806065443,7.406065442936951,47.17422291531294,2.2288220244106354
20,175.8112781954887,10.446165413533834,50.07319750787407,2.507424777461965
20,203.85190001444877,11.518566681115445,52.11377442887164,1.7092655389905886
20,210.33046047771484,7.458754001477469,30.578534598417534,1.7544443638097231
20,227.02454744925947,4.627537026878771,54.90733176352146,2.0932855499532317
20,260.96534653465346,7.565694407278566,56.27775611636854,2.078225941680187
20,275.7206327372765,7.258459422283356,54.74167607251797,2.4321267360967407
20,363.4837019790454,7.067665890570431,51.74481402618205,2.108345158226277
20,425.303626037571,4.063346439493229,51.707165005499434,2.4998949733254423
20,452.9027241770715,8.428717366628831,66.33757444276249,2.823676551195906
20,35.459846368715084,6.644436685288641,64.6960771410006,2.507424777461965
20,46.96492278223393,6.617023823775889,62.89645395237174,1.9502192713593058
20,104.52746815286625,5.951035031847134,37.82973598188862,2.5224843857350097
20,183.6994081349956,8.279939554212316,59.79417464812451,2.1234047664993216
20,270.9689112649465,10.22001258653241,59.8242938646706,2.1008153540897543
20,343.0696721311475,7.571948998178506,33.070899767606456,2.1008153540897543
20,416.0974585635359,7.493922651933701,34.072363717763935,1.9201000548132163
20,43.44950911640954,8.878260869565217,53.68750349340483,2.454716148506308
20,112.41739961759082,8.718164435946463,39.38087563401224,1.7469145596732008
20,147.792105532263,7.984865528172615,73.63395465105272,2.2740008492297696
20,256.15043315382815,7.591664715523296,64.31958693417448,2.130934570635844
20,281.1758512238479,7.415834814713524,55.06545765038843,2.379418107141084
20,434.6500076651847,8.819408247738771,49.11691238253572,1.9728086837688732
20,156.6881290704559,10.869005328596803,50.87135674634545,2.4998949733254423
20,168.84780439121755,7.20184630738523,30.179454979181845,2.040576920997575
20,217.09336637008673,7.495551300822164,66.85713092818254,2.4321267360967407
20,302.48109283418415,9.755530346001134,79.65026815613412,2.6806102726019803
20,316.48443579766536,10.401386186770427,61.925109218760355,2.5375439940080544
20,332.21662723893206,10.396417708685366,44.56138087993966,1.9652788796323508
20,464.4904796777737,8.575613328451116,41.12779019368544,2.5601334064176218
20,487.41725978647685,9.567170818505339,33.853999397804785,2.477305560915875
20,14.90406898410132,10.813527351118296,27.943103150634688,2.914034200834175
20,21.7419547079857,11.589094159713945,25.27002268216923,1.987868292041918
20,71.97789911596463,10.858034321372855,28.959626709065216,1.7017357348540663
20,92.91972642188625,10.518178545716342,41.83559178251855,2.2288220244106354
20,215.32296502630766,10.614979882389353,48.65759433020786,2.0481067251340974
20,246.17129120879122,9.811675824175824,54.81697411388319,1.9803384879053956
20,286.9563882063882,10.88101088101088,85.80964793980947,2.469775756779353
20,366.9527559055118,11.515419947506562,45.90168601624065,2.0330471168610527
20,504.56028563581435,10.620845921450151,54.83203372215624,2.3568286947315165
20,52.13591756624141,7.7198233562316,76.72870415116343,2.507424777461965
20,325.55962044129416,13.018634960557906,65.86319678216158,2.168583591318456
20,374.8794998922182,13.283574046130632,69.86152277865499,2.5902526229637113
20,382.58358120166565,12.2819750148721,25.315201506988366,1.9803384879053956
20,391.11808643073095,12.240263204695003,42.34008865966555,2.658020860192413
20,5.046052631578948,13.045055821371612,37.769497548796444,1.9201000548132163
20,84.96222699606159,10.545649838882921,42.06148590661422,2.7182592932845924
20,132.70526609861713,11.933370582483587,53.90586781336398,2.198702807864546
20,190.9407540394973,8.65374027528426,62.91151356064479,2.1459941789088885
20,302.3895862389586,12.843096234309623,64.78643479063888,2.6806102726019803
20,400.1066634122529,13.234927996094704,61.69921509466468,3.17757734561246
20,441.27282913165266,13.192717086834733,40.32210115107754,2.2740008492297696
20,29.1564660955723,12.827639591289092,72.9562722787657,2.4020075195506507
20,77.97055257231942,14.51099948033951,43.46955928014391,2.3116498699123817
20,110.44229804315103,14.277722027094832,30.013799288178355,1.8297424051749474
20,292.3213511916486,13.450758321843608,76.45763120224862,2.334239282321949
20,311.0228938906752,13.505980707395498,58.54422716146179,1.7770337762192903
20,316.7100247658017,13.610315494777646,69.92929101588368,2.5375439940080544
20,370.1419845568745,13.935346317851792,65.33611049260502,2.371888303004561
20,424.4186981327801,16.037214730290458,58.069849500860876,2.130934570635844
20,450.0324210526316,12.426736842105264,71.53313929696296,2.823676551195906
20,32.77383863080685,13.776394754389864,67.7531776204287,2.4020075195506507
20,42.701678863538525,15.203329028555029,52.47520502742472,2.545073798144577
20,85.9631605691057,14.801321138211382,29.63730908135223,2.5224843857350097
20,182.44894950239586,14.789040422656345,61.285075867155946,2.823676551195906
20,213.51267554258618,13.463067663687763,41.28591608055241,1.8146827969019024
20,219.21721540178572,14.761858258928571,53.97363605059268,2.2664710450932475
20,222.52564102564102,14.95790279372369,39.35075641746615,2.2664710450932475
20,261.04007989347537,14.438215712383489,56.54882906528335,2.3568286947315165
20,454.2600457055799,14.994477242430014,79.07800304175842,2.130934570635844
20,472.80568108457067,13.438992898644287,46.65466642989289,3.0495706752915788
20,501.6434108527132,14.820984315846403,41.76782354528984,2.1610537871819337
20,64.50331674958541,15.59825870646766,18.16188757729207,1.8222126010384248
20,69.50597976080957,13.590616375344986,32.73958838559947,1.8146827969019024
20,118.21045454545455,16.347272727272728,49.69670730104795,2.6806102726019803
20,146.50560344827585,18.213900862068964,69.87658238692802,2.725789097421115
20,234.51894783771735,15.989300044583148,33.77870135643956,1.80715299276538
20,249.58691206543966,15.722996839561258,40.50281645035408,2.3944777154141286
20,304.9653256507871,16.007511060808724,73.18216640286137,2.507424777461965
20,336.8555578598092,17.407922024056408,72.61743109262218,2.258941240956725
20,364.36387584469134,17.286221509563624,65.74271991597722,2.9366236132437424
20,417.4433849821216,15.951877234803337,50.54004536433846,2.71072948914807
20,494.80700437773606,17.236898061288304,60.20078407149672,2.236351828547158
20,38.53672181883109,15.706939650041662,63.25788455092482,2.545073798144577
20,190.34688272452624,14.023894534468553,27.41601686107812,1.9276298589497387
20,255.0678642714571,17.262142381902862,45.26918246877277,2.733318901557637
20,285.933241787261,14.661455582549909,71.28465576045772,2.469775756779353
20,317.4987865810136,16.978586723768736,52.74627797633953,2.507424777461965
20,332.1956559363101,17.4628764278297,87.01441660165305,2.5375439940080544
20,351.446997105644,16.73263386396527,41.62475726669592,2.4321267360967407
20,409.35434782608695,16.672644927536233,41.56451883360374,2.6504910560558907
20,479.0830337886413,13.770848310567937,41.89583021561073,2.1836431995915007
20,16.53355263157895,18.746600877192982,68.67181372508443,2.545073798144577
20,93.72698945349953,18.10450623202301,31.414342857571523,1.9125702506766937
20,134.63522200627898,18.253700104649425,50.36685986919844,1.9728086837688732
20,157.16353077816493,17.635075493612078,32.415806807729005,2.507424777461965
20,284.33045296167245,17.66439024390244,54.02634467954834,2.3191796740489043
20,489.00309313781645,17.95944552640623,65.72766030770417,2.296590261639337
20,78.74375,18.429878048780488,49.395515135587054,2.02551731272453
20,102.420383096944,18.69513086708583,51.49633048967681,2.236351828547158
20,248.84300595238096,18.763206845238095,40.48022703794451,2.3944777154141286
20,269.33123217769776,19.562659462704488,50.17108496164886,2.688140076738503
20,307.8804208065459,18.792752776154295,64.41747438794927,2.3041200657758596
20,323.8871460853383,16.700784261597768,56.64671651905814,2.153523983045411
20,360.38543268558647,18.96281280581574,53.860688988544844,2.9366236132437424
20,387.6627287134419,18.85722518369111,52.264370511602095,1.716795343127111
20,429.5792668123331,19.118232580723475,62.03052647667167,2.46224595264283
20,459.8130507763324,18.71695342005875,71.77409302933168,2.5902526229637113
20,464.5265664160401,18.46691729323308,60.08783700944888,2.778497726376772
20,504.10357971494864,18.995691083858137,45.43483815977626,2.1610537871819337
20,201.40326086956523,19.63478260869565,13.854839611201246,1.8523318175845145
20,206.54515456755817,13.832059742966308,43.356612218096075,1.7469145596732008
20,263.7605145252204,20.44486197427374,52.0987148205986,2.4923651691889197
20,274.4246599856836,18.735504652827487,42.076545514887265,2.530014189871532
20,314.50023266635645,19.90518845974872,64.7261963575467,2.507424777461965
20,322.24918855119506,19.450575390970787,51.03701243734894,2.507424777461965
20,344.8407023749368,19.67180394138454,59.60592954471145,2.2740008492297696
20,374.42770130344746,19.89694238031429,61.81216215671252,1.8523318175845145
20,439.9456849728425,20.240494870247435,49.90754181687058,1.8899808382671266
20,21.324272342608026,20.926657263751764,58.724942460738326,2.4998949733254423
20,84.7344951307022,20.92004100461302,29.38129574071047,2.0932855499532317
20,129.85896823501312,20.78325770241223,63.05457983923872,2.530014189871532
20,167.21826225881776,19.03035516775224,61.270016258882904,1.9803384879053956
20,174.4867078091621,22.497151673391883,63.44612965433788,2.477305560915875
20,404.0282437521397,23.461143444026018,43.98911576556396,2.379418107141084
20,473.30656303972364,21.39227115716753,34.87805276037184,2.206232612001068
20,111.45020085884471,26.14281756475966,54.357656061555325,2.198702807864546
20,246.58607702587778,23.42728708540882,61.97781784771601,2.130934570635844
20,307.61251826595225,22.825255723331708,61.83475156912208,2.3041200657758596
20,356.1687173750932,22.802945563012678,40.389869388306245,2.3417690864584717
20,365.8561668464581,23.05609492988134,41.88077060733768,2.507424777461965
20,384.3438162150106,23.010594401695105,67.51975369219652,1.9201000548132163
20,455.79709235435627,22.55485827842276,71.99245734929083,1.9953980961784403
20,41.043132980379944,24.355341015260045,48.35640216474696,2.605312231236756
20,72.82959408637012,25.729347685125145,58.06231969672435,2.582722818827189
20,139.41060926840743,25.02281816043284,64.01839476871359,2.658020860192413
20,218.50054734537494,22.93048713738369,27.513904314852912,2.24388163268368
20,283.88221944854195,24.560195166231704,66.36016385517206,2.477305560915875
20,342.66900811432726,23.9571272859392,62.173592755265595,2.349298890594994
20,480.2394625922023,24.539515279241307,28.583136502239093,1.9803384879053956
20,51.649526253454404,26.103138570864587,76.29197551124513,2.8086169429228613
20,121.24854070660523,21.89462365591398,73.5285373931414,2.620371839509801
20,294.5188477951636,25.12624466571835,42.34761846380207,1.8598616217210369
20,373.4194358292719,23.63461822478216,50.984303808393285,2.040576920997575
20,409.4396003633061,24.5529821374508,49.74188612586708,2.371888303004561
20,430.5725940265487,24.77903761061947,54.45554351533012,2.46224595264283
20,447.0741921460658,24.656281698304593,51.9631783461412,2.0857557458167095
20,465.24241192411927,25.560433604336044,55.56995452753544,2.4095373236871733
20,482.7846743295019,26.40168582375479,49.13197199080877,2.4020075195506507
20,493.08380401944044,26.550899776697754,57.32439889134516,2.906504396697653
20,61.933307179286,24.79129070223617,38.38694148799128,1.8146827969019024
20,86.32176398530012,27.4238464679461,36.880980660686795,2.1008153540897543
20,160.21296876959738,27.030477862786906,60.03512838049323,2.868855376015041
20,175.33817317845828,25.94152587117212,57.04579613829383,2.477305560915875
20,401.4751177554782,26.163219332377636,36.76803359863896,2.379418107141084
20,468.6379217273954,26.53792172739541,55.795848651631104,2.4095373236871733
20,90.05423122765197,26.67893325387366,50.54004536433846,2.1459941789088885
20,93.06026088554106,25.26639720742238,40.984723915091514,2.1459941789088885
20,130.11868043449107,27.144025747619686,56.149749446047664,2.3417690864584717
20,155.20224553109765,27.223371251292658,50.96924420012024,2.944153417380265
20,207.18287496455912,28.554862489367736,26.557619189514565,2.371888303004561
20,263.4713474445018,29.082472896231288,58.34092244977568,2.439656540233263
20,11.164634146341463,27.066501524390244,39.516412108469645,2.1610537871819337
20,22.800756143667297,27.979584120982988,39.83266388220358,1.9276298589497387
20,48.90727124183007,27.44342320261438,73.7318421048275,2.8086169429228613
20,255.72360712234348,27.470534175761056,65.54694500842764,3.3733522531620426
20,436.26017886561544,27.599082136973404,63.988275552167494,2.4998949733254423
20,471.89894486550753,26.080844107593997,50.66805203465934,2.4095373236871733
20,147.98324851569126,32.142069550466495,35.510556307839714,1.9803384879053956
20,169.10824627695044,28.630806845965772,33.87658881021435,2.7559083139672045
20,198.37201365187713,27.57849829351536,48.537117464023495,2.5751930146906665
20,302.3999746128459,29.04176186849454,59.319796987523596,2.1610537871819337
20,317.463992586709,24.653693407466243,56.88014044729034,2.3041200657758596
20,405.1455128205128,26.416826923076922,46.98597781189988,2.379418107141084
20,420.8,29.418524590163933,45.93180523278674,2.786027530513294
20,116.81632653061224,29.573105954710652,26.934109396340684,1.6716165183079765
20,182.97647717726127,24.446933632035844,53.7778611430431,2.605312231236756
20,271.4842389050187,30.220447946909996,72.61743109262218,2.6806102726019803
20,356.0637393767705,29.885623229461757,42.52833376307861,2.469775756779353
20,450.57643402090986,30.32692851087878,26.647976839152832,1.9953980961784403
20,32.108867984356834,30.878659761124617,71.23947693563858,2.424596931960218
20,63.37560425394779,32.75974863035772,46.72996447125812,2.0029279003149627
20,134.0140674266311,28.73756973077856,62.09076490976385,2.349298890594994
20,337.9482142857143,31.273095238095237,63.2503547467883,2.258941240956725
20,372.50608342989574,30.956257242178445,25.992883879275382,1.987868292041918
20,385.0364583333333,30.742447916666666,28.91444788424608,2.130934570635844
20,393.3547513540128,27.741999015263417,30.586064402554058,2.0481067251340974
20,410.08528314682945,32.49270939301458,44.41078479720921,1.80715299276538
20,446.2021470528661,29.643103099048005,37.17464302201117,2.1008153540897543
20,457.26085626911316,31.51834862385321,24.6224595264283,1.8146827969019024
20,494.1542274855412,30.750068851556044,54.68143763942579,3.034511067018534
20,43.000090432266234,32.5604991861096,83.26457414166488,2.386947911277606
20,79.67989756722152,31.872954901123915,52.92699327561607,2.861325571878518
20,87.3770165305716,32.469428400716986,37.80714656947905,2.0104577044514853
20,213.35929496836397,32.56959927689063,49.9828398582358,1.9953980961784403
20,227.77614765735922,32.04164694746805,63.641904561887465,1.9728086837688732
20,255.18416357897627,30.49746123233155,54.86968274283885,2.5601334064176218
20,289.5759030361214,30.74246969878795,62.7458578696413,2.326709478185427
20,306.3581665284851,32.326661139405424,63.57413632465877,2.469775756779353
20,333.3537431527693,30.626171637248934,61.85734098153165,2.823676551195906
20,364.46384615384613,31.706153846153846,29.366236132437425,1.6414973017618868
20,485.62687260480783,31.819068633143655,64.83914341959454,2.4020075195506507
20,502.34831043445973,31.752444609481373,60.833287618964604,2.8989745925611303
20,274.52102084994874,32.60943374729406,66.08909090625725,2.379418107141084
20,280.5278484231943,33.193285859613425,59.21437972961228,2.2514114368202027
20,286.25736677115987,31.49921630094044,48.04015039101302,2.2514114368202027
20,428.7582828413046,31.034549439216192,58.40869068700439,2.5375439940080544
20,471.99907961343763,34.07225034514496,32.72452877732642,1.9803384879053956
20,33.370377340735864,33.97722781594053,80.01922855882373,2.4848353650523975
20,93.24913121629719,34.413900539245056,62.83621551927957,2.3643584988680386
20,127.28364312267658,34.535873605947955,40.5103462544906,2.198702807864546
20,192.1767859536255,33.85189652861547,56.17986866259375,2.597782427100234
20,235.73587069864442,26.555474452554744,72.21082166924998,2.545073798144577
20,247.9577442159383,34.089492287917736,46.865500945715524,2.2514114368202027
20,303.1089276418532,33.526028110359185,57.85901498503825,2.1610537871819337
20,309.678928136419,32.5394640682095,61.81969196084904,2.469775756779353
20,378.6731616794247,35.086522848527025,32.46098563254814,2.379418107141084
20,422.1241653418124,33.77011128775835,47.362468018726,2.1610537871819337
20,25.40388194629088,34.58335549056102,28.31959335746081,2.1761133954549785
20,67.54528396297223,34.569301976482365,60.193254267360196,2.130934570635844
20,132.7205807002562,34.71853116994022,44.08700321933875,2.439656540233263
20,140.1123644251627,35.281561822125816,34.71239706936834,2.040576920997575
20,148.87050880154328,35.25174825174825,31.226097754158463,1.9803384879053956
20,159.5417891642167,35.48033039339213,53.78539094717962,2.296590261639337
20,206.00335993280135,35.2572448551029,71.7138545962395,2.424596931960218
20,225.82964647508786,35.237543932189375,72.84332521671786,2.3417690864584717
20,277.1881656804734,34.521794871794874,76.35221394433731,2.153523983045411
20,326.1767460007803,37.41465079984393,77.19555200762781,2.7559083139672045
20,350.2724995182116,37.525052996723836,78.14430732882964,2.3643584988680386
20,52.87752234993614,34.88799489144317,58.958366388970525,2.530014189871532
20,118.50623885918003,36.42503466032878,38.017981085301685,1.7318549514001558
20,177.77535014005602,35.62997198879552,26.881400767385028,1.9577490754958284
20,218.89116921558954,35.530044400592004,76.31456492365469,2.3568286947315165
20,359.09689718643176,36.973442019458325,57.2716902623895,2.326709478185427
20,451.8285128672284,35.957412890002274,33.06336996346993,3.004391850472444
20,81.20916620651573,37.031253451131974,68.18237645621048,2.861325571878518
20,103.14921090387375,36.68034433285509,26.241367415780623,2.108345158226277
20,195.62590100913022,36.85643921191735,62.67808963241259,1.80715299276538
20,331.6227824463119,37.43870881686008,56.450941611508554,2.7559083139672045
20,389.32583632583635,36.8990738990739,39.84019368634011,2.0556365292706196
20,307.223374340949,37.71054481546573,42.84458553681255,2.24388163268368
20,317.0748936170213,37.65582978723404,44.2375993020692,1.987868292041918
20,321.12795651535185,37.63170265902747,51.25537675730809,2.296590261639337
20,342.06674748086976,39.15334495037503,99.38588479795938,2.469775756779353
20,345.8376376932334,38.463760066648156,81.34447408685166,2.0706961375436648
20,385.3131597466573,37.470443349753694,42.79940671199341,2.0556365292706196
20,392.9949281487743,38.07117497886729,44.538791467530096,2.0556365292706196
20,460.885666246322,35.898066414459855,35.82680808157366,2.642961251919368
20,501.0834278642879,38.06816541198309,73.01651071185788,2.5751930146906665
20,42.83775572209844,39.13338059550334,74.34928604402234,2.733318901557637
20,6.367040094339623,40.43528891509434,51.082191262168074,1.8673914258575592
20,9.859935897435896,40.05673076923077,46.98597781189988,2.4321267360967407
20,19.012839217974907,40.16253282754596,25.804638775862323,2.46224595264283
20,66.2345125660317,39.036977749319675,47.038686440855535,1.9426894672227835
20,127.44731361932529,40.58878245175622,54.23717919537097,2.5224843857350097
20,231.9320987654321,39.405971863336205,52.452615615015155,3.1851071497489825
20,311.4018648018648,39.82727272727273,32.30285974568117,1.8297424051749474
20,372.5617054566791,40.12145511441424,38.49988855003912,2.0932855499532317
20,397.9162244124337,41.44692949203942,59.5908699364384,1.9426894672227835
20,432.62970014278915,39.90552118039029,31.640236981667194,2.9366236132437424
20,442.445252819207,40.263732266278645,20.699431571300124,2.635431447782846
20,476.56830220239755,40.46180652355729,54.01881487541182,2.198702807864546
20,33.230287594184446,37.71686299479996,70.95334437845074,2.4848353650523975
20,69.45637583892618,39.884636314166514,41.511810204648086,1.9426894672227835
20,254.77241145568547,40.61820030503304,44.43337420961878,2.597782427100234
20,298.13420987348053,39.47023071198214,60.705280948643725,2.605312231236756
20,423.7281595679819,41.280289173416946,86.44968129141387,2.3568286947315165
20,501.7428194458541,41.18704962955445,74.19116015715537,2.5751930146906665
20,51.87927367904466,40.4032389988549,46.02969268656153,2.71072948914807
20,184.94211032713278,41.9501282873637,46.95585859535379,2.635431447782846
20,207.48372426998563,39.56211105792245,62.91904336478132,2.417067127823696
20,246.7768820877169,42.65391446918978,55.11063647520757,2.868855376015041
20,263.6441562103482,42.033131256168055,53.4089007403535,2.1384643747723664
20,282.36308909528725,39.682490540075676,43.77828124974133,2.040576920997575
20,27.314177155070055,44.09855141296604,31.708005218895895,2.1911730037280233
20,84.63169726489322,43.04383664293743,40.19409448075666,2.4923651691889197
20,118.53496673697875,42.437287035534645,46.40618289338765,2.6806102726019803
20,158.3003992015968,46.37986526946108,60.35890995836369,2.1459941789088885
20,273.31001793492186,43.45439405585447,58.77765108969398,2.379418107141084
20,447.75852272727275,43.32907196969697,31.805892672670687,2.258941240956725
20,493.6466302367942,45.478532396565186,57.87407459331129,2.605312231236756
20,93.31413680781759,43.425407166123776,57.791246747809545,2.2815306533662922
20,100.72908272102394,44.38042190092439,63.53648730397615,2.371888303004561
20,169.20014520813166,44.26524685382381,31.113150692110626,1.9652788796323508
20,225.12454526000428,44.348384335544615,35.18677472996925,2.0104577044514853
20,335.1886674968867,44.08748443337485,48.37146177302,1.9201000548132163
20,454.2102937927988,44.007510492599955,34.08742332603698,2.289060457502815
20,485.9356365834005,40.78454875100725,74.75589546739455,2.4321267360967407
20,6.491119917804198,44.949067958314984,51.300555582127224,1.8673914258575592
20,137.42857142857142,48.596280447662934,45.7510899335102,2.454716148506308
20,199.75756336876532,44.9107931316435,92.08950458966916,2.198702807864546
20,349.604126516268,44.91871669878699,66.42040228826424,2.3191796740489043
20,364.18030050083473,45.02170283806344,22.551763388884638,2.853795767741996
20,408.8349482124958,40.6440583583918,67.61011134183478,1.987868292041918
20,147.1787272727273,46.23563636363636,41.41392275087329,2.6279016436463234
20,264.494789751134,46.29459360058845,61.42061234161335,2.1610537871819337
20,302.97654624550785,46.340836012861736,39.81007446979402,1.8598616217210369
20,468.1205917513449,44.54677226539151,50.38944928160801,1.7845635803558129
20,13.900884955752211,46.19933628318584,34.03471469708132,2.3116498699123817
20,192.29407248157247,46.70254914004914,49.034084537033976,2.8086169429228613
20,384.2437996031746,43.50074404761905,30.360170278458384,2.3041200657758596
20,85.48148148148148,48.083527583527584,58.1451475422261,2.4923651691889197
20,98.7387941919192,47.63604797979798,47.708839009006034,2.153523983045411
20,326.4236994219653,48.02630057803468,52.106244624735126,2.567663210554144
20,334.94647733478973,48.056936100491534,55.14828549589018,2.4321267360967407
20,372.2998576946534,43.60174832282984,37.039106547553764,2.0932855499532317
20,428.2741436590675,48.4260510940543,65.72766030770417,2.3417690864584717
20,210.23314470493128,48.592077607113985,46.571838584391145,2.1911730037280233
20,446.8148542999289,48.95966595593461,42.37773768034816,1.7845635803558129
20,4.842151546240657,49.74029019492892,51.375853623492446,2.424596931960218
20,116.4218009478673,52.08684513897784,58.78518089383051,2.198702807864546
20,152.5960591133005,49.46945812807882,45.85650719142152,2.1008153540897543
20,300.80233777910985,49.60512513112543,50.24638300301409,1.8598616217210369
20,309.265753828033,48.831419316843345,51.142429695260255,2.635431447782846
20,338.57848837209303,49.565406976744185,41.44404196741938,1.9201000548132163
20,483.80570304818093,50.49026548672566,38.28905403421649,2.386947911277606
20,123.482828693355,51.24669782564519,37.05416615582681,2.582722818827189
20,156.0397476340694,48.49665615141956,59.67369778194015,2.1459941789088885
20,187.52823631624673,51.07471763683753,34.667218244549204,2.477305560915875
20,437.573676092545,50.58272493573265,73.2273452276805,2.1911730037280233
20,61.818023252786844,51.99698536417738,2892.39354374581,177.13864231168986
20,70.11970718172938,52.000021045874746,4293.366311974761,254.5450288351403
20,99.22372681778039,52.077862820135415,51.157489303533296,2.582722818827189
20,190.71649571212376,51.55153859088616,44.77974519989881,2.477305560915875
20,228.72662889518415,51.858356940509914,58.476458924233086,2.424596931960218
20,315.56750496360024,52.38021178027796,22.755068100570742,1.9652788796323508
20,343.8324700839436,52.24629398106805,42.15937336038901,1.935159663086261
20,446.7721320808426,52.217193282095074,52.9044038632065,2.0029279003149627
20,18.851493660004298,54.09477756286267,35.036178647238806,2.334239282321949
20,41.52517490537906,51.60855602706732,65.65236226633895,2.5375439940080544
20,272.9681775638454,53.50340954673085,56.31540513705115,2.3116498699123817
20,362.8892355694228,52.973478939157566,38.612835612086954,2.2815306533662922
20,102.54323286395903,53.550331665308974,64.70360694513712,2.5902526229637113
20,108.91946107784432,54.16117764471058,75.44863744795461,2.642961251919368
20,165.90677580718508,54.51887221464302,33.11607859242559,1.8899808382671266
20,179.38741134751774,57.422872340425535,50.96171439598372,2.258941240956725
20,199.93704684083323,51.64852111865577,65.42646814224328,2.1610537871819337
20,221.25288046087374,51.68110897743639,62.738328065504774,2.258941240956725
20,237.5592229671652,53.7354306343476,43.8008706621509,2.3191796740489043
20,263.54028436018956,54.06407582938389,39.719716820155746,2.1610537871819337
20,351.427251344086,53.54200268817204,44.81739422058143,2.3041200657758596
20,354.49695519791214,53.927359721618096,34.62203941973007,2.3041200657758596
20,422.36255832037324,53.665241057542765,38.73331247827131,1.9050404465401714
20,502.4447533009034,52.51945795691452,21.670776304911517,2.0556365292706196
20,144.85113016367887,52.96726422447389,38.642954828633044,2.063166333407142
20,171.60680898562856,56.386214594670015,53.966106246456164,1.935159663086261
20,251.99800682258487,55.00420968003082,2697.341497393333,151.03281137036663
20,299.5365366541353,57.43503289473684,64.0936928100788,2.725789097421115
20,437.5337617191615,55.090171705467185,71.4804306680073,2.115874962362799
20,476.4664333439389,49.4412981228126,47.33234880217991,2.507424777461965
20,8.475757963413074,55.66201867724191,58.86047893519573,2.0029279003149627
20,307.92316384180793,56.45918079096045,53.31101328657871,2.063166333407142
20,427.93862854686154,52.70786758383491,70.05729768620456,2.153523983045411
20,207.52625437572928,57.301050175029175,38.71825286999827,2.168583591318456
20,322.42782608695654,57.03574879227053,38.96673640650351,1.897510642403649
20,332.72117516629714,58.98170731707317,81.50259997371863,2.530014189871532
20,341.3668404963136,56.80866750584427,41.873240803201156,1.9953980961784403
20,361.29868578255673,57.41338112305854,50.4195684981541,2.1008153540897543
20,417.99297230260436,56.68230673832162,36.42919241249545,1.9050404465401714
20,483.8722602739726,57.10188356164384,43.97405615729091,2.379418107141084
20,491.9743027888446,56.48924302788845,37.799616765342535,2.605312231236756
20,127.26174391201886,59.064886095836606,47.927203328965184,2.078225941680187
20,210.516976820111,56.439438459027095,46.12758014033633,2.168583591318456
20,378.8863402552088,58.002030953116275,3681.5697258823147,217.70169719513612
20,387.0240970331088,57.99844489035402,2101.417738420676,138.39780002928202
20,396.948125679681,57.923028125466445,4237.502695085901,259.60505721488335
20,405.2512630051406,57.83500504218216,1530.6962338929595,104.6040390645694
20,459.92197274263344,57.60295138061263,1421.5743123464765,93.0457897150075
20,32.989740666856655,59.30493017953833,26.42208271505716,2.3041200657758596
20,192.69515706806283,60.53586387434555,57.52770360303126,2.115874962362799
20,228.0703382220892,59.006983936945026,75.47122686036418,2.620371839509801
20,291.4069648841614,59.18184467434067,51.67704578895334,2.439656540233263
20,433.2190957951312,60.037411739909366,71.45031145146122,2.02551731272453
20,44.85371067901863,62.105975771149346,73.9652660330597,1.935159663086261
20,88.86905537459283,59.68501628664495,46.23299739824764,2.9742726339263545
20,217.98117229129662,61.413262285375964,63.58919593293181,2.605312231236756
20,236.68697625698323,57.576466480446925,43.1307180940004,2.3191796740489043
20,274.14501361049247,56.59613956941351,60.85587703137417,2.3116498699123817
20,355.3338108882522,60.20224450811843,31.53481972375588,1.9426894672227835
20,364.64954445491674,59.19651272384543,47.9347331331017,2.545073798144577
20,446.6043229724902,56.62468738835298,42.15184355625249,2.0179875085880075
20,122.32743527658782,59.509219593965355,40.42751840898885,2.778497726376772
20,161.0252024176075,60.14824951533812,66.02885247316507,1.8824510341306042
20,439.94621826746925,60.718136613451975,57.54276321130431,2.424596931960218
20,443.90025876264406,63.42884027287697,64.01839476871359,2.424596931960218
20,28.2657616892911,61.41870286576169,24.961300712571813,1.80715299276538
20,54.57564575645756,62.30761489433076,22.446346130973325,2.3116498699123817
20,96.51771523178807,62.22549668874172,45.480016984595395,2.4923651691889197
20,100.97557172557173,62.168225918225914,43.46202947600739,2.4923651691889197
20,108.52410335518704,61.666023910528345,39.049564252005254,2.063166333407142
20,289.3464502568893,61.669897244278374,64.48524262517797,2.439656540233263
20,422.77535670832873,64.36168565424178,68.07695919829916,2.334239282321949
20,7.748460555361914,63.092482862786106,64.80902420304844,2.861325571878518
20,199.04313982931632,62.9781487386289,80.29030150773853,2.115874962362799
20,229.475195347992,63.42676721788116,82.87302432656571,2.620371839509801
20,428.56898517673886,63.166580284026125,72.64002050503176,2.1911730037280233
20,499.5125474354266,61.816501407761045,61.51096999125162,2.2514114368202027
20,12.712159863945578,63.145975056689345,53.13029798730217,2.861325571878518
20,207.46974063400577,64.28016539280792,60.09536681358541,1.9426894672227835
20,338.88075454749605,63.41792050303167,33.53021781993432,2.078225941680187
20,347.34016941596076,64.4193045028979,33.77870135643956,2.469775756779353
20,211.01133720930233,64.79525193798449,77.70757868891134,1.9426894672227835
20,289.17417644831505,65.20661365644327,59.65863817366711,2.4471863443697854
20,66.74242424242425,65.96813371813371,62.61785119932042,2.1384643747723664
20,97.08332196918042,66.40106368471294,55.21605373311888,2.3041200657758596
20,224.09698451507742,65.78984747933403,64.67348772859104,2.2664710450932475
20,235.3714213004199,65.49522840055987,59.176730708929675,3.0119216546089667
20,295.0473244664398,66.18991648623569,48.68771354675395,2.326709478185427
20,301.7330120481928,65.96690763052209,46.87303074985204,2.996862046335922
20,358.87766438444646,66.19958661671619,58.288213820820026,2.5601334064176218
20,462.84696411621144,66.09167754086664,3514.1671203191486,223.0779773486131
20,471.13009863579515,66.00064635804497,4834.578514091447,288.06018704680156
20,485.8169592298981,63.725084937712346,53.19053642039435,2.258941240956725
20,161.15871922878293,67.46341883284559,43.74063222905872,2.063166333407142
20,364.9577967416602,67.03568657874321,48.52958765988698,2.5601334064176218
20,401.01444278186193,67.251913777026,2777.7748651796655,170.8361962494206
20,495.46611177170035,67.11831153388823,37.99539167289211,1.9426894672227835
20,89.95511811023621,67.43543307086614,19.125702506766938,1.7017357348540663
20,104.41553804481654,68.54432405811376,61.15706919683507,2.0556365292706196
20,170.7145648775404,66.74101094319958,57.79877655194607,2.153523983045411
20,325.29081056671936,68.20320614134116,33.349502520657786,2.3191796740489043
20,356.00525177633614,67.64535063330244,48.74795197984613,2.3417690864584717
20,59.474425763675114,70.36703765095903,63.59672573706833,2.424596931960218
20,331.6150248465361,68.51651563870213,25.759459951043187,2.3191796740489043
20,429.1859870696136,68.86618553600962,50.080727312010595,2.597782427100234
20,34.9311301715439,70.39732593340061,29.84814359717486,1.8146827969019024
20,161.5750925436277,71.16525647805393,56.95543848865556,2.7408487056941597
20,312.29064039408865,69.7856157635468,38.21375599285126,1.679146322444499
20,11.380698005698004,74.4332264957265,42.28738003070989,2.4998949733254423
20,19.583501513622604,71.23662966700303,29.84814359717486,2.2664710450932475
20,99.73852242744063,68.71517150395778,57.07591535483992,2.3041200657758596
20,223.48393071140646,73.30090423793442,69.11607216913926,2.9893322421993993
20,347.8687889868789,73.45751774575177,35.006059430692716,2.0029279003149627
20,414.5469868390672,71.43361810205495,32.61158171527859,2.0556365292706196
20,63.011466666666664,71.5928888888889,84.71029653587719,2.424596931960218
20,132.398062580919,71.99670617356165,4222.307550338399,154.87301147999307
20,144.66490831086813,71.99900405484027,6781.733155167188,317.38124435441983
20,227.89917993246502,72.24875381894195,46.82785192503291,2.552603602281099
20,249.51732330231638,69.99049693130073,38.033040693574726,2.530014189871532
20,265.81684036819973,72.00723954364285,2746.8876086116506,169.20975855593176
20,274.11523569430784,71.99852898227432,4202.511695263482,248.14469531909623
20,382.4650900900901,73.47334834834835,40.11879643939144,2.2288220244106354
20,499.52819173452144,70.93378399139652,49.01149512462441,2.4020075195506507
20,26.57944046844502,72.87989590110605,57.866544789174775,2.24388163268368
20,300.4122840690979,75.389443378119,39.23027955128179,1.5963184769427523
20,388.5626957113683,74.42464261402314,55.30641138275715,2.108345158226277
20,430.7924596050269,71.72854578096948,41.94100904042986,2.597782427100234
20,435.56752561316364,72.52266376901584,48.506998247477405,2.597782427100234
20,34.16827888300785,74.1292206607045,41.25579686400632,2.115874962362799
20,68.70481464390093,73.52976465159206,48.95125669153223,2.078225941680187
20,73.62455342643716,72.80805456316986,46.368533872705044,2.0330471168610527
20,163.1190498994349,73.90700124509146,78.61868498943055,2.7408487056941597
20,212.4056708673091,72.47776130467012,40.63082312067496,2.906504396697653
20,242.70663900414937,74.28879668049792,36.29365593803805,3.2980542117968183
20,328.9670613562971,71.70247578040905,34.975940214146625,1.897510642403649
20,487.8541237113402,74.25399484536082,58.431280099413954,2.9366236132437424
20,506.0438066465257,71.65798086606243,59.81676406053408,2.1836431995915007
20,50.40451690498463,76.11519444073232,56.34552435359724,2.3643584988680386
20,171.05755928853756,74.91217885375494,60.96129428928548,2.108345158226277
20,340.3913741967375,74.75321304992585,60.93117507273939,2.379418107141084
20,355.4068898727172,74.35486995019369,54.42542429878403,2.71072948914807
20,6.449759486905398,76.45777659005878,28.176527078866883,1.7996231886288576
20,57.40749028382994,76.02543869979979,63.93556692321184,2.5224843857350097
20,107.03872633390705,76.623752151463,43.74816203319524,1.9201000548132163
20,252.00942887931035,75.76266163793103,27.950632954771212,2.0857557458167095
20,358.6208924247665,76.08866597486453,65.30599127605892,2.71072948914807
20,436.84812809041676,76.07958558982811,31.979078167810705,2.2212922202741128
20,19.07476231633535,77.44093921060214,52.27190031573862,2.24388163268368
20,25.094466490299823,78.56139770723104,68.31038312653136,2.3944777154141286
20,182.69088259783513,77.11136552872605,36.17317907185369,2.0179875085880075
20,378.4407997500781,80.04982817869416,48.20580608201651,1.8673914258575592
20,493.43764605906097,76.55916719779053,35.442788070611016,2.8989745925611303
20,44.56923821820529,77.75903808908973,46.65466642989289,2.108345158226277
20,112.30618720253834,76.77507491627006,42.71657886649167,2.1384643747723664
20,229.5104759441283,76.43222969477496,58.22044558359133,2.951683221516787
20,233.6558290757083,74.44681839294009,48.63500491779829,3.215226366295072
20,362.5699079057529,78.1268986963282,62.956692385463924,2.3417690864584717
20,372.9411219899444,78.13919026197406,56.91025966383643,1.8523318175845145
20,395.926283099052,78.42448512585813,46.06734170724415,2.108345158226277
20,424.5415358861687,78.24492571667713,71.96986793688126,2.7709679222402492
20,88.84233194893093,76.6718966312875,48.95125669153223,2.153523983045411
20,199.00252483787528,78.9932001305884,3897.855819899785,218.86881683629707
20,345.4411008781324,81.01563503962305,70.31331102684632,2.8989745925611303
20,502.4230387288977,80.59642502482622,37.912563827390365,2.1384643747723664
20,61.5528546624451,77.9432131549382,73.72431230069098,2.530014189871532
20,118.64182526943361,81.08759458839715,32.83747583937426,2.0104577044514853
20,167.62714598456043,74.78822444982141,65.35117010087805,2.7408487056941597
20,314.0628762541806,81.13667781493868,33.77117155230304,2.258941240956725
20,382.17500301313726,81.50765336868747,62.47478492072649,2.914034200834175
20,417.4314742152466,80.10538116591928,53.732682318223965,2.3116498699123817
20,75.541690626797,79.84186313973548,39.282988180237446,2.6504910560558907
20,98.36450892857142,82.48236607142857,67.46704506324086,2.2212922202741128
20,225.88050314465409,81.33333333333333,52.67850973911083,2.334239282321949
20,374.83378491037934,81.50197999166319,72.25600049406911,1.9803384879053956
20,449.8680635104147,81.00128576498766,3543.0514489868483,210.8495754309007
20,457.97859851707125,80.99194597353559,2743.96604460668,184.17147937520178
20,466.1179225209318,81.0030390165669,4511.911347233187,267.60170920787016
20,50.18991829813473,82.03560968090027,48.84583943362092,2.296590261639337
20,85.44768907563025,82.47268907563026,35.8418676898467,2.0556365292706196
20,326.24834193072957,82.98924097273397,51.0897210663046,2.3568286947315165
20,335.96589817483186,82.00416266410502,47.03115663671901,2.3417690864584717
20,436.9015921734126,82.54344906963361,39.252868963691355,2.530014189871532
20,485.07488750803515,80.77244482536962,70.28319181030024,2.24388163268368
20,137.11154929577464,84.20957746478874,13.36540234232729,1.897510642403649
20,162.01667438628994,78.42689516751582,48.770541392255694,2.2815306533662922
20,289.0064868875097,83.00102867509764,2415.568696800528,134.9943285595739
20,303.51374570446734,82.1737849779087,30.676422052192326,2.8387361594689513
20,354.72133676092545,82.65462724935733,58.5818761821444,2.545073798144577
20,398.59482078004106,83.02447497236696,47.68624959659647,2.296590261639337
20,492.78269355888096,81.87573194534808,34.71992687350486,3.267934995250729
20,18.547222610885687,83.90443542745207,53.81551016372571,2.24388163268368
20,41.308125000000004,83.976875,36.1430598553076,2.0932855499532317
20,82.40588421385638,86.40034799114204,47.60342175109472,2.198702807864546
20,268.27737789203087,86.12210796915167,29.2909380910722,1.7393847555366782
20,108.71289821289821,84.14646464646465,19.3817158474087,2.130934570635844
20,223.70206093189964,84.09083781362007,67.22609133087214,2.334239282321949
20,55.26114563631451,85.96703593623346,55.73561021853893,2.153523983045411
20,67.51886886388529,87.3418301304391,75.62182294309463,2.3944777154141286
20,89.81175637393768,86.4185552407932,53.16041720384826,2.8462659636054735
20,125.31102803738318,84.55401869158878,20.142226065197466,1.8749212299940818
20,150.17114188807236,86.21057094403618,53.28089407003262,2.9742726339263545
20,218.5715796897038,83.77914903620122,64.06357359353272,2.334239282321949
20,257.5998807394156,85.67501490757304,25.254963073896185,2.153523983045411
20,333.06691696113074,85.4898409893993,34.0949531301735,2.3417690864584717
20,372.69617171940695,86.083499299255,102.08155467883441,2.198702807864546
20,419.09840425531917,88.54944838455476,76.44257159397557,2.206232612001068
20,433.1301734890577,87.24617303549155,66.4053426799912,2.530014189871532
20,241.4238557086949,87.2084396801089,44.25265891034224,2.567663210554144
20,363.21108111582464,86.83892531173673,58.57434637800788,2.5902526229637113
20,385.8685245533206,84.59265085964715,67.00772701091299,2.914034200834175
20,11.273623664749383,86.65502602026842,54.982629804886685,2.4321267360967407
20,34.347634390367986,89.1212480922503,44.40325499307269,2.334239282321949
20,58.752941176470586,89.25947712418301,69.12360197327578,2.153523983045411
20,380.7861993026243,92.46687465590017,82.05980547982129,3.222756170431594
20,504.6249392712551,88.97943319838056,46.49654054302592,2.0481067251340974
20,38.24421025240697,89.81004423627374,57.87407459331129,2.334239282321949
20,49.1680935728928,89.83455926685156,62.4446657041804,2.552603602281099
20,311.78907017888736,90.20188716335758,38.30411364248953,1.7318549514001558
20,367.343303874915,88.41559030138228,66.45805130894685,2.3041200657758596
20,386.44089514528065,89.84479335859953,41.72264472047071,2.115874962362799
20,394.0842197289815,89.67944047792511,51.67704578895334,2.258941240956725
20,422.76575987444414,88.63314151190164,57.572882427850395,2.206232612001068
20,480.0014471780029,89.41075735648818,31.21856795002194,2.115874962362799
20,490.3532974427995,90.01850605652758,22.378577893744623,2.349298890594994
20,17.36384034010392,91.29487482286254,63.762381428071826,1.9953980961784403
20,75.64038818013303,90.6348271726093,69.05583373604708,2.334239282321949
20,95.78483284720664,88.43841148754768,33.56033703648041,2.1008153540897543
20,227.90249110320283,90.97580071174377,31.738124435441986,2.0029279003149627
20,319.72976304615804,93.55088344062457,54.97510000075017,2.469775756779353
20,353.4134093754347,91.23800250382529,54.13176193745965,2.545073798144577
20,29.020090922422643,93.56943833406658,51.345734406946356,2.4998949733254423
20,67.55557681270326,92.05308972642051,78.71657244320535,1.9276298589497387
20,72.08921897460469,92.19444178246286,78.57350616461142,2.130934570635844
20,185.5820852191874,92.3936937515765,6328.559423014723,239.07881113872324
20,202.12585449029146,92.002064065415,4363.062179062413,256.41242026099786
20,248.57093654788713,87.75149026361107,56.84249142660772,2.642961251919368
20,260.9837651122625,92.21208981001728,43.59756595046479,1.7770337762192903
20,340.67180468046803,90.87027452745275,66.92489916541123,2.4095373236871733
20,163.77534159889376,92.99325786517292,1927.6449185580118,121.37291287660483
20,172.39805238557668,92.91636146704327,3900.190059182107,221.54189730476256
20,222.59490710666495,92.982980381967,57.95690243881304,1.8899808382671266
20,12.318458781362008,93.7894265232975,42.016307081795084,2.4095373236871733
20,21.783381754793723,93.52213829169088,64.79396459477539,2.4020075195506507
20,35.135676251331205,94.27369542066027,70.70486084194549,2.725789097421115
20,327.08195599022,94.43119804400978,76.99224729594171,2.868855376015041
20,462.7141506460763,94.56318941065238,23.89206852518563,2.24388163268368
20,504.403912050257,94.27498572244431,52.738748172203,2.386947911277606
20,59.76311924155428,94.98811590332488,56.39070317841638,2.4923651691889197
20,276.2925479696564,95.21642124051763,84.37145534973368,2.115874962362799
20,401.9973946360153,91.41425287356321,49.13197199080877,2.0706961375436648
20,429.44062765055133,95.02247667514843,35.510556307839714,2.1610537871819337
20,344.5570532496997,91.96716935806754,56.42082239496247,2.2740008492297696
20,444.23722094721467,97.79689129981223,72.18070245270388,2.0556365292706196
20,469.0207541654487,96.05700087693657,51.518919902086374,2.5902526229637113
20,11.94308204662428,96.84438389343022,49.74188612586708,2.4095373236871733
20,68.53686843421711,96.6552276138069,75.26039234454156,2.1459941789088885
20,76.62975182900588,97.46291780232391,52.49026463569777,2.371888303004561
20,109.87214943738952,96.99755424459983,4340.999852942402,259.5146995652451
20,118.04851055701533,96.98712985222042,3232.4545581594352,210.12671423379456
20,126.01831996997785,96.9723061775423,1866.0134717005758,129.8288829219195
20,134.11610890474128,97.00543959043084,3200.4077117543957,189.41222305422139
20,371.03627442390257,99.16192061684045,85.93765461013034,2.3191796740489043
20,376.1439952200757,96.90689105755825,75.6142931389581,3.1549879332028925
20,476.64673261390885,97.14103717026379,50.238853198877564,2.8462659636054735
20,492.48096264367814,100.59003831417624,62.888924148235226,2.379418107141084
20,40.764092160556444,97.58064048688595,51.9631783461412,2.996862046335922
20,48.6705501618123,98.18964401294498,34.9006421727814,2.6806102726019803
20,60.42891785389512,98.0865413761746,49.6816476927749,2.4923651691889197
20,149.45619958731945,98.30951041080473,40.141385851801004,1.716795343127111
20,253.49892539146452,97.56063862450108,24.524572072653513,1.9728086837688732
20,19.380736809241334,97.47393068997815,48.2359252985626,2.477305560915875
20,25.121682960893857,98.87063547486034,43.1307180940004,2.1610537871819337
20,88.47527348341018,97.40719645601664,83.28716355407445,2.1836431995915007
20,386.7654790729851,98.52213766862677,43.53732751737261,2.0179875085880075
20,448.47505447872464,96.85652024314714,65.65236226633895,2.108345158226277
20,4.858195714480688,105.47850416268595,55.170874908299744,2.258941240956725
20,250.36789460844108,101.00341546718712,30.864667155605385,2.5751930146906665
20,285.9044548651817,98.1051191871825,38.53753757072173,2.1610537871819337
20,379.60306600785503,99.68250348409984,59.43274404957143,2.3191796740489043
20,422.7152189265537,97.69844632768361,42.64881062926297,2.206232612001068
20,436.0538064301183,99.76595035815426,45.20141423154407,2.0330471168610527
20,463.5841086245914,98.75257731958763,29.94603105094965,2.24388163268368
20,482.3103514132926,99.6163101604278,39.42605445883137,2.733318901557637
20,96.10646659521258,100.302965344766,21.075921778126244,2.5751930146906665
20,273.6918944392083,101.36559849198869,79.89122188850284,2.040576920997575
20,11.390831234256927,104.23113350125945,74.73330605498498,2.1911730037280233
20,213.95207931699255,101.65271275130817,27.340718819712894,2.130934570635844
20,237.00391459672306,101.99760926237663,3587.364346330283,200.66928023832241
20,500.57085104177463,101.70115061677205,72.64002050503176,2.861325571878518
20,68.44188557034904,100.47487105673504,62.77597708618739,2.153523983045411
20,348.599359578075,103.11282727443964,39.97573016079751,2.168583591318456
20,42.58150795480747,104.33341019137653,32.65676054009772,2.334239282321949
20,50.51160941475827,107.264631043257,47.34740841045296,1.844802013447992
20,190.5440758293839,105.0562401263823,23.831830092093448,1.679146322444499
20,269.0437273823884,102.48090068355448,74.906491550125,2.206232612001068
20,309.52600472813236,103.50748620961387,19.110642898493893,2.0029279003149627
20,317.4270467836257,100.63201754385965,51.50386029381333,2.477305560915875
20,343.6590937776095,107.55484033825572,59.65863817366711,2.3041200657758596
20,437.08643183300717,104.49804305283757,46.17275896515546,1.9953980961784403
20,39.68012316113582,103.44611700307902,44.01923498211005,2.334239282321949
20,156.50623990603435,105.36485097636177,51.28549597385418,2.635431447782846
20,214.00946811473128,104.90866054023948,27.039526654251997,2.130934570635844
20,276.7893520575949,105.2346458092614,84.71782634001372,2.258941240956725
20,406.1696195178623,102.89282602381644,25.92511564204668,2.4998949733254423
20,472.51439939370977,106.26790450928382,39.74230623256531,2.0029279003149627
20,18.688114946119008,106.12009995314696,48.21333588615303,2.853795767741996
20,150.9197757390418,105.6559633027523,73.8673785792849,2.1234047664993216
20,160.4550474302704,106.7896078153759,53.18300661625783,2.635431447782846
20,249.4331065759637,106.52517006802721,33.20643624206386,2.0330471168610527
20,420.8523552847434,107.02062338879774,32.12967425054115,2.7182592932845924
20,32.18810916179337,107.06744639376218,38.627895220359996,2.424596931960218
20,183.03720405862458,107.36621570838031,40.0736176145723,2.289060457502815
20,297.3332855915211,110.4843884273847,52.57309248119952,2.71072948914807
20,208.76100418410041,111.16602510460251,44.99057971572144,2.8312063553324287
20,221.92145317186979,107.79780024441729,67.77576703283827,2.063166333407142
20,287.50301612704664,108.02696048258032,61.16459900097159,2.906504396697653
20,361.51544004117346,106.99536798764797,29.260818874526112,1.9652788796323508
20,27.987649556155922,109.66769587032034,39.019445035459164,2.46224595264283
20,53.214697011242116,108.95708801754867,54.922391371794504,1.844802013447992
20,119.84590105714251,108.72179512980479,3180.3257241222905,218.12336622678137
20,127.92482959130297,109.39797172087441,1856.9475875202027,113.72263187389805
20,176.58881118881118,109.41678321678322,48.45428961852175,2.3417690864584717
20,274.45929096492046,108.701684190937,80.92280505520641,2.673080468465458
20,370.8028495692512,108.54241219350563,68.17484665207397,2.688140076738503
20,375.6683857658587,108.6766374419804,58.40116088286786,2.688140076738503
20,482.0056043340183,108.1907341677564,40.3070415428045,2.379418107141084
20,161.33830845771143,109.84701492537313,48.43170020611218,1.8749212299940818
20,257.5976113240932,107.03170156296078,51.06713165389503,3.034511067018534
20,264.31399157697706,109.82062080798627,48.27357431924521,2.0932855499532317
20,281.81127393051287,110.12302056251477,63.71720260325269,2.673080468465458
20,308.1961251862891,109.95111773472429,25.26249287803271,2.2212922202741128
20,328.16082405715235,106.69089549759096,90.64378219545685,2.778497726376772
20,451.8842809796845,109.99368258206282,3728.2996903535727,219.9455788278198
20,460.1818106828767,109.99354052716404,2373.3641446153197,145.67159082516267
20,489.3827043653141,111.02176741985095,63.64943436602399,2.5601334064176218
20,5.278102004567368,111.58804871859934,59.349916204069686,2.206232612001068
20,43.783318425760285,112.46131484794276,33.67328409852825,1.8297424051749474
20,184.8662106267897,111.14174355711104,47.33234880217991,2.289060457502815
20,147.45030623608017,111.43791759465479,54.09411291677704,2.198702807864546
20,161.5724377246251,114.3279216755484,60.75798957759938,1.844802013447992
20,199.56611853374443,111.78965399109283,43.95899654901787,2.3191796740489043
20,249.00911789652247,109.88994910941476,35.510556307839714,2.0330471168610527
20,272.5500244021474,111.70326988775012,61.71427470293773,2.0857557458167095
20,437.032740116832,108.5736992256487,55.42688824894151,1.9953980961784403
20,474.76430401366355,112.38257899231427,44.08700321933875,2.0857557458167095
20,492.71898818071355,111.25914061637026,68.16731684793744,2.5601334064176218
20,17.48640148011101,112.88399629972248,40.69859135790366,3.0194514587454893
20,64.91083980762116,113.01923788383277,20.35306058102009,2.24388163268368
20,76.8425422514435,112.99494438633394,3930.512580439882,237.5427310948727
20,85.07460442862481,113.00317549155278,4412.8492440130985,270.4630347797487
20,95.11301900735761,113.00352826719283,3026.2056930559497,178.8328482424074
20,144.29883187934348,113.31243530977378,50.924065375301105,2.198702807864546
20,151.0265497503349,111.46376811594203,61.827221764985566,1.7469145596732008
20,168.4615030498331,114.45874093681667,65.42646814224328,2.296590261639337
20,175.32866105993858,112.96782806033907,56.40576278668942,2.3417690864584717
20,264.79190677423486,113.24292483032399,58.80024050210355,3.1098091083837582
20,420.06515874662796,112.89603652210002,36.286126133901526,2.1836431995915007
20,7.894511760513186,114.57713063842786,73.95020642478666,2.349298890594994
20,195.01315148563077,113.8300048709206,46.37606367684156,2.371888303004561
20,326.54846977235036,113.98477310417609,49.94519083755319,2.1384643747723664
20,36.120302985296306,115.32481806030002,50.69817125120543,2.1234047664993216
20,64.21156502861653,116.56226564041839,38.15351755975909,2.695669880875025
20,106.88349803779352,115.00042956995514,3488.2118854605555,208.59816399408052
20,114.90867088987031,115.21189024999501,1883.9946439785913,137.3812764708515
20,125.28745864472957,115.10252004720111,3120.3282447624797,197.1076828817473
20,230.46979553903347,114.74117100371747,16.20413850179624,2.115874962362799
20,289.02133932331884,112.85413449389303,53.63479486444918,1.7092655389905886
20,339.1965859030837,113.41978707782673,41.02237293577413,1.9577490754958284
20,359.44887714663145,114.85019815059445,28.500308656737346,2.507424777461965
20,410.4526132869937,114.92754979280845,56.3304647453242,2.417067127823696
20,418.34977938227036,115.529883674288,37.54360342470077,2.1836431995915007
20,48.29382540809085,116.33037615330021,42.43797611344034,2.3191796740489043
20,174.49206794889793,116.12087603537836,53.63479486444918,2.0179875085880075
20,238.89376352547708,116.53196930946291,38.27399442594344,1.7695039720827679
20,280.61608237313067,114.76158372150037,61.428142145749874,2.688140076738503
20,317.14171732522794,112.08396656534954,39.636888974654,2.6806102726019803
20,350.31603123564537,114.80845199816261,49.177150815627904,2.861325571878518
20,369.5760420578295,117.53135561396921,40.10373683111839,1.8824510341306042
20,379.33123877917416,116.80857271095152,33.55280723234389,2.2514114368202027
20,484.9740785743216,116.34939921695693,55.77325923922154,2.469775756779353
20,499.12422832980974,111.91983086680762,89.03993391437757,2.514954581598487
20,187.33528402784785,117.09242256079104,74.62788879707367,2.02551731272453
20,257.1408548191729,117.22581761550441,43.514738104963044,2.1234047664993216
20,274.8362229102167,117.09731682146543,72.96380208290222,2.688140076738503
20,24.35225192237276,118.0946539729037,41.12779019368544,3.4110012738446547
20,142.3427555856466,118.3232904536222,44.48608283857444,2.2288220244106354
20,305.78576079878445,116.96982852181463,34.68980765695877,2.1761133954549785
20,328.119587628866,117.90692194403535,51.127370086987206,2.7935573346498166
20,411.0394227752797,118.03649482380007,72.00751695756387,2.469775756779353
20,427.79677472437055,118.00148099391147,45.758619737646725,2.1836431995915007
20,433.6420056100982,119.46914446002805,21.475001397361932,2.0556365292706196
20,477.3698767077641,117.82122625791403,45.193884427407546,1.7243251472636334
20,151.05209181181834,119.53296434966629,46.255586810657206,2.4020075195506507
20,178.94588322658498,119.21145456233175,81.118579962756,2.168583591318456
20,202.58115109928582,119.54600196050973,53.77033133890658,2.2137624161375906
20,299.66850759382453,115.53495669637253,59.989949555674094,2.4095373236871733
20,385.81157616306206,117.56215963902287,48.394051185429575,2.2514114368202027
20,393.475397281256,118.6398621481907,39.328167005056585,2.582722818827189
20,402.7864377682403,115.44326180257511,43.86110909524308,2.2514114368202027
20,16.87544674767691,120.14992852037169,42.136783947979445,2.2514114368202027
20,254.48037990502374,120.19470132466883,60.25349270045238,2.1234047664993216
20,265.00243087207537,119.53985617340221,74.34175623988583,3.1098091083837582
20,488.98514194746616,119.69235871583975,56.759663581105976,2.386947911277606
20,189.7760421949488,120.7298914697231,74.23633898197451,2.02551731272453
20,222.17399468001878,122.513065248005,48.12297823651477,2.6504910560558907
20,275.1710687960688,120.59060196560196,73.55112680555096,2.688140076738503
20,468.8079800498753,120.97007481296758,48.31122333992783,2.4095373236871733
20,476.16560754862314,121.33256306566531,39.10227288096091,2.552603602281099
20,492.85114107883817,120.73690352697095,58.069849500860876,2.1384643747723664
20,35.8264897346019,120.68027040560841,30.074037721270532,2.1384643747723664
20,42.99450951683748,123.33125915080527,20.571424900979242,1.897510642403649
20,141.6023464458247,123.46183574879227,54.55343096910491,2.2288220244106354
20,165.1388589881593,122.24373366138705,48.96631629980528,2.6655506643289355
20,193.01602690937872,121.74040364068065,76.11126021196858,2.3568286947315165
20,312.22091910004787,125.26974629009095,62.91904336478132,2.289060457502815
20,324.4407728421813,123.55055976886963,41.700055308061145,2.7935573346498166
20,360.274929893438,124.26999439147504,67.12820387709735,2.2815306533662922
20,410.2597758081335,122.15237226277372,57.76865733539998,2.469775756779353
20,420.5314280102141,121.88165389903752,76.66846571807125,2.605312231236756
20,96.54962311557789,126.31312814070351,23.974896370687375,1.7695039720827679
20,156.79658655520726,122.80895158481366,43.23613535191171,2.2137624161375906
20,176.13739181746655,122.70200629425649,76.56304846015993,2.6128420353732786
20,370.9033427305679,122.50201369311317,37.39300734197032,1.9652788796323508
20,479.79238423268276,124.31381553769613,39.35075641746615,2.552603602281099
20,5.03777733359984,124.24705176893863,37.67161009502165,2.0556365292706196
20,26.64900074019245,127.59037749814952,50.863826942208924,2.296590261639337
20,90.11415301882181,126.4153018821804,30.804428722513208,2.2137624161375906
20,197.8574411541382,123.56529992406986,79.33401638240018,2.3643584988680386
20,238.80363188673437,124.83656509695291,48.928667279122664,2.1234047664993216
20,255.47957746478875,124.26577464788733,53.46160936930916,2.0556365292706196
20,272.4556104446013,124.2395201129146,53.34866230726132,2.289060457502815
20,276.7227711901625,124.3030303030303,68.58145607544617,2.3191796740489043
20,289.36697140178154,123.46823722456634,64.24428889280927,2.206232612001068
20,500.4962089300758,121.70061078348779,71.50302008041687,2.115874962362799
20,504.6422287390029,121.16207233626588,77.02989631662432,2.236351828547158
20,35.824614352783364,125.14654594232059,22.453875935109846,2.1384643747723664
20,153.8062678062678,127.58041064937616,76.64587630566167,2.2137624161375906
20,184.2753388332351,124.92987625220978,51.112310478714164,2.2740008492297696
20,207.88740338416545,123.48339252141216,36.04517240153281,2.2664710450932475
20,229.28409427078196,125.18834434473918,76.35974374847383,2.040576920997575
20,265.01153262518966,125.36034395548812,74.43211388952409,2.289060457502815
20,425.58125140670717,125.37204591492235,66.9098395571382,1.8899808382671266
20,445.2272251308901,123.89406631762652,43.14577770227345,2.8312063553324287
20,22.083333333333332,126.0005868544601,51.32314499453679,2.115874962362799
20,43.11422691021353,126.37252379727296,29.268348678662633,2.469775756779353
20,132.493272335845,127.40137244348762,55.9615043426346,2.507424777461965
20,219.98646768685975,125.83647401037055,59.538161307482746,2.296590261639337
20,340.0105274719994,126.00046681975608,2193.680428505485,122.76592664186148
20,384.39905746427485,125.91167528124049,49.53105161004446,2.605312231236756
20,400.5328345802161,128.28241895261846,36.23341750494587,1.6490271058984092
20,17.759778597785978,125.79028290282903,61.21730762992725,2.3944777154141286
20,194.06001263423877,126.94213518635502,59.598399740574926,2.3643584988680386
20,267.51354413430835,127.16664950046349,73.10686836149614,2.424596931960218
20,305.6117284629772,127.29728242931016,68.43838979685225,2.3944777154141286
20,320.9433545178226,130.2032329372755,54.50072234014925,2.0932855499532317
20,377.59317673378075,126.44261744966443,67.3164489805104,2.567663210554144
20,487.7881062355658,127.28060046189377,26.08324152891365,1.844802013447992
20,496.5104884157796,126.97385723231058,48.100388824105195,1.9050404465401714
20,99.15016722408026,128.08528428093646,22.514114368202026,1.6866761265810213
20,164.82942238267148,127.44020758122744,33.37209193306735,2.5601334064176218
20,216.8447358172141,125.7073867324419,58.00208126363218,2.514954581598487
20,230.79724151817175,127.79190576864995,74.79354448807716,2.258941240956725
20,256.1537182587666,127.47551390568319,49.817184167232305,2.0556365292706196
20,275.7839619582838,128.17043121149896,69.67327767524192,2.4321267360967407
20,414.36852791878175,128.56565143824028,44.50114244684748,2.4471863443697854
20,458.6612873980054,127.96826835902085,41.52686981292113,1.7770337762192903
20,185.11431097637995,129.2353164077302,59.613459348847975,2.2740008492297696
20,452.5613382899628,127.74406634257936,26.33172506541889,1.8297424051749474
20,42.40739827373613,129.68557336621456,30.533355773598398,2.469775756779353
20,122.18644560791158,130.2539267015707,25.88746662136407,2.0556365292706196
20,190.43647490820072,130.53549571603426,61.518499795388145,2.3643584988680386
20,207.01577696131403,130.48065701318347,34.84040373968922,2.1384643747723664
20,472.5910990902385,130.0681091713794,30.62371342323667,2.46224595264283
20,496.2021439509954,129.98009188361408,39.3356968091931,1.7695039720827679
20,7.569182389937107,131.40345911949686,47.88955430828257,1.9276298589497387
20,56.916308831375,130.99804491808825,4629.383821567074,269.6196967164582
20,65.03043903369661,131.00072973553048,1578.7363842839725,110.71824002342561
20,75.03691193827679,131.00355510491838,4752.850019993632,271.19342578099133
20,144.66045112781956,128.96586466165414,50.07319750787407,2.198702807864546
20,200.73346261581557,131.24111182934712,34.945820997600535,2.1459941789088885
20,271.51532066508315,130.56769596199524,63.40095082951875,2.4321267360967407
20,282.44037058939483,131.31894342598068,38.19869638457822,2.0179875085880075
20,285.6216216216216,130.85684585684587,25.352850527670977,2.0179875085880075
20,467.93450604680385,129.41746505418564,47.942262937238226,2.5751930146906665
20,13.81053384175405,126.7096043851287,63.19011631369612,2.3944777154141286
20,28.20846394984326,131.84435736677116,48.04015039101302,1.9201000548132163
20,92.49484827099506,134.2393789696542,53.34866230726132,2.5751930146906665
20,232.52407796674947,131.97974393273458,78.80693009284361,2.258941240956725
20,296.47758358662617,133.1595744680851,39.636888974654,2.153523983045411
20,437.00904767428375,129.97111703978658,64.91444146095975,2.7559083139672045
20,479.31142051462814,129.8672893902009,42.72410867062819,2.1836431995915007
20,503.34389400921657,131.69623655913978,39.21521994300875,2.289060457502815
20,38.30485436893204,132.6170442286947,34.9006421727814,1.6716165183079765
20,135.9619241617048,133.16530868066437,48.05520999928606,2.2514114368202027
20,245.08147379346133,133.36533471717695,43.52979771323609,1.7996231886288576
20,303.2059491840529,132.854988638711,36.45178182490502,2.3944777154141286
20,366.70152469340405,133.18826648989062,45.43483815977626,2.108345158226277
20,415.13841039589,132.81263221517074,49.832243775505354,2.24388163268368
20,445.12829808660626,132.8382678751259,37.3854775378338,2.7935573346498166
20,459.6741806831975,133.33067452748395,43.42438045532478,2.5224843857350097
20,14.407237746220797,134.28447091158955,16.437562430028436,2.0029279003149627
20,131.05532225670987,134.08782180025563,41.24073725573328,1.9577490754958284
20,199.4532102391943,133.95824590851868,35.88704651466584,2.236351828547158
20,256.8635022794315,133.57656208098686,28.07863962509209,2.1008153540897543
20,280.09560780834073,133.74578527063,33.944357047443056,1.9125702506766937
20,171.06391875746715,135.2147550776583,25.20978424907705,2.8312063553324287
20,185.86638278282885,132.784785360801,65.42646814224328,2.3041200657758596
20,264.5386135603527,134.69078747339617,49.53105161004446,2.1459941789088885
20,355.57257952493404,134.12460063897763,54.20705997882488,3.3206436242063857
20,486.9336486664039,135.09092103534357,57.30933928307211,2.545073798144577
20,7.555573824399868,136.1412364353831,45.79626875832934,2.0706961375436648
20,31.311776206948412,136.35809896224995,50.065667703737546,1.7619741679462455
20,99.61346102686885,137.53524873636604,28.304533749187765,1.8824510341306042
20,206.50364238410597,134.56937086092717,45.480016984595395,2.2137624161375906
20,222.56011702529256,135.97895432238582,79.78580463059153,2.7182592932845924
20,230.67070172120296,134.65802912804995,79.62014893958803,2.7182592932845924
20,306.1730941704036,135.58505231689088,25.187194836667484,2.130934570635844
20,122.03497114880224,137.30250043713937,43.0629498567717,2.115874962362799
20,219.20983053855025,135.075326058025,84.86842242274416,2.289060457502815
20,358.6933527413877,134.83729581109495,46.5567789761181,2.868855376015041
20,375.15531607599155,137.01988667925787,67.77576703283827,2.477305560915875
20,409.09349512631786,137.22259797095683,37.85232539429819,1.80715299276538
20,84.79123951537744,143.3084808946878,56.556358869419874,2.1610537871819337
20,116.13650363434766,135.68227177528644,61.11942017615246,2.748378509830682
20,143.97675231602867,137.17007516168502,43.078009465044744,3.004391850472444
20,197.52224764810578,137.53445207220952,29.614719668942666,2.236351828547158
20,271.50416871015204,138.51937224129475,46.05981190310762,1.80715299276538
20,312.2682479660823,134.8338489744471,65.71260069943114,2.688140076738503
20,367.12353620319976,137.63681345868383,45.65320247973541,2.2137624161375906
20,441.5755084379057,137.53872782345306,34.80275471900661,2.0481067251340974
20,453.4199251955117,137.16831009860593,22.145153965512428,2.2212922202741128
20,37.40637789904502,139.5086971350614,44.15477145656745,2.469775756779353
20,92.40185081323612,138.57305103757713,53.702563101677875,2.5751930146906665
20,108.3545966228893,138.62690967569017,28.093699233365136,2.3568286947315165
20,126.15664414414414,140.3801801801802,66.86466073231907,2.9215640049706977
20,298.5537993920973,138.14270516717326,49.5461112183175,1.9426894672227835
20,330.03801348865727,137.2062129572859,36.84333164000419,1.9652788796323508
20,344.5997807017544,138.23519736842104,13.734362745016888,1.80715299276538
20,384.37471364677646,138.8938584051489,69.025714519501,2.153523983045411
20,401.00387675984496,139.06937359722505,36.90357007309636,1.6565569100349318
20,429.5423394330822,137.95873699318264,41.97112825697595,2.334239282321949
20,32.02854661890807,140.05134049712362,69.37208550978103,1.9502192713593058
20,261.29191825359965,139.56572224802602,32.42333661186553,2.514954581598487
20,414.73488233541855,139.682454572535,25.27755248630575,1.9728086837688732
20,425.0832381263261,137.9689897176432,46.135109944472845,2.334239282321949
20,465.5776183644189,137.07632711621233,52.482734831561245,3.0269812628820114
20,475.66524729773994,140.53406485424173,45.976984057605875,3.0194514587454893
20,24.46048750194069,141.5457227138643,48.49946844334089,1.8899808382671266
20,137.45336559612846,140.83457985041795,34.230489604630904,2.567663210554144
20,320.8830640335129,141.26953919808497,62.91151356064479,2.198702807864546
20,375.6928762584427,140.74525296291577,59.086373059291404,2.040576920997575
20,503.5324881141046,140.569617387367,33.259144871019515,3.0194514587454893
20,7.867019667170953,141.77609682299547,49.77200534241317,2.115874962362799
20,65.05108915337975,146.4481248596452,67.06043563986864,1.8523318175845145
20,188.3788270011066,141.66396163777205,40.826598028224545,2.1384643747723664
20,242.05753791257806,140.45450490633363,33.76364174816651,2.9290938091072203
20,270.2309708159619,142.21155449672423,63.21270572610569,2.725789097421115
20,277.99170906350105,140.4062558884492,39.96067055252446,2.1610537871819337
20,389.75956013473353,137.57063602139885,76.00584295405727,2.2137624161375906
20,11.563989108236896,140.5726684819605,44.245129106205724,2.115874962362799
20,41.00784447476126,143.01040245566168,44.15477145656745,2.469775756779353
20,52.230745341614906,147.48509316770188,48.49193863920436,1.9125702506766937
20,124.31608315098468,143.1422319474836,68.82240980781489,2.868855376015041
20,209.5485426254657,143.0247644093798,34.35849627495179,2.0481067251340974
20,287.88971132494447,140.4912410560079,61.03659233065071,2.5902526229637113
20,381.275307606264,142.8894015659955,53.85315918440833,2.153523983045411
20,76.73903610723694,145.19386331938634,48.58982609297915,2.5601334064176218
20,215.7045923149016,143.63392689784442,40.171505068347095,3.162517737339415
20,311.4238354506957,144.36297640653356,62.233831188357776,2.6504910560558907
20,493.6054964539007,144.3597074468085,67.94895252797829,2.2664710450932475
20,71.58259219732005,145.41681489386932,63.49883828329354,2.349298890594994
20,88.43611383709519,144.9152109911678,38.364352075581714,2.1610537871819337
20,95.7507945410357,143.6171246962049,40.27692232625841,2.424596931960218
20,100.35773480662984,145.23007103393843,38.161047363895605,2.778497726376772
20,115.15155099894848,143.7927181913775,57.28674987066255,2.371888303004561
20,504.0496112550907,144.59626064420584,40.67600194549409,3.0194514587454893
20,59.51733046286329,149.55382131324004,69.95188042829325,2.379418107141084
20,103.89900552486188,145.8532596685083,34.072363717763935,2.778497726376772
20,188.81770585435507,145.95430747263208,31.640236981667194,1.844802013447992
20,290.9610610854222,146.28522754928207,30.93996519697061,2.5902526229637113
20,16.8855421686747,147.97299542999585,72.49695422643782,2.3191796740489043
20,30.770969952040716,145.5852990114515,76.93200886284953,2.5224843857350097
20,154.8029300435159,147.00467865647175,1887.8197844799447,114.70903621578249
20,163.0490121756048,146.99701112134576,2771.2013461684815,167.47037380039507
20,173.11161060474944,146.9925787732686,2009.9833267908843,117.87908375725843
20,394.8838500694123,147.08838500694122,48.815720217074826,2.1459941789088885
20,37.609807540205644,148.04139203796467,28.560547089829527,1.7920933844923352
20,253.54738330975954,147.86545261669025,42.58857219617079,1.9502192713593058
20,317.48306171030947,147.63953488372093,82.24052077909784,2.597782427100234
20,405.4328911198757,149.40313134934863,63.00187121028306,2.0556365292706196
20,415.47991021324356,147.98765432098764,33.54527742820736,1.7469145596732008
20,140.47927324043042,149.13318045510673,42.68645964994558,2.349298890594994
20,208.51450813871196,149.0547298891248,31.918839734718524,2.296590261639337
20,376.2507901096858,146.9583565718535,40.50281645035408,2.258941240956725
20,422.46606229660625,148.56183170618317,32.39321739531944,1.9803384879053956
20,5.892341094557161,150.25117915699633,100.57559385152992,2.386947911277606
20,70.45741773258992,149.60216464414563,68.87511843677055,2.326709478185427
20,224.76688555347093,149.60459662288932,48.160627257197376,2.0330471168610527
20,240.46650079971565,150.00853030033767,42.37020787621164,2.289060457502815
20,258.4302728153995,148.87522503808336,54.372715669828374,1.9502192713593058
20,267.131734006734,150.45412457912457,35.78162925675453,2.1610537871819337
20,298.88347704497784,146.710556979725,32.31038954981769,1.7469145596732008
20,323.65844734330256,150.1597200127267,47.33234880217991,1.9652788796323508
20,56.08379343942838,149.50487171159466,46.368533872705044,2.1911730037280233
20,89.72379658385093,152.30531832298138,38.79355091136349,1.9276298589497387
20,189.71004033113988,150.46762895351304,35.472907287157106,1.7092655389905886
20,197.5980732177264,149.5246628131021,39.079683468551345,1.9125702506766937
20,337.84880067025,151.00357361856396,3352.3215102087356,203.5230760060644
20,345.9800989249681,151.00320305982717,3827.1283696454298,247.64019844194925
20,354.01796111750673,150.99701202397034,4074.8965747577,260.7269980312252
20,362.1821342299802,151.00750901300057,3101.563972854266,189.35198462112922
20,434.88829039993215,150.99935542071134,4882.965035472739,288.22584273780507
20,443.047920308476,150.99671635109829,2657.7271978310887,176.50613876422196
20,451.01214584512365,150.95421067837057,1902.6233794123477,130.7324594183022
20,459.11934665031737,150.94595391560122,3064.246263553661,185.80544687282716
20,21.454652686762778,149.61533420707732,57.45240556166604,2.1911730037280233
20,65.51765221200175,150.75900131406044,85.95271421840339,2.379418107141084
20,79.2978415181805,152.27958858467332,51.97823795441424,2.552603602281099
20,99.10375186238656,152.9894351889476,55.592543939945,2.5601334064176218
20,111.25960512273213,151.62006403415154,28.22170590368602,2.3116498699123817
20,119.04506892895016,152.48860021208907,28.402421202962557,1.9728086837688732
20,135.8827247956403,148.78179836512263,69.08595295259317,2.439656540233263
20,251.2635895479687,151.98931909212283,39.47876308778703,1.9502192713593058
20,281.4751601595552,152.35887827873808,62.29406962144995,2.3568286947315165
20,309.446261682243,151.87616822429908,51.564098726905506,2.4848353650523975
20,383.0623310810811,151.86672297297298,44.576440488212704,2.198702807864546
20,392.9412238325282,151.81622383252818,37.40806695024337,2.0481067251340974
20,490.2619260318028,152.33178488475968,42.14431375211596,2.1836431995915007
20,127.07621414517966,155.3359221290256,72.71531854639697,2.4998949733254423
20,229.5762047067613,153.0177437429959,40.314571346941015,2.0481067251340974
20,216.83820475962307,154.13671937390194,47.14410369876685,2.1610537871819337
20,414.6616879350348,158.08889211136892,51.925529325458584,2.153523983045411
20,291.1469045120672,153.0043471743367,50.23132339474104,2.4998949733254423
20,497.61349854996047,156.35736883733193,57.12109417965905,2.24388163268368
20,12.489995831596499,156.53876615256357,36.12800024703456,2.3417690864584717
20,19.993127863390253,158.87796751353602,36.15811946358065,2.115874962362799
20,30.86479332111586,155.43514559152922,36.97886811446159,2.206232612001068
20,48.330010312822274,155.53265727053972,43.808400466287424,2.417067127823696
20,81.42976804123711,156.45103092783506,58.431280099413954,2.552603602281099
20,180.68537151702787,157.18363003095976,38.91402777754785,2.3191796740489043
20,226.91609471516816,156.50308853809196,43.883698507652646,1.7393847555366782
20,269.42982332155475,155.92607773851591,53.2733642658961,2.1836431995915007
20,300.62135581313663,156.48085704250087,42.87470475335864,2.530014189871532
20,311.1529427830124,156.4868223405708,55.140755691753654,2.4848353650523975
20,40.39953171562367,154.66177096636866,35.37501983338231,2.3191796740489043
20,422.90681622088005,160.42228522124984,61.08930095960637,2.0330471168610527
20,61.07769187252499,158.25796718838393,39.93055133597838,3.004391850472444
20,71.69056188762248,157.91721655668866,75.31310097349721,2.0556365292706196
20,90.51401700126605,155.8940133839754,41.63228707083244,1.9276298589497387
20,260.66880371027145,157.62692674942028,55.200994124845835,2.0481067251340974
20,270.9763501989767,160.58237635019898,66.22462738071465,2.5601334064176218
20,314.9656180681589,158.40976003226456,74.68059742602932,2.108345158226277
20,318.36942201444964,156.9975563110922,70.87051653294898,2.2740008492297696
20,325.13227893601726,158.25137790558352,62.84374532341609,2.2740008492297696
20,486.1312192454893,158.2449425915801,27.544023531399,1.9803384879053956
20,505.8978996499417,155.90081680280048,51.62433715999769,2.2815306533662922
20,7.424674519528828,159.4023558586485,36.43672221663198,2.6279016436463234
20,109.23559250387487,159.3797379174299,53.43901995689959,2.379418107141084
20,129.1105026929982,159.01561938958707,83.88201808085972,2.605312231236756
20,198.99293513166344,157.62260757867693,58.61952520282701,2.2137624161375906
20,234.66309791055085,159.4601968571922,43.605095754601315,1.8297424051749474
20,495.5599954201969,159.1419738951225,65.76530932838679,2.24388163268368
20,506.9915887850467,158.80591900311526,48.34134255647392,2.2815306533662922
20,152.7357025697102,162.23466375068344,68.8600588284975,2.2514114368202027
20,190.97240684793556,161.26223564954682,37.3854775378338,2.0556365292706196
20,392.29079535299377,159.7029490616622,42.12925414384292,2.8462659636054735
20,131.8144885852957,160.5052130145605,83.77660082294841,2.605312231236756
20,275.80168164685415,162.53261815018845,51.94058893373163,2.3116498699123817
20,283.9243113772455,160.97149700598803,31.43693226998109,2.4020075195506507
20,30.758788414768958,164.068980764979,34.05730410949089,2.0179875085880075
20,143.1558459051724,158.9303609913793,55.901265909542424,2.296590261639337
20,170.07125520110958,163.2656033287101,43.4319102594613,1.935159663086261
20,257.25594547563804,159.62021461716938,51.925529325458584,2.130934570635844
20,374.79669454400636,160.8815213062525,37.814676373615576,2.198702807864546
20,420.59054640945357,163.2077567922432,74.55259075570845,2.733318901557637
20,453.8366811498198,162.04688160152725,2887.182919283336,179.1641596244144
20,462.02927250241754,162.02389804323454,3908.88698295979,242.015434751967
20,472.0856452978126,162.0012972780327,4225.537836312968,243.86023676541498
20,97.63647342995169,163.57415458937197,31.173389125202807,1.7393847555366782
20,236.65270373191166,163.1896420411272,59.319796987523596,2.1384643747723664
20,247.2689369828135,162.68077657542966,47.317289193906866,1.8372722093114697
20,261.657354618016,163.53382744203725,39.62182936638096,2.3417690864584717
20,314.717350283047,163.11798589730856,75.81759785064422,2.725789097421115
20,432.95109768846555,167.46009989545823,64.82408381132149,2.0932855499532317
20,48.92522265165518,163.55116787094607,44.8098644164449,2.1459941789088885
20,71.08528855776716,163.9075947959524,67.7155285997461,2.6655506643289355
20,125.52689399343701,164.2432586674276,52.77639719288562,2.0556365292706196
20,161.86170928667565,164.8029946164199,44.757155787489246,3.2302859745681167
20,215.0086417433778,164.06500093931993,40.081147418708824,2.3417690864584717
20,222.46340057636888,164.47550432276657,39.19263053059918,2.0104577044514853
20,290.4250406504065,161.41073170731707,23.15414771980643,1.9426894672227835
20,324.4133085348212,163.84149617689604,36.43672221663198,2.0706961375436648
20,364.03548564111946,165.5734406438632,41.16543921436805,1.7695039720827679
20,384.7264917932198,163.80104310477066,49.08679316598963,2.3568286947315165
20,398.2727555624708,163.2235879881749,48.394051185429575,2.1836431995915007
20,423.64188638216905,163.53316118510466,55.40429883653194,2.0330471168610527
20,83.8066284878762,165.0489825758499,61.797102548439476,2.168583591318456
20,264.5634328358209,164.98507462686567,48.43170020611218,2.3417690864584717
20,304.40996120635714,166.39969966211987,60.17066485495063,2.424596931960218
20,409.7065637065637,165.02770838064956,33.1537276131082,2.748378509830682
20,487.22179377320765,165.45729791488145,52.72368856392996,2.334239282321949
20,499.6056168987038,165.4450312049928,31.369164032752387,2.02551731272453
20,20.86030303030303,169.11939393939394,49.69670730104795,1.8899808382671266
20,42.72714745062012,163.85254937988057,49.177150815627904,1.9803384879053956
20,58.64407106991116,168.13248358439552,38.98932581891307,1.8523318175845145
20,112.83321722168037,167.09265709906646,54.041404287821386,2.4471863443697854
20,205.5397509578544,165.91800766283524,78.61115518529402,2.078225941680187
20,333.0734645900676,167.18718777549222,25.623923476585784,2.386947911277606
20,343.8100991325898,166.16263940520446,48.612415505388725,2.46224595264283
20,407.36493551760196,167.29661903102127,43.20601613536563,2.748378509830682
20,7.373328932167024,167.08796831160257,45.62308326318932,1.9728086837688732
20,119.47606263982102,165.50581655480985,33.6582244902552,2.0556365292706196
20,179.90555284155676,169.23009281875915,46.24052720238416,2.4848353650523975
20,219.5914943425673,167.25341396800624,38.597776003813905,1.9728086837688732
20,271.9300467876298,167.0176880063905,65.98367364834594,2.7709679222402492
20,279.0157470551767,167.11754494730317,60.72787036105329,2.4020075195506507
20,313.4992106860959,166.59635701275045,62.0079370642621,2.725789097421115
20,346.2930607187113,169.33839322593968,72.91862325808309,2.1761133954549785
20,429.1919009543461,167.2420686097498,58.38610127459482,1.844802013447992
20,130.8990434142752,169.58189845474612,51.16501910766982,2.153523983045411
20,252.46014892443463,170.20132377275235,54.606139598060565,2.1384643747723664
20,382.94049777484753,167.69540135157408,45.6833216962815,2.3191796740489043
20,495.7900287631831,166.49400767018216,31.414342857571523,2.0104577044514853
20,72.19839449541284,168.69610091743118,45.961924449332834,2.6655506643289355
20,152.58556461001163,169.1329711550899,58.212915779454804,2.0330471168610527
20,248.71152640160543,169.2137213094193,60.03512838049323,2.0104577044514853
20,323.6311965811966,166.82115384615383,35.23948335892491,2.5375439940080544
20,435.7287449392713,168.67989203778677,55.795848651631104,2.0029279003149627
20,262.76170468187274,170.13361344537816,62.72326845723173,2.3417690864584717
20,284.7027576566273,170.42991485576312,59.2520287502949,1.9803384879053956
20,105.4083689676237,171.0868967623702,49.30515748594878,1.897510642403649
20,125.41047828823159,171.15213971050974,47.85943509173648,1.8899808382671266
20,153.63365629780725,173.22376338602754,73.8297295586023,2.1610537871819337
20,196.5138589211618,169.74738589211617,45.36706992254756,2.6504910560558907
20,228.97429163787146,171.16074637180373,54.478132927739686,2.7408487056941597
20,272.55226346513933,170.55039101222602,68.36309175548702,2.7709679222402492
20,341.4027698458024,171.37250142775557,52.738748172203,2.695669880875025
20,26.35866865375062,171.92051664182813,30.314991453639248,2.1008153540897543
20,188.96864806089164,172.31424429140992,41.54945922533069,2.6504910560558907
20,215.44774590163934,171.4234118852459,58.79271069796703,1.80715299276538
20,312.31648522550546,172.08216692586834,58.099968717406966,2.1610537871819337
20,373.4946150777822,171.58276824890308,37.754437940523395,2.46224595264283
20,389.05554340695386,170.52503826809533,34.43379431631701,1.6490271058984092
20,410.7155963302752,174.28740121718593,82.89561373897529,2.642961251919368
20,428.31501485282206,172.21185525249797,55.76572943508502,1.9953980961784403
20,503.57142857142856,171.6615247037782,33.68081390266477,2.0556365292706196
20,32.85125835627212,173.11010617381046,76.59316767670602,2.5601334064176218
20,255.41433937612283,172.6833251674016,46.104990727926754,2.3568286947315165
20,281.52149133222514,172.73604844455,63.41601043779179,1.9803384879053956
20,422.5403352540597,173.26925091671032,57.49758438648517,2.379418107141084
20,437.421785764034,173.31118540186657,54.05646389609443,2.0481067251340974
20,38.72316962255571,173.16768985902684,66.23215718485118,2.7031996850115476
20,71.69184385909236,174.80688670263407,47.45282566836427,2.334239282321949
20,99.31279397930386,172.57960959548447,64.03345437698663,2.3944777154141286
20,162.70895628648725,173.5108927808629,52.88181445079693,2.236351828547158
20,170.73957974509128,174.1178091629349,21.859021408324576,2.3116498699123817
20,227.1384055038446,173.67934709294482,55.81843806404068,2.7408487056941597
20,273.1537833741401,173.56056896350705,64.58313007895276,1.9050404465401714
20,278.0003068739771,174.5900163666121,73.61136523864315,2.0179875085880075
20,363.4701360141928,172.61383796570078,38.19869638457822,1.9953980961784403
20,414.7227131871916,174.30460231837483,65.60718344151982,2.5375439940080544
20,458.4068742127047,177.1007737988123,41.84312158665507,2.658020860192413
20,474.5240840617445,175.51441324158452,40.48775684208103,2.1459941789088885
20,79.9834772253647,175.35695147365288,50.58522418915759,1.9502192713593058
20,205.4724795640327,176.55444141689372,69.08595295259317,2.6806102726019803
20,235.1445349201378,175.4036955840902,48.085329215832154,2.507424777461965
20,296.1912193091968,174.54535996670828,36.18823868012674,2.861325571878518
20,359.7382175563994,173.94415903506814,33.71093311921086,1.9276298589497387
20,115.72550006290099,176.53566486350485,59.85441308121669,2.545073798144577
20,258.9680188287415,172.47044164474596,54.387775278101415,2.3568286947315165
20,303.0442515053914,176.48424590393503,53.77033133890658,2.861325571878518
20,310.7195295794726,175.61487289142315,63.38589122124571,2.236351828547158
20,324.2432669789227,175.47980093676816,25.721810930360576,1.6866761265810213
20,380.5478125540377,169.8642573058966,43.544857321509134,2.46224595264283
20,418.74830103196575,174.07991442235087,59.831823668807125,2.379418107141084
20,433.5379865771812,175.703355704698,56.097040817092,2.0481067251340974
20,440.6440177252585,176.16750369276218,50.97677400425676,2.386947911277606
20,482.4623655913978,178.13845745386965,56.72201456042337,1.935159663086261
20,46.93681043129388,173.15613507188232,45.043288344677094,2.417067127823696
20,128.1665820213306,176.75977653631284,59.304737379250554,2.6504910560558907
20,133.48518601024728,176.7882601915794,67.60258153769826,2.6504910560558907
20,138.18526263993112,175.76553081559848,61.209777825790724,2.3417690864584717
20,142.02327718223583,173.62266462480858,73.75443151723707,2.3417690864584717
20,186.44573587098648,177.40534650588407,51.827641871683795,2.7559083139672045
20,225.1319364871501,177.1636929120969,45.99957347001544,2.153523983045411
20,401.30992915300834,176.88611610447288,71.2093577190925,2.130934570635844
20,6.953675889328063,178.24173913043478,47.62601116350429,2.46224595264283
20,67.32833333333333,177.81136363636364,49.69670730104795,2.5375439940080544
20,144.38372228027401,178.09276674793915,64.85420302786757,2.46224595264283
20,192.58371927324546,177.78660491628074,42.27232042243685,2.349298890594994
20,213.46584302325581,177.81922238372093,41.44404196741938,2.130934570635844
20,288.8058503011184,173.58976197304273,52.512854048107336,2.2664710450932475
20,330.50268528464017,178.42728249194414,35.05123825551185,2.1610537871819337
20,490.71219326612135,177.58170058968994,39.58418034569834,2.0932855499532317
20,54.81777132720529,178.38864699242058,46.69231545057551,1.7393847555366782
20,87.9300899427637,178.53638593622242,36.83580183586766,1.7393847555366782
20,106.38944547996272,177.8804753028891,64.63583870790842,2.5601334064176218
20,196.24001320567845,178.94536150544735,45.6155534590528,2.349298890594994
20,337.59104074145586,179.26134388878162,77.9937112460992,2.620371839509801
20,429.26314548455554,178.92442820089602,63.86779868598314,2.507424777461965
20,462.5400332225914,178.53554817275747,45.32942090186495,2.658020860192413
20,466.12097502256995,177.79536563346375,50.04307829132798,2.289060457502815
20,84.09214049456607,179.75602457079856,47.80672646278082,2.0104577044514853
20,177.58609768294716,180.2438739789965,45.17129501499798,2.605312231236756
20,402.0112319697328,179.82265310948213,63.6870833867066,2.130934570635844
20,17.710656213704993,179.81576655052265,51.8652908923664,2.439656540233263
20,30.436436574906626,180.99460506294093,54.43295410292055,1.9201000548132163
20,77.96405599697313,180.9146172278976,59.70381699848624,2.0104577044514853
20,135.31613246442345,180.44806490224764,56.61659730251205,2.906504396697653
20,146.8384306186648,181.24615519049283,86.17107853836254,2.46224595264283
20,154.83513136184794,181.24698565807844,59.32732679166012,2.417067127823696
20,168.2339008142117,180.63323464100665,20.34553077688357,1.9502192713593058
20,202.45000749512818,180.75640833458252,50.23132339474104,2.424596931960218
20,263.52373290426385,179.71375703942076,46.79773270848682,2.1459941789088885
20,38.62189054726368,183.50629206906643,51.45868146899419,2.3417690864584717
20,59.72118211356955,184.1883026458301,48.66512413434438,1.987868292041918
20,232.4524681087077,181.97260122018858,67.88118429074959,2.1610537871819337
20,256.93623288858083,181.88892739559867,43.45449967187086,2.906504396697653
20,268.1423080361133,179.64369357289712,84.23591887527627,2.4321267360967407
20,448.0341697810998,183.100017796761,42.309969443119456,2.0706961375436648
20,498.427969348659,182.52605363984674,39.30557759264701,2.108345158226277
20,182.50092739798623,182.86579226285107,56.8349616224712,2.605312231236756
20,243.6777334693499,183.36919224705554,81.19387800412122,2.823676551195906
20,250.67937219730942,182.55333119795003,47.01609702844597,2.3116498699123817
20,402.47307788630104,182.9571750563486,60.13301583426802,2.130934570635844
20,422.4184664156925,182.80859916782248,38.002921477028636,1.7544443638097231
20,227.71494768310913,184.42466367713004,50.37438967333497,2.1610537871819337
20,284.63178294573646,185.44530577088716,17.48420520500505,2.258941240956725
20,318.25372736954205,184.7263045793397,28.281944336778196,1.8899808382671266
20,413.3866923818708,184.6575591985428,70.27566200616371,2.3417690864584717
20,493.0222361415597,185.23661133730033,48.085329215832154,2.4095373236871733
20,503.2710314557425,183.64313582053157,61.75945352775686,2.4998949733254423
20,43.83731547709633,186.14457464617257,49.4783429810888,1.9276298589497387
20,76.02485102066692,184.88753645239,59.3875652247523,1.9728086837688732
20,86.44362139917695,187.2961316872428,45.743560129373684,2.5601334064176218
20,98.44136370066488,186.3927005234121,53.22818544107697,2.379418107141084
20,121.04450704225351,184.66535211267606,26.73080468465458,2.567663210554144
20,154.22513380909902,186.15923282783228,67.52728349633303,2.46224595264283
20,192.62372567191844,185.88544949026877,40.62329331653844,2.477305560915875
20,213.09233791748525,187.2272429600524,22.996021832939462,1.8222126010384248
20,217.59087767795438,186.32273669661367,32.68687975664381,2.349298890594994
20,220.94466872476846,186.0816908097839,31.708005218895895,2.349298890594994
20,299.4870252620725,187.40092799450076,43.81593027042394,1.935159663086261
20,437.7970899889293,184.89340502925828,95.22190311046248,2.236351828547158
20,7.975983918747355,185.44519678374948,71.17170869840989,2.5375439940080544
20,51.992981855528924,189.5688120506676,43.98911576556396,1.7092655389905886
20,69.4622905027933,185.4683426443203,48.522057855750454,1.9577490754958284
20,104.29590069284065,186.90906466512703,78.24972458674095,2.5375439940080544
20,129.91882496088996,187.1962454371632,43.31896319741346,2.695669880875025
20,136.9195210247842,186.2023113338903,54.079053308503994,2.906504396697653
20,140.71924248443915,185.7661236922262,56.85755103488077,2.906504396697653
20,266.4286439817166,186.98755713560183,29.652368689625277,2.371888303004561
20,327.92271919026126,185.73628778552865,55.05039804211539,2.198702807864546
20,352.8755016905985,187.00085364247136,4286.905740025625,254.7483335468264
20,361.05354172048567,186.99336347197107,2914.7871812478274,187.7330767317769
20,369.00327231479895,187.00086192100176,2018.0326874128268,135.25034190021566
20,376.9746848378436,187.00052952816253,2431.5921200030475,159.46619200327174
20,385.12439073261197,186.99833179560304,3231.8220546119674,191.51303840831113
20,461.0221253771371,187.2470667113644,44.92281147849274,2.1610537871819337
20,471.9921660252886,187.28862012094558,54.7868548973371,2.567663210554144
20,482.8942093541203,189.30889155388041,87.90293348976269,2.0857557458167095
20,20.454545454545453,189.17635270541084,41.33109490537154,2.198702807864546
20,227.54393233212497,187.42102537545313,43.62015536287436,2.1610537871819337
20,277.5482982982983,188.34547047047047,60.178194659087154,2.514954581598487
20,335.85475051264524,186.74786397812713,88.12882761385836,2.0706961375436648
20,466.06906859660165,187.96774701069856,47.85943509173648,2.2740008492297696
20,477.3209555959491,188.4237860296027,57.99455145949565,2.4923651691889197
20,38.431760299625466,187.8392509363296,50.26144261128713,1.7845635803558129
20,92.1235779294653,189.39405574516496,52.949582688025636,2.379418107141084
20,110.83183477254518,187.79818392237158,84.5822898655563,2.5375439940080544
20,203.46319588756427,186.18002843705568,68.84499922022445,2.424596931960218
20,234.9821225233432,187.88123434297427,66.12673992693986,2.996862046335922
20,426.68814003334126,189.47928078113836,63.235295138515255,2.635431447782846
20,29.414915966386555,189.60534213685474,50.17861476578538,2.4471863443697854
20,251.17546544248916,189.88319306299414,29.524362019304395,2.3191796740489043
20,259.360248447205,190.2652774994991,37.581252445383384,1.935159663086261
20,264.18688830200404,192.35901817616903,48.4693492267948,2.6806102726019803
20,283.4706840390879,190.51000465332712,32.36309817877335,2.635431447782846
20,403.8383155705745,187.4459318949831,57.93431302640347,2.477305560915875
20,452.50875656742556,191.50744308231174,34.3961452956344,2.6128420353732786
20,71.11999329646389,190.9646388469918,44.93034128262926,1.9577490754958284
20,186.56824634199606,191.23673291111595,68.95794628227229,2.9893322421993993
20,243.18653653197117,186.6355924473228,82.54924274869525,2.823676551195906
20,430.91834646474985,191.56799345134556,73.58877582623357,2.4020075195506507
20,488.5596942724458,191.02699303405572,77.8280555550957,2.868855376015041
20,66.75679394564844,193.24819401444788,43.77828124974133,1.9201000548132163
20,170.00284540381432,192.0008309315018,4911.540642170842,275.28210942712303
20,435.4311488458477,191.5108782170337,56.759663581105976,2.0556365292706196
20,76.9641425389755,193.49688195991092,33.80882057298565,2.5902526229637113
20,85.10442764578833,193.13250539956803,69.72598630419758,2.620371839509801
20,116.77694770544291,194.18874828479952,49.38798533145053,2.168583591318456
20,142.595678555572,193.2637265058458,50.87888655048197,1.9652788796323508
20,291.7795205019045,194.96056464261707,33.605515861299544,2.5751930146906665
20,442.82196119836345,196.3638643262505,57.05332594243035,2.658020860192413
20,11.835383552176918,190.53863165169315,54.478132927739686,2.334239282321949
20,224.60231777981093,193.45928636779507,49.380455527314005,2.3041200657758596
20,234.590598840953,193.94243399871218,58.46892912009657,2.906504396697653
20,307.6208316987054,191.73872106708512,38.38694148799128,1.7619741679462455
20,472.6486173903901,194.037220060982,71.61596714246471,2.078225941680187
20,21.443865030674846,194.67085889570552,49.09432297012616,2.507424777461965
20,56.109913793103445,194.87002652519894,45.41977855150322,2.778497726376772
20,123.8110599078341,195.99519134441996,37.581252445383384,1.9426894672227835
20,200.59459459459458,194.76572181938036,57.11356437552253,2.5224843857350097
20,214.52468265162202,194.47496473906912,21.354524531177574,1.987868292041918
20,271.33460841554256,193.86974028588685,37.40053714610684,2.040576920997575
20,49.75695051582444,194.45410036719707,43.0629498567717,2.46224595264283
20,62.36081771720613,194.93219761499148,44.199950281386585,2.5375439940080544
20,147.8716950194712,195.5133224021316,73.47582876418574,2.2815306533662922
20,186.7685851318945,195.7062350119904,43.95899654901787,2.4095373236871733
20,194.45800614544214,197.36206896551724,44.10959263174831,2.5224843857350097
20,238.7043102116484,196.36999845512128,48.740422175709604,2.567663210554144
20,256.755569906361,196.22925411688732,23.319803410809925,1.9050404465401714
20,329.58803449514915,197.29823931009702,41.91088982388377,2.3643584988680386
20,389.55317267300467,197.70395755029847,34.05730410949089,2.4998949733254423
20,475.74240809802876,194.71603622802346,56.5337694570103,2.040576920997575
20,94.51285347043702,196.86102185089973,46.865500945715524,1.9953980961784403
20,282.044915782907,199.1823663963402,36.2108280925363,1.897510642403649
20,332.63963963963965,197.16023166023166,35.103946884467504,2.3643584988680386
20,379.82575130962226,203.4215605183347,27.310599603166807,1.7845635803558129
20,437.397120055517,196.73004857737683,43.40179104291521,2.206232612001068
20,452.80618797431407,197.21696828176687,38.6956634575887,2.4020075195506507
20,30.765453247680227,198.586295503212,52.74627797633953,2.206232612001068
20,47.6094301563288,197.60337871911247,29.863203205447906,2.0706961375436648
20,82.14864304951315,200.2761549616739,72.69272913398741,2.040576920997575
20,248.8672994602643,198.02345058626466,40.45763762553494,2.514954581598487
20,291.1333222646522,198.45508882616636,45.352010314274516,2.153523983045411
20,500.67786321327395,198.0946985026305,55.81843806404068,2.371888303004561
20,75.54701382033564,200.52764067127345,61.021532722377664,2.206232612001068
20,233.11925116329402,201.57915809977274,69.58292002560366,2.3116498699123817
20,317.9438588705204,198.08055031620992,67.86612468247654,2.5224843857350097
20,113.01798968423701,197.59994967920494,59.85441308121669,2.2137624161375906
20,147.07795306907067,199.7709134296699,56.79731260178859,2.2514114368202027
20,228.58218099072292,199.10012252756871,43.01777103195256,1.987868292041918
20,306.51516709511566,202.3041645244216,73.2273452276805,1.9728086837688732
20,436.0298108552632,199.82606907894737,36.62496732004504,2.6128420353732786
20,460.2588775936499,196.48127001810332,54.07152350436748,2.02551731272453
20,492.84513782542115,200.34130934150076,39.3356968091931,2.379418107141084
20,25.232879303821413,202.23713583049565,79.60508933131499,2.0706961375436648
20,41.70008029978587,201.04055139186295,56.262696508095495,2.115874962362799
20,69.53635949597692,202.43434036739032,49.598819847273155,3.087219695974191
20,78.83206896551724,201.25,65.50929598774502,2.040576920997575
20,134.58747697974218,201.31266625741765,36.79815281518505,2.3643584988680386
20,192.33737233858403,201.22485719231435,43.49967849669,2.108345158226277
20,297.1615688570174,201.29372164495828,51.451151664857676,2.3041200657758596
20,356.57806141324454,200.81557528671846,40.70612116204018,2.063166333407142
20,487.3655552890381,198.9342768049892,31.391753445161957,1.7996231886288576
20,12.590831556503197,200.5633262260128,35.31478140029014,2.1911730037280233
20,157.80644245778345,203.45849297573434,53.06252975007347,1.8749212299940818
20,363.875574407918,202.9805585012372,21.301815902221918,1.987868292041918
20,452.1841851494696,202.40469302475088,46.850441337442476,2.5224843857350097
20,470.29746121297603,202.25387870239774,53.386311327943936,2.605312231236756
20,500.79362514688603,202.05684488836664,51.262906561444616,2.153523983045411
20,97.78838593732449,201.07132427271705,67.03784622745907,1.8297424051749474
20,106.18731740848943,195.73689637394742,43.81593027042394,2.2514114368202027
20,185.3178360101437,202.85697379543532,44.538791467530096,2.349298890594994
20,493.8370607028754,203.39143769968052,58.92071736828791,2.379418107141084
20,243.9628753842516,206.30007093875622,63.6870833867066,2.289060457502815
20,422.0764278639815,203.57840871574777,45.6155534590528,2.063166333407142
20,432.46970582505355,203.1209818819404,38.65048463276956,2.6128420353732786
20,480.5305137666761,203.66633550950894,53.05499994593695,2.5601334064176218
20,85.23527486910994,201.4222294938918,69.03324432363752,2.1008153540897543
20,163.88287913459538,204.57749115872684,36.195768484263255,1.8749212299940818
20,176.4321295143213,205.4582814445828,48.37146177302,2.8462659636054735
20,196.55423102753525,204.02081934184017,44.84751343712751,2.078225941680187
20,339.86359136804595,207.22223322114434,76.06608138714945,2.507424777461965
20,370.94221617946977,203.90849762066622,55.38170942412238,2.0857557458167095
20,35.765126870527,206.43998048145738,46.29323583133982,2.439656540233263
20,53.177505112474435,205.91165644171778,36.820742227594614,1.9577490754958284
20,326.9208633093525,206.9227885297396,74.31163702333973,2.853795767741996
20,28.49237450762549,206.93152206847793,74.55259075570845,2.1384643747723664
20,70.7825096140151,207.22632103688935,52.86675484252389,2.2740008492297696
20,399.80995221667064,206.8021006820525,1519.0928057185783,103.0528994124458
20,408.0853942699269,206.8802105463301,3881.0191778505205,237.25659853768482
20,492.37446751863683,206.879392971246,56.56388867355639,2.2815306533662922
20,502.6353764226793,207.59141693641016,72.11293421547518,2.7182592932845924
20,88.49200514611285,209.18617901121118,40.969664306818466,2.0104577044514853
20,154.69959595959597,208.30212121212122,74.54506095157193,2.115874962362799
20,192.3951030927835,209.55051546391752,29.215640049706977,1.9276298589497387
20,208.87646588973882,208.00783027865631,3497.4358955277958,207.40845494050996
20,217.16912528796934,207.99866118310726,2738.996373876575,166.61197612883151
20,316.8950500798374,207.42676731020467,51.87282069650293,2.040576920997575
20,461.2287668630059,208.09272278168345,39.62935917051748,2.7559083139672045
20,17.596779336734695,209.07716836734693,47.226931544268595,2.439656540233263
20,76.10051933064051,205.55187536064628,65.24575284296674,2.206232612001068
20,98.46557155715571,208.60981098109812,33.46244958270562,2.3568286947315165
20,109.42983592400691,208.6068652849741,34.87805276037184,2.801087138786339
20,233.91494820868573,205.70749786182648,79.23612892862539,2.3116498699123817
20,249.91479656996898,207.41744207261448,41.27085647227936,2.0029279003149627
20,6.928441579904148,208.47182283920014,45.56284483009714,3.1549879332028925
20,36.675655887736426,210.1731543624161,61.706744898801205,2.439656540233263
20,54.59751601009121,210.33417426741704,38.801080715500014,1.9577490754958284
20,128.9300187032419,210.4192643391521,48.31122333992783,2.891444788424608
20,136.22860723236664,209.79341210168278,42.06148590661422,2.853795767741996
20,184.29303783299753,209.95119767181555,33.635635077845635,1.8372722093114697
20,346.6500223713646,209.87812080536912,84.145561225638,2.3568286947315165
20,22.285614606349576,210.86440283753925,64.74878576995626,1.897510642403649
20,61.49368292351583,211.1672327129466,55.42688824894151,1.9201000548132163
20,69.22046867527499,211.01865136298423,62.97928179787349,2.379418107141084
20,122.3784398453491,208.88423925403686,33.10854878828906,2.891444788424608
20,145.3908783389712,207.73568179167154,64.55301086240668,2.7408487056941597
20,159.38271055753262,210.7388790035587,50.78099909670718,2.3191796740489043
20,298.4784570844687,210.6937159400545,88.43001977931927,2.8086169429228613
20,27.629704659345347,211.94423712549312,70.62203299644375,2.1836431995915007
20,165.48686890341943,214.24825811984135,70.24554278961763,2.3191796740489043
20,307.09232991857107,209.98752298397687,57.33192869548168,2.1008153540897543
20,340.34772207197835,211.97888495943417,72.39153696852651,2.0857557458167095
20,366.9027076640661,213.46764570904085,49.222329640447036,2.6128420353732786
20,474.65093039283255,212.38249483115092,65.55447481256417,2.3191796740489043
20,491.9838880084522,214.05454305335445,57.01567692174774,2.439656540233263
20,171.23523035230352,215.21653116531166,55.56995452753544,2.3191796740489043
20,264.8923613763517,212.99978305441056,2464.286529563828,145.7167696499818
20,273.0775195423015,212.99575099021314,1437.1986559297607,92.4735246006318
20,283.06443406847177,213.01536429767336,2086.7797991792763,118.8428986867333
20,336.4292580002344,213.24241003399368,64.23675908867274,2.5224843857350097
20,468.07225484961737,212.91421961203062,42.309969443119456,1.9803384879053956
20,45.002702702702706,213.73100995732574,52.93452307975259,2.0330471168610527
20,84.21990084985836,214.26434135977337,42.52833376307861,2.153523983045411
20,13.48816120906801,215.08690176322418,29.893322421993993,2.4020075195506507
20,58.69674032474667,213.45525576852643,61.676625682255114,1.9201000548132163
20,486.5254095620194,215.5667001003009,45.043288344677094,2.439656540233263
20,8.812612208258528,216.13958707360862,33.55280723234389,2.552603602281099
20,174.80331099724083,216.3287347260544,57.30933928307211,2.3191796740489043
20,332.23162738809094,215.5398131362432,53.99622546300225,2.5224843857350097
20,355.3124432334242,212.83560399636693,41.451571771555905,2.115874962362799
20,432.8634457713305,216.01537046402078,1890.967242609011,113.29343303811628
20,441.0106069557839,215.99001954852037,1898.963894601998,121.25243601042048
20,449.1761534254491,216.01650551559743,1459.3814589159556,88.33966212968099
20,465.44737470167064,216.49821002386633,63.09975866405785,2.4471863443697854
20,498.44402687621,216.0059218767794,66.11921012280334,2.673080468465458
20,60.405068919519785,216.6903809100341,50.80358850911674,2.3568286947315165
20,64.89027166489603,216.74472605858247,49.613879455546204,2.3568286947315165
20,82.9195895522388,217.3179104477612,40.359750171760155,2.153523983045411
20,183.08943833943835,217.01602564102564,49.33527670249487,2.605312231236756
20,318.1025117418828,217.11843986113948,36.87345085655028,2.582722818827189
20,387.1766015620676,220.23324430275457,4761.599652400271,202.13006224080775
20,404.1297906214188,217.39952673826267,2937.0678716877974,187.51471241181775
20,412.22440482241245,217.01734807977718,3703.6847606312813,234.84706121399765
20,132.30053338238,217.10925142541842,40.93954509027238,1.8222126010384248
20,143.0454298642534,217.98805429864254,41.60216785428635,2.673080468465458
20,298.02601188474046,217.7499719699518,67.15832309364343,2.3643584988680386
20,322.7230815437753,219.2878810632227,50.140965745102775,2.2514114368202027
20,345.72294254128565,218.95878258495975,55.170874908299744,2.24388163268368
20,134.56242568370988,219.9706132155597,44.32795695170746,1.7695039720827679
20,156.40092999225007,220.11340738827175,58.29574362495655,3.1022793042472356
20,186.4666260286498,219.69018591892717,49.410574743860096,2.605312231236756
20,219.45355318160705,223.3992104040873,64.84667322373106,2.2815306533662922
20,362.5213774424453,219.56065002901914,38.921557581684375,2.8989745925611303
20,19.242518764012086,221.15800760308022,77.24826063658347,2.2514114368202027
20,26.426419015456553,220.57825691648267,57.97196204708609,2.130934570635844
20,48.70537237066515,219.93021603183627,52.979701904571726,2.108345158226277
20,56.9871944121071,216.53317811408616,45.27671227290929,1.9201000548132163
20,137.89233433023767,221.3820242405163,47.83684567932691,2.198702807864546
20,233.78066565788663,220.9860973221683,2199.470847886471,137.1779717591654
20,242.01827962018803,220.9992759249731,4024.492065867819,246.74415174970306
20,252.08962143681703,220.99986038418186,4422.449744287165,255.67449945561864
20,482.0360285264425,222.50301009539686,81.29929526203253,2.1761133954549785
20,147.47305660377359,221.6691320754717,49.88495240446101,2.198702807864546
20,166.5153206275666,222.34926818995473,71.51054988455338,2.6128420353732786
20,175.68566468971503,222.33690148994648,52.05353599577947,2.3417690864584717
20,208.5524132091448,223.35275190516512,44.463493426164874,2.3568286947315165
20,340.3740937651039,223.07829869502174,62.31665903385952,3.087219695974191
20,343.40820476019616,222.1035761272575,62.956692385463924,3.087219695974191
20,346.42573026724676,221.98943443132382,48.46181942265827,2.24388163268368
20,379.51830165704905,222.1925300439409,1422.3047033477194,100.4701765936186
20,471.7962015239395,224.40464005458887,66.20956777244162,2.3041200657758596
20,485.84386812263756,222.43406131877362,71.7138545962395,2.078225941680187
20,95.81551555567853,222.99359187212337,3265.4351002774033,199.78829315434928
20,104.01263078582804,222.99654263061458,4397.179721604995,275.15410275680216
20,112.10089250553473,222.99687937441882,2275.3788033867536,151.9589772791589
20,120.18128968546546,222.99684973926566,1685.102397516488,103.08301862899188
20,292.42891725352115,224.08604753521126,68.43085999271572,2.115874962362799
20,394.3378496976743,217.00040177121267,2642.554642495996,181.53604792741893
20,5.011101742551996,219.94055649241147,53.58208623549352,2.1911730037280233
20,63.416132679984926,222.82359592913681,39.953140748387945,2.673080468465458
20,74.06349206349206,224.16974944247673,57.399696932710384,2.5375439940080544
20,149.7124159886806,223.87106473293244,42.573512587897746,2.198702807864546
20,197.86820696387895,225.34233647901073,46.27817622306677,1.9276298589497387
20,212.8361918604651,224.06308139534883,51.80505245927423,2.605312231236756
20,295.85938593859385,222.61826182618262,75.29051156108764,2.2815306533662922
20,26.85611879160266,224.92613927291347,58.82282991451312,2.02551731272453
20,140.11554384644336,225.4978045414628,60.020068772220185,2.198702807864546
20,312.2878787878788,228.575311942959,50.690641447068906,2.3116498699123817
20,369.65660809778456,226.35752482811307,39.42605445883137,1.9577490754958284
20,458.44931506849315,226.20451248992748,46.7224346671216,2.454716148506308
20,488.85804743265027,223.66117890858854,65.4038787298337,2.778497726376772
20,499.141835016835,224.74396745230078,53.672443885131784,2.0857557458167095
20,504.3898217067682,224.8868790029427,86.99935699338,2.2288220244106354
20,277.81239050804265,227.2075171205606,47.27964017322425,2.153523983045411
20,177.1516227999354,226.5118682383336,46.632077017483326,2.371888303004561
20,265.227866061294,227.20175936435868,26.535029777104995,1.9502192713593058
20,468.75308130502333,227.0597617814604,72.70025893812394,2.3041200657758596
20,39.21191450659391,229.51705320600274,49.674117888638385,1.7469145596732008
20,48.40730176839703,231.1277809469481,52.798986605295184,2.530014189871532
20,201.02717600307653,223.74541725419817,58.740002069011375,1.9276298589497387
20,359.74977416440834,227.89927732610658,16.67098635826063,2.0481067251340974
20,481.4303731498853,226.50229309985409,72.24094088579606,2.296590261639337
20,10.4857507443641,230.13589961718418,35.4051390499284,2.469775756779353
20,73.82760217668172,228.3984022229941,65.03491832714411,2.5375439940080544
20,158.9175468483816,228.7482112436116,22.099975140693292,2.063166333407142
20,330.965429451963,224.7778373308321,56.1949282708668,2.454716148506308
20,423.5560361037984,228.44904099285446,40.04349839802621,2.1459941789088885
20,464.1839407744875,228.85797266514805,66.11168031866681,2.876385180151563
20,132.35449591280653,229.7649863760218,55.26876236207454,2.5375439940080544
20,151.82729143580815,230.37122051606775,47.56577273041211,2.040576920997575
20,223.4111570247934,231.21659779614325,43.733102424922194,2.258941240956725
20,322.0525933327278,229.78853665183033,82.89561373897529,2.597782427100234
20,18.20760438535106,232.59715418707722,32.2802703332716,2.258941240956725
20,26.329076923076922,230.61738461538462,48.943726887395705,2.386947911277606
20,45.324139280125195,231.25449921752738,38.49235874590259,2.530014189871532
20,137.14806059954873,227.67314924250564,70.07988709861414,2.5375439940080544
20,143.83864254842325,230.65631503121497,47.038686440855535,2.168583591318456
20,328.5732066819522,229.40992466426465,45.976984057605875,2.371888303004561
20,437.7483769082295,229.82804000701879,42.91235377404125,1.9125702506766937
20,445.8507153614458,231.25188253012047,39.99831957320708,2.1459941789088885
20,478.4095050480177,231.1699088894361,61.15706919683507,3.0269812628820114
20,487.2047860608734,234.17148213498015,68.28026390998528,2.2514114368202027
20,65.81656077064973,233.3849149415864,73.47582876418574,2.379418107141084
20,53.86627085100368,233.14164546225615,53.265834461759574,2.5224843857350097
20,72.66761507976831,231.48602784269892,74.1008025075171,2.5375439940080544
20,225.20940236595484,234.4501459517591,49.01149512462441,2.620371839509801
20,377.1312184571017,233.60201874549387,31.331515012069776,1.9652788796323508
20,416.1010140405616,235.24258970358815,38.612835612086954,2.108345158226277
20,455.1595632264882,234.20887636491722,21.37711394358714,1.844802013447992
20,62.61228003060444,233.19185156847743,78.73163205147839,2.658020860192413
20,113.53066666666666,234.528,8.471029653587719,2.130934570635844
20,251.01498415330508,234.00432608085157,2252.2848941000393,125.58960319305739
20,399.1481293380735,239.46080920941256,44.478553034437915,2.6504910560558907
20,406.9706457925636,235.03424657534248,38.47729913762955,2.424596931960218
20,35.90589816837506,234.64106872794488,44.8098644164449,1.9728086837688732
20,76.7487040527804,236.92872290292178,63.91297751080227,2.733318901557637
20,87.94925816023739,238.47833827893174,50.75087988016109,1.7695039720827679
20,431.17132819889207,233.72490204026482,55.728080414402406,2.258941240956725
20,445.92337807606265,234.7265100671141,53.85315918440833,2.1459941789088885
20,10.83036093418259,235.9751592356688,35.46537748302058,1.9426894672227835
20,268.675685693106,235.6923647146034,60.94623468101244,2.7031996850115476
20,468.11401207032276,234.82773550249277,57.39216712857386,2.4095373236871733
20,506.80630700262793,235.64244860102025,48.71030295916351,2.258941240956725
20,21.992620934681607,235.48688166165618,55.103106671071046,2.0179875085880075
20,150.81201523057396,234.91848822450993,53.39384113208045,2.454716148506308
20,498.8956645056726,237.32333873581848,37.16711321787465,2.439656540233263
20,124.12680115273776,238.37031700288185,47.03115663671901,3.1474581290663703
20,210.01191063375188,238.01113428603657,3404.3524567921054,190.458865829198
20,228.3666198442089,237.91559187843188,58.96589619310704,2.620371839509801
20,390.904865836436,237.83605084092952,58.649644419373104,2.786027530513294
20,442.478044903636,238.09735744089014,37.89750421911732,1.935159663086261
20,472.8212742227799,235.51735675449603,54.011285071275296,2.582722818827189
20,190.41640007841582,240.55768984350786,6875.321090780025,226.82029000446477
20,238.55669209431346,240.42146324549236,43.4319102594613,2.386947911277606
20,299.3907815395476,239.16475571373945,1279.953756146763,84.3789851538702
20,325.4334132146525,239.37470044505307,43.98911576556396,2.1761133954549785
20,348.0943463775316,239.3946259656506,3091.7676976726502,210.17942286275022
20,456.2327281896117,237.74357034795764,29.863203205447906,1.7695039720827679
20,494.6752178121975,239.52032913843175,46.66972603816594,2.6655506643289355
20,57.54233381853469,239.8871906841339,62.0757053014908,2.507424777461965
20,117.7122045079714,240.36421110500274,27.39342744866855,2.0029279003149627
20,135.03783278841664,239.7738206445586,64.48524262517797,2.2740008492297696
20,267.3152289669862,239.4832268370607,56.56388867355639,2.7031996850115476
20,339.91622021592184,239.50636573290166,8893.96369232791,493.46571408699657
20,356.0144452005963,239.96997537105452,2788.256352537705,192.12295254336945
20,364.11961435351725,239.9576807867489,4404.092081802323,264.81568167735685
20,451.6302857142857,240.03657142857142,26.35431447782846,1.987868292041918
20,459.48904688701,236.4098770176787,39.18510072646266,1.9652788796323508
20,490.8530299220518,241.24679406587882,59.8920621018993,2.6655506643289355
20,163.86020685547695,240.99617157463692,3249.1782531466515,193.21477414316522
20,177.49722567025492,241.5159778248524,6181.359281949845,258.2120434496267
20,381.5737161789067,235.1893981225842,27.272950582484192,1.9652788796323508
20,391.66113475177303,241.0422695035461,53.08511916248304,2.786027530513294
20,434.15006684491976,242.25813279857397,67.58752192942521,2.545073798144577
20,66.98056888680792,242.07397869600842,64.327116738311,2.8086169429228613
20,104.00060549277552,242.01190908685317,4725.614718431831,264.84580089390295
20,498.51479363500744,242.26081551466933,60.56974447418632,2.439656540233263
20,36.57202095154954,240.98952422522916,34.50156255354571,2.1008153540897543
20,49.552074513124474,241.74851820491108,44.463493426164874,2.2514114368202027
20,134.24018058690746,242.86851015801355,66.71406464958861,2.2137624161375906
20,237.94417077175697,246.31814449917897,73.37041150627442,2.289060457502815
20,324.965204957102,242.61360025421035,47.39258723527209,2.1761133954549785
20,406.7602851323829,241.67413441955193,36.971338310325066,1.9276298589497387
20,465.2224422442244,246.2945214521452,57.038266334157306,2.063166333407142
20,481.3953068592058,243.1412454873646,16.686045966533676,1.9728086837688732
20,9.516363636363636,243.6509090909091,62.12088412630994,2.02551731272453
20,15.701543395470033,242.93986770895972,37.566192837110336,2.206232612001068
20,83.18288423153693,244.01808882235528,60.35890995836369,2.6655506643289355
20,124.91805766312595,246.58587391364327,54.583550185651,2.46224595264283
20,283.90316627692243,240.71450873018514,5879.677679220075,236.36808164957517
20,293.41512745043593,241.63525295718333,2033.8377462953874,90.93744455678123
20,303.7907722232183,243.86621244967483,1385.8830407393605,93.211445406011
20,312.1125719141409,244.00289173968272,3473.604065435702,204.24593720317054
20,442.41824550230854,244.39659289921988,47.2946997814973,1.8598616217210369
20,144.6618676103917,244.96091048017374,93.61805482938321,2.326709478185427
20,262.27609668755593,244.44888093106536,42.0539561024777,1.8222126010384248
20,425.54117647058825,242.0372300819062,50.56263477674803,2.673080468465458
20,489.40617059891105,245.23375680580762,62.233831188357776,2.5902526229637113
20,498.0979689366786,245.4227001194743,63.02446062269263,1.9728086837688732
20,90.16990833892243,245.59937402190923,33.68081390266477,2.9290938091072203
20,130.26071267478574,246.4922568034882,50.080727312010595,2.258941240956725
20,137.15060007742935,246.50729126338882,58.34845225391221,2.258941240956725
20,231.2346955796497,248.21025854879065,90.28235159690378,2.1384643747723664
20,270.7564696268047,244.56687551076,27.64191098517379,2.0556365292706196
20,506.4866758032587,246.00243642454697,49.44822376454271,2.386947911277606
20,75.0097809908569,247.00999362109292,35.412668854064925,2.454716148506308
20,141.33682932214617,246.57463016118348,68.20496586862005,2.1911730037280233
20,262.10648455112056,249.37647526853203,56.78225299351554,2.9290938091072203
20,449.66020915480885,246.86164923709927,43.921347528335254,2.4998949733254423
20,9.000155134967422,247.70183059261558,48.537117464023495,2.02551731272453
20,250.31338207787792,246.58510457405202,44.28277812688833,1.8222126010384248
20,15.587799955146894,248.81565373402108,33.575396644753454,2.206232612001068
20,36.60570236439499,248.85999072786277,32.4835750449577,2.0556365292706196
20,132.89724072312083,248.44132572153504,47.48294488491036,2.258941240956725
20,223.26792772444946,243.97247317899493,53.3411325031248,2.334239282321949
20,259.1413772090189,250.19764371318303,37.069225764099855,2.168583591318456
20,475.5897005988024,249.57029940119762,31.43693226998109,2.454716148506308
20,498.54891000558973,250.1405254332029,67.35409800119302,2.0857557458167095
20,57.94915635545557,248.7705286839145,33.46997938684214,1.9201000548132163
20,353.8061264197695,251.0746179302546,2263.9485607075126,143.5632456669364
20,362.0012743135407,251.0450073076244,3539.4371430013175,225.66822997157684
20,370.0167319985111,251.02419958916764,1638.5380887362335,119.86695204930035
20,378.107085408322,251.00484639596334,4002.3092628816235,234.38021335753325
20,490.6557263946383,249.62783362901635,76.39739276915644,2.6504910560558907
20,19.92442710872745,251.97025841053144,30.887256568014955,1.8222126010384248
20,152.4785875281743,250.52930127723516,20.044338611422674,2.168583591318456
20,172.2007982040409,254.7286106260913,30.18698478331837,2.108345158226277
20,111.9605179367438,253.51241774570155,35.472907287157106,2.7559083139672045
20,127.30029440628067,253.5065423617926,46.037222490698056,2.349298890594994
20,335.6383013079283,253.06216696269982,46.632077017483326,2.2740008492297696
20,391.6573228346457,244.5784251968504,47.81425626691735,2.786027530513294
20,43.1406017277331,253.43595472147751,50.5551049726115,2.95921302565331
20,160.05669692626213,253.55964325529544,47.27964017322425,2.2815306533662922
20,276.6186399217221,254.47309197651663,30.78183931010364,1.7469145596732008
20,321.7851944271158,255.1969224370971,36.2108280925363,2.040576920997575
20,330.36985737794845,253.6029895776193,54.90733176352146,1.987868292041918
20,457.2947892271663,253.99190085870413,77.16543279108173,2.454716148506308
20,34.47137216189536,257.3425468904245,45.76614954178325,2.153523983045411
20,139.83420886740913,255.43916789241436,35.834337885710184,2.0029279003149627
20,338.7049111515321,254.7871834336085,53.81551016372571,2.2740008492297696
20,12.445839210155148,257.1799717912553,53.386311327943936,2.981802438062877
20,28.928595096090127,257.1820742213386,45.449897768049304,1.9125702506766937
20,241.5938673341677,255.61545682102627,48.130508040651286,2.108345158226277
20,253.21023166023167,256.23706563706565,39.004385427186115,2.4848353650523975
20,263.46836461126003,252.88713136729223,56.17233885845723,2.9290938091072203
20,313.4552276138069,258.22011005502753,45.15623540672493,2.2137624161375906
20,403.92470738331576,256.00363221634785,3895.280626885094,225.8941240956725
20,412.0076671818729,255.99035320811032,988.9569454867177,79.79333443472805
20,420.0681027393408,256.0006992379826,4953.549419448501,285.86901404307355
20,435.5831763271639,251.84539510140752,67.94142272384177,2.258941240956725
20,89.19176339640643,255.90348227063126,47.35493821458948,1.716795343127111
20,129.73335210474448,256.4405180909475,53.484198781718725,2.552603602281099
20,183.1675029868578,258.4305854241338,31.512230311346315,2.1836431995915007
20,234.87021414665801,256.54419208306297,58.01714087190522,2.1911730037280233
20,284.6457785218847,258.5182970581201,31.482111094800224,2.1234047664993216
20,54.743280451029236,255.64887898256194,57.429816149256474,2.748378509830682
20,58.753279096795616,258.4808235098788,45.352010314274516,2.198702807864546
20,258.0123736852959,257.41596205403175,36.5120202579972,2.198702807864546
20,467.2554347826087,258.1400171624714,52.64839052256474,1.9201000548132163
20,497.63609898107717,254.71201433210166,67.24868074328171,2.507424777461965
20,25.98327811957722,259.26549929010883,47.7314284214156,1.9803384879053956
20,66.5955637283071,258.87874956901504,65.51682579188154,1.9201000548132163
20,320.35140674492266,258.54201602384944,40.41245880071581,2.2137624161375906
20,448.66494603472546,258.56874706710465,32.09202522985854,2.1234047664993216
20,476.07993163080636,259.0330786245727,74.89143194185196,2.5224843857350097
20,109.87848532813831,262.338974796055,61.84228137325861,2.597782427100234
20,278.37817156665324,260.3459524768425,37.39300734197032,2.108345158226277
20,297.99757361182117,259.99749201057153,4521.5043177031175,252.7378758423749
20,328.36818095419125,259.4079072419692,39.61429956224443,2.236351828547158
20,339.4478092783505,261.32409793814435,58.431280099413954,2.1234047664993216
20,41.552524666279744,263.18195008705743,51.89541010891249,2.326709478185427
20,63.43025164113786,259.7003555798687,55.057927846251914,2.1234047664993216
20,75.00715496140087,256.66475240067786,79.9815795381411,2.0029279003149627
20,118.9368932038835,261.50102971462195,51.18760852007939,2.439656540233263
20,150.34879839786382,261.0483978638184,45.118586386042324,1.9728086837688732
20,195.7818089732187,261.01243535263694,1828.6581133792881,113.029889893338
20,204.02641907389625,261.00108393470396,3591.460559780551,217.61886934963437
20,213.9814142682918,261.003680632134,3093.236009479272,190.15014385960058
20,222.184235620086,261.01883377413145,2092.570218560262,127.78077619678541
20,235.63145391194172,261.07000316756415,47.54318331800254,2.1911730037280233
20,21.738030362008566,260.4747632022836,58.03220048017827,1.9803384879053956
20,27.666883963494133,262.08670143415907,34.65215863627616,2.0556365292706196
20,100.99057412167951,263.43395764475457,61.51096999125162,2.198702807864546
20,147.1872292860137,267.4350985049602,53.890808205090934,2.3191796740489043
20,158.9423125794155,263.430749682338,29.62977927721571,1.8749212299940818
20,167.70001722059584,262.4547959359394,43.72557262078568,1.7996231886288576
20,184.50673234811165,261.952052545156,22.92825359571076,1.6716165183079765
20,243.35113107119096,261.68512974051896,45.26918246877277,2.258941240956725
20,46.7659724673491,262.13060360042357,42.66387023753601,2.296590261639337
20,58.58104703247481,263.5657894736842,53.792920751316146,2.1234047664993216
20,95.38647263105672,263.4622126674384,45.53272561355105,2.326709478185427
20,254.10625996810208,264.2779106858054,37.769497548796444,2.552603602281099
20,285.9039012563368,264.33149658364556,34.162721367402206,2.168583591318456
20,466.2589559877175,262.50614124872055,44.139711848294404,2.642961251919368
20,486.71988607807003,259.8788741832803,44.945400890902306,2.2288220244106354
20,37.91261506547387,264.29560482302605,58.0773793049974,2.326709478185427
20,268.04099225897255,264.1023926812104,42.79940671199341,2.0029279003149627
20,321.80260072479217,264.40844169686636,35.322311204426654,2.3568286947315165
20,354.58241416809074,268.3563771943452,48.4693492267948,1.8899808382671266
20,500.0663212435233,266.9839378238342,58.13008793395306,2.386947911277606
20,11.134877192982456,266.4477192982456,53.64985447272222,2.597782427100234
20,162.4550323176362,264.7859649122807,40.77388939926889,1.8598616217210369
20,366.531914893617,265.99940898345153,38.221285796987786,2.0104577044514853
20,377.44437689969607,265.01236068895645,37.159583413738126,2.1836431995915007
20,458.4466798707391,260.67768164286457,72.23341108165954,2.2740008492297696
20,346.39115074024227,263.7434387617766,44.757155787489246,2.326709478185427
20,504.45167085878546,265.88645346748115,41.91088982388377,2.424596931960218
20,31.719091871544524,267.6882719680038,64.01086496457707,2.6655506643289355
20,39.42611047835991,267.73505125284737,52.889344254933455,2.326709478185427
20,75.95430107526882,267.89609630668537,64.4250041920858,2.0179875085880075
20,106.79861511829198,265.40161569532603,65.24575284296674,2.3417690864584717
20,120.68940719144801,268.1253644314869,38.74084228240783,2.0857557458167095
20,125.8513358778626,267.6736641221374,39.456173675377464,2.153523983045411
20,171.16607951685958,266.5062908907901,29.923441638540083,2.695669880875025
20,181.46544181977254,266.88153980752406,43.03283064022561,2.3568286947315165
20,245.42479879275655,268.2273641851107,59.87700249362626,2.063166333407142
20,376.92142725087814,268.03346274727306,40.72871057444975,2.1836431995915007
20,394.61452331775195,268.53788455266874,69.26666825186972,2.326709478185427
20,400.47057787174066,268.388830162086,42.73916827890124,2.379418107141084
20,465.7963834530592,266.59722566262076,30.397819299140995,2.642961251919368
20,478.28752481294856,266.68697511070394,49.31268729008531,2.0029279003149627
20,64.56755282890252,270.3259713701431,55.231113341391925,2.386947911277606
20,84.08810703666997,268.8978196233895,75.97572373751119,2.1911730037280233
20,139.87817775066097,268.9097010372178,37.02404693928072,2.168583591318456
20,274.29591461170406,269.2000368053,40.91695567786281,2.545073798144577
20,280.42204639453337,270.01564466822515,41.873240803201156,2.5601334064176218
20,330.7508960573477,268.43488649940264,50.4195684981541,2.0556365292706196
20,54.848267853686856,269.5835107412425,77.81299594682265,2.424596931960218
20,92.47380604288499,269.8053118908382,61.80463235257599,2.1234047664993216
20,114.96625880608083,270.0081572117167,60.923645268602876,1.9728086837688732
20,134.77405546249767,272.4777591662014,40.45763762553494,1.9050404465401714
20,283.78783975267294,269.2623985572588,58.45386951182352,2.5601334064176218
20,313.71919166873295,269.97731217455987,60.735400165189816,2.2740008492297696
20,321.85140198992116,270.18322780721024,58.273154212546984,2.3944777154141286
20,345.80462863293866,269.54278794402586,27.9807521713173,2.258941240956725
20,124.58206207259337,271.07403997895847,57.25663065411646,2.2815306533662922
20,235.50024497795198,271.32361587457126,30.736660485284506,2.236351828547158
20,254.0717015468608,271.2049135577798,41.37627373019068,2.289060457502815
20,416.85981222634337,271.0018428236954,4184.078734737274,250.90813343719998
20,425.1037823349771,270.99520446988015,4051.0421552531966,248.98050357825022
20,434.96217484566813,271.00659120434244,1495.4040419050789,104.55133043561375
20,443.080176239789,270.99808001543704,4682.63459642056,272.1873599270123
20,21.426925292874976,270.84943345496447,39.20769013887222,2.3041200657758596
20,88.46627598407784,269.4076735957541,68.09954861070874,2.0104577044514853
20,104.81147132169576,271.78786367414796,45.291771881182335,2.454716148506308
20,305.49569802941994,273.9349153483208,54.259768607780536,2.5224843857350097
20,336.82766101694915,272.1391186440678,55.53230550685282,2.5601334064176218
20,345.18197573656846,275.2158675139611,39.10227288096091,2.02551731272453
20,10.761830876648565,272.888673390225,38.82367012790958,1.8222126010384248
20,41.91568422623489,270.8555439486644,50.457217518836714,2.605312231236756
20,45.367989590110604,272.5733246584255,57.866544789174775,2.605312231236756
20,97.58208955223881,272.93719862227323,65.58459402911025,2.454716148506308
20,157.41083953241233,272.001912858661,35.42772846233797,2.334239282321949
20,505.37726186411743,272.46910208262204,22.054796315874157,1.716795343127111
20,82.06512322628828,271.56116504854367,50.41203869401758,2.115874962362799
20,124.42167708834376,274.1774891774892,46.96338839949031,2.2815306533662922
20,6.450777915461931,271.43508192207076,54.68896744356231,2.078225941680187
20,29.90434425106208,275.14663560367273,54.94498078420408,2.2137624161375906
20,236.95015438906043,275.0650639611822,34.14013195499264,2.236351828547158
20,261.8957142857143,275.41814285714287,52.70862895565692,2.605312231236756
20,274.11006247507646,274.83344410474547,56.64671651905814,2.3568286947315165
20,336.8395918367347,277.5572448979592,73.79208053791969,2.1384643747723664
20,373.7139215924263,275.83578104138854,62.03805628080819,2.424596931960218
20,471.7416498993964,275.59154929577466,18.711563279258204,1.9502192713593058
20,57.50153767298821,273.6905433111225,58.76259148142094,2.514954581598487
20,74.25477565526432,273.6734784540204,33.89917822262392,2.0029279003149627
20,96.03210295573469,276.0787724508556,53.24324504935001,2.454716148506308
20,133.72558437399937,276.17130963816845,47.03115663671901,2.371888303004561
20,489.77161770790235,272.6557716177079,36.39907319594936,2.2212922202741128
20,140.72259377726084,277.2707182320442,25.89499642550059,2.02551731272453
20,147.91180461329716,276.401289009498,22.197862594468084,1.8146827969019024
20,360.6167807200238,276.53614995537043,25.30767170285184,2.334239282321949
20,393.0347071583514,276.7139370932755,27.769917655494673,1.9577490754958284
20,479.53548387096777,276.9308064516129,46.68478564643898,2.236351828547158
20,101.44857819905214,277.5331753554502,31.775773456124597,2.597782427100234
20,214.8434454624923,277.99728688444975,2325.730603647679,140.42331734200656
20,223.1310867526722,278.0001522773478,2818.5336949706616,167.7188573369003
20,237.880980861244,278.53329346092505,37.769497548796444,2.236351828547158
20,277.5494697079762,277.58869678919075,51.827641871683795,2.3568286947315165
20,327.49001089720304,279.3426564959438,62.18865236353864,2.5751930146906665
20,380.0156552855226,274.6867451915909,50.502396343655846,2.424596931960218
20,385.29509030780974,274.08992622742306,59.19932012133924,2.658020860192413
20,401.59334415584414,277.0646645021645,55.6603121771737,2.454716148506308
20,115.28024819027921,277.44843470903453,80.09452660018894,2.582722818827189
20,169.77040264718408,280.0064213871507,1378.9932699544424,87.2327809216122
20,178.03939665924537,280.0049003951556,3229.871835340608,191.40762115039982
20,188.03479703635895,279.9966759161255,1316.0968160020707,86.21625736318167
20,196.0872671848566,279.9965384705341,1931.6507743586417,114.34760561722942
20,472.574562621494,280.2352124409886,27.114824695617223,1.9502192713593058
20,22.31329827197596,280.11404958677684,50.110846528556685,2.4020075195506507
20,275.4848444385098,281.4154092669248,56.39070317841638,2.439656540233263
20,292.002223688431,281.0055459254815,4530.705738357948,253.08424683265494
20,458.0088462858803,280.99081042541394,3706.899986997576,207.8150643638822
20,494.08820854804486,281.38572294634736,49.6816476927749,2.3191796740489043
20,6.548431670581733,283.1144120491916,54.49319253601273,2.2137624161375906
20,144.60961055276383,281.49340452261305,23.974896370687375,1.8598616217210369
20,152.97887886745062,283.3871446512159,65.95355443179984,2.4321267360967407
20,309.2599686028257,282.14348508634225,47.96485234964779,2.906504396697653
20,29.813654430675708,281.8449848024316,32.20497229190638,2.3041200657758596
20,427.44151600958395,284.92093225876715,34.569330790774416,1.7469145596732008
20,502.67269631836564,281.86848265588424,35.382549637518835,1.9050404465401714
20,260.520942408377,281.45178883071554,69.03324432363752,2.3191796740489043
20,100.42310018141504,285.17274742995363,37.35535832128771,2.2514114368202027
20,141.9092219020173,285.5566762728146,31.354104424479342,1.8824510341306042
20,319.25639709028667,281.478134360291,87.98576133526444,2.725789097421115
20,14.996896634041537,285.9142993554548,31.542349527892405,2.115874962362799
20,24.017063205960106,286.37034366738766,31.331515012069776,1.8824510341306042
20,118.53761615439599,286.12017512508936,84.27356789595889,2.3944777154141286
20,130.96790479624954,285.4247205192932,83.52058748230665,3.17757734561246
20,331.69948263118994,285.88144863266814,50.939124983574146,2.02551731272453
20,339.48482529966844,286.0617189492476,29.524362019304395,2.3944777154141286
20,488.1355066771406,285.656454569259,57.51264399475822,2.289060457502815
20,84.15881615551052,287.0028877746105,2630.9436845174787,156.30367426593233
20,233.35762850149578,287.45308675550723,27.687089809992926,1.9577490754958284
20,242.81983240223462,287.57569832402237,53.9133976175005,1.8749212299940818
20,414.51959091512816,286.45384513215566,56.69189534387728,2.3041200657758596
20,419.530374164177,289.30943235168587,52.92699327561607,2.5601334064176218
20,481.32265193370165,288.0410220994475,54.515781948422294,2.0706961375436648
20,47.89048366747823,287.9965557059199,4929.807947006046,291.74979107369757
20,56.057188650934386,288.0048424498704,2649.6477179926,175.91881404157323
20,65.91783688161668,287.99969204869734,4401.230756230445,271.23107480167397
20,74.08888926918173,287.99992299069896,4400.003398156192,270.59104145006955
20,101.94089834515367,287.94310480693457,47.77660724623473,2.2514114368202027
20,312.62760812491365,287.7706231864032,54.49319253601273,2.4321267360967407
20,376.42332506203473,288.01935483870966,45.51766600527801,2.4998949733254423
20,391.8266141254926,287.60169748408606,74.52247153916235,2.514954581598487
20,398.8528930536963,287.86137141157224,50.62287320984021,1.9953980961784403
20,403.00368003098976,288.10865775711795,38.876378756865236,1.9953980961784403
20,505.25033147706176,285.41156191991513,28.394891398826033,1.8222126010384248
20,125.27797101449275,288.53376811594205,51.955648542004674,2.439656540233263
20,141.52804191732972,289.40694740927614,38.801080715500014,1.8598616217210369
20,224.0392684238838,293.2376277568585,55.99162355918069,2.454716148506308
20,268.5468909276249,288.9887869520897,44.320427147570946,2.0029279003149627
20,354.91424227547,288.9961093602352,4279.0898033319145,248.98803338238676
20,363.23606977322777,289.0092653170296,1634.3138686156444,104.73957553902682
20,112.72755563938136,289.8866465484723,79.84604306368371,2.620371839509801
20,170.45241892610315,290.8612440191388,14.163561580798666,1.8749212299940818
20,207.81895424836603,292.3723311546841,34.56180098663789,1.9652788796323508
20,325.72710788757934,289.8661226956784,49.832243775505354,2.0932855499532317
20,380.4792611436788,290.289127308926,68.07695919829916,2.4998949733254423
20,474.1842105263158,286.5067743616467,57.79877655194607,1.9577490754958284
20,228.98977675777175,291.5437095764657,36.09035122635194,1.7996231886288576
20,243.84934742075825,290.6738346799254,60.57727427832284,1.8749212299940818
20,321.6087919388772,290.69338943638576,68.00166115693395,2.6504910560558907
20,391.16719543147207,290.77300126903555,47.46788527663731,2.417067127823696
20,32.544471673634135,291.459708807842,52.234251295056005,2.868855376015041
20,102.7719416689171,292.0016203078585,55.76572943508502,2.153523983045411
20,215.91023089171975,291.9890525477707,37.82973598188862,2.5601334064176218
20,256.743264659271,292.45143762734887,33.259144871019515,2.2212922202741128
20,300.92984157775624,293.6970578726156,23.289684194263835,2.371888303004561
20,384.7061237049954,288.53461893527543,73.40806052695704,2.417067127823696
20,425.4887862796834,289.77836411609496,45.66073228387194,2.5601334064176218
20,441.8347991824406,291.99282148444917,3330.372131150773,202.37854577731298
20,450.1255137631487,292.0102856332984,4356.5488984843205,259.75565329761383
20,484.98742779476726,292.1658171933401,66.48064072135642,2.4848353650523975
20,19.20025788534021,292.8915889704424,75.91548530441901,2.3568286947315165
20,127.50955414012739,290.5575371549894,53.198066224530876,2.0857557458167095
20,160.29884840475742,292.9920709835756,79.77074502231848,2.9290938091072203
20,181.5991103202847,295.48167259786476,42.31749924725598,2.379418107141084
20,248.677596417738,291.8031200346671,52.12883403714469,2.3568286947315165
20,308.22847794200607,291.2053480762721,66.73665406199818,3.252875386977684
20,318.3167169583585,292.67966203983104,62.38442727108822,2.6504910560558907
20,331.415857605178,292.7168284789644,37.22735165096683,1.987868292041918
20,397.1412754650133,293.0394154118689,34.00459548053524,1.8899808382671266
20,410.8810272536688,295.24554507337524,57.46746516993908,2.0857557458167095
20,121.75311876247505,294.2317864271457,60.35890995836369,1.935159663086261
20,140.09759450171822,293.75274914089346,43.823460074560465,1.8297424051749474
20,155.48431921258322,293.6103444948374,78.0313602667818,2.966742829789832
20,189.44727349883303,294.1911733503077,35.48796689543015,2.1610537871819337
20,5.481928944404628,292.6504556158493,73.54359700141444,2.439656540233263
20,200.486973782152,297.01885700107516,91.04286181469254,2.673080468465458
20,281.79512664315484,299.1774072886609,70.45637730544026,2.334239282321949
20,469.0236039147956,296.5661485319516,65.39634892569718,2.673080468465458
20,263.40822078684675,300.17944803288316,64.11628222248838,2.6279016436463234
20,420.0723890219193,295.64376496592376,40.8793066571802,2.1836431995915007
20,478.8749308245711,295.5250876222099,81.63813644817604,2.530014189871532
20,32.77478991596639,297.2146218487395,44.80233461230838,2.349298890594994
20,103.66942294159043,296.5633356790992,42.79940671199341,2.2137624161375906
20,235.66744621141254,294.7789990645463,32.197442487769855,2.3417690864584717
20,287.4208473290714,298.9807129699859,69.49256237596538,2.1384643747723664
20,93.76654632972323,298.22657727350867,43.8008706621509,1.6942059307175437
20,182.4653433648151,298.4226028493677,47.038686440855535,2.379418107141084
20,217.36023240800517,299.55287282117496,58.318333037366116,2.876385180151563
20,29.621947512412603,299.2471375012666,74.31163702333973,2.1761133954549785
20,113.12617801047121,295.66010471204186,71.90962950378908,2.5751930146906665
20,241.29781312127236,299.5365805168986,37.87491480670776,1.935159663086261
20,460.5194401244168,298.43351477449454,19.366656239135654,2.334239282321949
20,9.80290662950428,299.90523591479194,37.8222061777521,2.3568286947315165
20,57.40831758034027,300.54489603024575,15.933065552881434,1.7845635803558129
20,190.561062851303,300.15508431272355,29.471653390348738,2.1610537871819337
20,330.23298865910607,296.8107071380921,45.14870560258841,2.334239282321949
20,399.6079707198048,298.86783245221636,37.03157674341725,1.9201000548132163
20,420.7569840793031,300.2335536197056,50.13343594096625,2.688140076738503
20,38.97585836909871,299.7530400572246,42.106664731433355,2.198702807864546
20,104.29406706792777,300.6928202923474,35.02864884310228,2.2137624161375906
20,174.56801941485776,299.61669138465686,55.84855728058677,2.289060457502815
20,209.9908157752566,301.3889789303079,41.81300237010898,2.46224595264283
20,228.5211703474469,301.0844000562667,53.52937760653786,2.3944777154141286
20,272.39093435220565,300.9258423063564,86.71322443619215,2.078225941680187
20,429.96832242712674,303.3041344437835,50.63040301397673,2.6655506643289355
20,490.5939362529153,301.21572946359163,58.115028325680015,2.4998949733254423
20,81.73128615932355,302.4971072541166,84.59734947382935,2.2664710450932475
20,169.430441898527,301.6366612111293,32.20497229190638,1.7017357348540663
20,255.68630278063853,302.2327497425335,36.55719908281633,2.0706961375436648
20,501.58838183671156,298.7081870682822,66.49570032962946,2.620371839509801
20,21.827849588719154,302.97914218566393,25.631453280722308,1.8673914258575592
20,72.48135216632281,303.44580225361057,47.445295864227745,2.5375439940080544
20,221.12226033924148,301.85572708214215,79.01776460866624,2.1610537871819337
20,224.6643492769744,302.1421023359288,81.23152702480382,2.3944777154141286
20,420.88792874235577,304.25445360276524,56.63918671492162,2.688140076738503
20,190.3857620149062,303.4710871241326,29.298467895208724,1.9201000548132163
20,201.02909044715446,304.114075203252,59.27461816270446,2.289060457502815
20,51.63883089770355,304.84516353514266,21.640657088365426,2.040576920997575
20,236.229162132753,306.5875952121872,69.19890001464101,2.853795767741996
20,340.7887211227795,305.0006257529255,1768.8789983394365,111.39592239571263
20,349.1020465563975,304.99881660996255,3614.1328000356198,212.02422487619822
20,8.546410199060613,306.1704316707672,33.665754294391725,2.3417690864584717
20,93.37390029325513,305.77947214076244,51.35326421108288,2.0706961375436648
20,371.9943766602134,306.0052226374319,1672.444796762994,92.35304773444744
20,408.5967689822294,306.1016155088853,46.60948760507376,2.078225941680187
20,415.31337666780706,305.69637358877867,44.01923498211005,2.3116498699123817
20,441.27976592392525,306.1147873058744,33.4549197785691,1.7695039720827679
20,116.95330739299611,307.04474708171205,23.221915957035133,1.7996231886288576
20,181.91823662396382,306.56669178598344,19.984100178330493,2.198702807864546
20,308.9521332321809,306.7638476451959,3126.487624546155,215.7590077279133
20,317.30386605084294,306.82605893623025,3014.4140197781558,198.6512927297344
20,361.1140196325195,307.85376289957213,29.915911834403563,2.439656540233263
20,402.39995970179325,308.26496070924844,74.7408358591215,2.1234047664993216
20,71.52482183838627,308.4630994081411,62.33924844626909,2.5375439940080544
20,90.12911066628538,308.3501572776666,52.66345013083778,2.0706961375436648
20,129.91759903064343,308.00288202387156,3989.5613044784914,231.32311287810515
20,138.0367652950266,308.00837291821665,1315.682676774562,92.12715361035177
20,147.9227495796792,307.99946153496614,3314.1679926489765,198.42539860563872
20,156.18844570720867,308.0079918406003,2067.157129599499,127.0729746079523
20,173.37077844311378,305.59041916167666,31.43693226998109,1.897510642403649
20,504.7272349272349,307.8746361746362,36.21835789667283,2.1761133954549785
20,37.45569100123271,308.5330776605944,54.97510000075017,2.567663210554144
20,24.85371364021463,310.1349901157865,53.326072894851755,2.0330471168610527
20,67.1153939101015,311.41022232962786,62.31665903385952,3.072160087701146
20,79.5493358633776,310.3459440227704,63.49130847915702,2.2514114368202027
20,386.6356773937227,310.378228049265,56.85755103488077,2.379418107141084
20,396.02633383623646,310.0264709916335,54.89980195938494,2.206232612001068
20,247.91518487157776,309.9819362122495,53.356192111397846,2.4471863443697854
20,86.44538517821678,311.691334796697,72.03763617410996,2.296590261639337
20,102.77099236641222,312.3551778769984,52.27943011987514,1.8598616217210369
20,106.64745403111739,312.56382602545966,42.58857219617079,2.2514114368202027
20,454.7498933750355,312.0045093474552,1694.8685534815577,109.52853096985507
20,463.0366834549779,312.0072641127069,4793.12694231989,284.13715909167337
20,473.04706105388595,311.99287418788913,2502.2518020201737,157.38796606159156
20,481.20315430564824,312.00846366822,1433.2455087580863,88.09117859317575
20,4.315863277826468,310.45170902716916,42.95753259886039,2.514954581598487
20,442.87051340299865,312.61108587005907,16.57309890448584,1.6716165183079765
20,497.8788637216869,311.86234513828055,60.17066485495063,2.417067127823696
20,178.1310259579728,318.54017305315205,42.641280825126444,2.168583591318456
20,234.1143681477207,310.7731102135026,65.24575284296674,2.853795767741996
20,239.97056596630702,317.2290365322733,79.55991050649585,2.4471863443697854
20,286.8405544696704,314.0012028266426,3605.812366464763,219.62932705408585
20,295.00814965407244,314.0044422149961,4263.066380129395,270.1994916349704
20,302.8504831807748,314.1635729872191,2391.3377870891986,179.31475570714483
20,311.0607917368755,314.2298022348792,3784.984055893314,254.19112804072375
20,361.66546057590836,319.23006181215135,49.94519083755319,2.695669880875025
20,26.004825737265413,314.7034852546917,42.12925414384292,2.0179875085880075
20,48.4910790144435,313.82965165675444,35.45031787474754,2.296590261639337
20,63.05493325149609,312.4495933711831,49.07173355771659,3.072160087701146
20,99.11544107833979,313.29173895635927,56.42082239496247,2.1234047664993216
20,189.49436741767764,315.06000866551125,34.757575894187475,2.1459941789088885
20,193.18442914787562,313.96415855684785,31.72306482716894,2.1459941789088885
20,386.01939260885473,314.9015733626052,61.736864115347295,2.379418107141084
20,504.13502109704643,319.4016877637131,62.45972531245344,2.786027530513294
20,13.883298392732355,315.4964360587002,53.87574859681789,2.115874962362799
20,58.05247252747253,313.1313186813187,54.81697411388319,3.072160087701146
20,78.93722407666631,316.0750511467643,69.92929101588368,2.4020075195506507
20,69.9967845659164,317.29260450160774,49.177150815627904,2.296590261639337
20,169.85153356052749,315.70914209512523,50.81864811738979,2.4321267360967407
20,327.8337250293772,317.5126321974148,25.631453280722308,2.748378509830682
20,371.81719611945977,321.378352672627,39.58418034569834,2.334239282321949
20,412.87955032119913,315.73019271948607,42.197022381071626,2.078225941680187
20,9.396967482645232,318.12659846547314,41.218147843323706,2.115874962362799
20,258.84119022394333,318.0072334051803,2061.133286290281,123.76739059201897
20,267.1347147179091,318.0010824982558,2406.7588259607965,143.21687467665637
20,352.5631317457598,317.8905259551139,43.951466744881344,2.5902526229637113
20,391.9676765267176,317.53494751908397,63.12987788060394,2.6504910560558907
20,13.04351939451277,318.55124566382847,47.754017833825166,2.115874962362799
20,210.74136602451838,318.9845942790426,1289.8554485862899,83.21939531684575
20,219.0682145996971,319.0056792846917,4171.082292797637,239.24446682972675
20,397.9602904470161,319.2541411390969,33.18384682965429,1.987868292041918
20,430.00274562769175,318.9968304256224,5257.316777924088,294.43793115043604
20,38.48239895697523,318.7932782848037,51.97823795441424,2.4020075195506507
20,47.46549859398659,320.3629677698464,34.81028452314313,2.02551731272453
20,128.0637608966376,320.9105853051058,30.232163608137505,1.9502192713593058
20,158.25565851435516,322.4971897311256,49.56870063072707,2.1836431995915007
20,172.4789279112754,319.87670979667286,40.736240378586274,2.115874962362799
20,182.23257918552036,321.56431803490625,58.243034996000894,2.168583591318456
20,357.8146186440678,320.29040556900725,49.75694573414013,2.605312231236756
20,403.14765985497695,325.34779169413315,57.11356437552253,2.733318901557637
20,494.0249860568879,321.24272169548243,67.50469408392347,2.1610537871819337
20,25.225064766839377,324.2784974093264,46.50407034716245,2.1459941789088885
20,110.73498992612491,317.63814640698456,56.05939179640939,2.605312231236756
20,232.513074204947,323.0308127208481,53.2733642658961,2.334239282321949
20,500.0137005258788,321.26446166620536,54.41036469051098,2.3116498699123817
20,85.87603686635944,321.7112903225806,65.35869990501457,2.1610537871819337
20,103.21621621621621,322.24299528886684,30.367700082594908,2.5751930146906665
20,120.47257026752455,322.1408736877751,44.47102323030139,2.206232612001068
20,134.34263392857142,323.3346354166667,40.48022703794451,2.4321267360967407
20,149.04466412577418,321.6575750357313,63.22023553024221,2.514954581598487
20,442.7040110650069,323.2926694329184,27.220241953528536,2.7031996850115476
20,4.504280056215664,324.53021591925386,58.93577697656095,2.5375439940080544
20,165.14507955215086,325.4494991160872,63.890388098392705,2.5751930146906665
20,322.3548966756514,323.0345911949685,16.7613440078989,1.7017357348540663
20,63.47728065078443,323.55328297501455,64.79396459477539,2.040576920997575
20,77.85452946350044,323.836763412489,42.80693651612994,2.063166333407142
20,183.52635914332785,324.46705107084017,63.988275552167494,2.439656540233263
20,193.5846113514222,323.26202647791325,57.444875757529516,2.8839149842880856
20,247.7150586113616,323.5543282236249,33.40221114961344,2.2514114368202027
20,368.8856311307535,326.2126765118034,69.85399297451846,2.0179875085880075
20,30.952767612076855,325.1043000914913,65.84060736975201,2.289060457502815
20,49.40842898749358,324.4644509165667,43.951466744881344,1.9276298589497387
20,140.85434135785772,325.3364890451718,55.67537178544675,2.24388163268368
20,188.59595959595958,324.6596632996633,55.90879571367894,2.46224595264283
20,235.60666176830762,324.8619887337742,61.488380578842055,2.868855376015041
20,311.8225008248103,325.80039590894097,22.822836337799444,2.3041200657758596
20,12.217593389567913,326.30745395076605,43.74063222905872,2.530014189871532
20,21.50049751243781,326.54712153518125,52.9721721004352,2.2137624161375906
20,39.66702805258165,328.59777747662287,55.56242472339891,2.6128420353732786
20,459.4938728982616,325.69449985750924,26.42208271505716,2.439656540233263
20,462.7676767676768,326.18217893217894,20.87261706644014,2.379418107141084
20,491.6934202485231,326.40435933998776,73.92761701237708,3.0119216546089667
20,502.443657984145,325.8473952434881,53.19053642039435,2.3944777154141286
20,171.96868776277938,327.1419561849967,68.0543697858896,2.334239282321949
20,388.9602239245728,325.5428206639167,76.66846571807125,2.1836431995915007
20,397.9941766418635,327.29634422516983,46.54924917198158,2.5902526229637113
20,405.7852171030825,327.46138548226713,45.43483815977626,2.733318901557637
20,477.5975779510022,326.9514198218263,54.09411291677704,2.1008153540897543
20,64.2018278750952,327.53922315308455,49.43316415626967,2.040576920997575
20,85.28278763490032,328.2774830803,41.16543921436805,2.4848353650523975
20,168.0736334734899,327.6472156701877,73.42312013523008,2.454716148506308
20,238.76160337552741,327.0514000767165,39.26039876782788,3.1851071497489825
20,293.00425079702444,327.98698193411263,28.342182769870377,2.349298890594994
20,473.46283066229,327.41938598184976,38.9968556230496,2.1008153540897543
20,483.0049027618892,327.5099689491747,92.14974302276134,2.0179875085880075
20,5.596953169080308,329.26236599586235,80.07193718777938,2.5375439940080544
20,79.84617664493183,328.4608772969769,25.405559156626634,2.2212922202741128
20,335.8466918561102,329.00114385656775,4081.3496169026994,247.6929070709049
20,344.1338618160962,329.0005451849611,4778.767605831542,286.0572591464866
20,384.3203288490284,328.662331838565,50.37438967333497,2.3568286947315165
20,444.0714842734598,329.3582011957369,28.967156513201736,1.7996231886288576
20,449.5670143672505,327.97716984845505,38.2589348176704,1.987868292041918
20,489.7234878240377,328.67321288295364,76.6835253263443,3.0119216546089667
20,13.842362924281984,330.1726501305483,46.14263974860937,2.530014189871532
20,176.85533095521205,328.5867353679482,56.993087509338174,2.642961251919368
20,200.82940461725394,330.37934386391254,30.985144021789743,2.289060457502815
20,414.2874042361424,329.43386660657956,66.83454151577297,2.477305560915875
20,8.508113590263692,332.56785911856906,81.66825566472212,2.5375439940080544
20,35.619076549210206,330.863304981774,61.97028804357949,2.6128420353732786
20,144.563213574945,330.8133445061276,71.88704009137952,2.3116498699123817
20,150.92933985330075,330.87701711491445,61.59379783675337,2.454716148506308
20,180.80541956051462,330.77376750540816,66.13426973107639,2.642961251919368
20,357.9398617511521,330.55921658986176,65.35869990501457,2.0104577044514853
20,392.07711171662123,330.82534059945505,55.26876236207454,2.296590261639337
20,396.78137595552465,331.3389854065323,54.17694076227879,2.5902526229637113
20,436.66160576428206,331.9590838908904,29.260818874526112,2.733318901557637
20,441.090735434575,330.5581661891118,39.41852465469485,2.733318901557637
20,211.98364637305698,333.2454663212435,46.50407034716245,2.1459941789088885
20,231.53335101445433,332.66582681342,56.78225299351554,2.24388163268368
20,282.4364406779661,331.01308032424464,40.87177685304368,2.296590261639337
20,318.67867518884367,332.5531667635096,51.83517167582032,2.4020075195506507
20,377.5217663639211,331.7864077669903,24.042664607916077,2.0330471168610527
20,432.1250465896385,333.2562430115542,40.40492899657929,2.4020075195506507
20,482.4553649680731,331.70790033804934,60.14054563840454,1.8673914258575592
20,491.5746922348485,331.4113399621212,63.611785345341374,3.0119216546089667
20,51.964823175319786,333.41930022573365,40.02843878975317,1.9201000548132163
20,466.24156343442974,332.58756941478003,35.254542967197956,2.620371839509801
20,55.00035932447,334.2278117139777,41.91088982388377,1.9201000548132163
20,159.08580299181486,334.28464578041206,53.356192111397846,2.597782427100234
20,190.62336324849198,333.562306900103,51.18007871594287,2.567663210554144
20,219.55147196699795,334.0502531408213,40.156445460074046,2.3944777154141286
20,311.54042179261864,334.26010544815466,51.41350264417506,2.0179875085880075
20,366.98407344950346,333.8107551058647,40.18656467662014,1.9201000548132163
20,415.1375361771738,333.84837045425945,59.83935347294364,2.582722818827189
20,74.4212719695597,334.07899981880774,41.55698902946722,2.2740008492297696
20,101.9224852802813,335.00417052173793,4809.805458482288,278.1584946072746
20,110.12239541541345,335.00872293173336,1454.5247352478987,99.15246086972718
20,120.08030660684942,335.0042026396098,2309.4812863210636,132.3739567200641
20,166.41127019571786,334.746617627742,57.32439889134516,2.5902526229637113
20,182.87241643276346,335.17619290635366,59.0186048220627,2.2288220244106354
20,239.98214898729833,335.2406453827669,21.9343194496898,2.4321267360967407
20,300.21895734597155,332.54881516587676,47.663660184186895,2.530014189871532
20,403.76181053673014,334.66349245609695,60.88599624792026,2.545073798144577
20,479.0537415830263,335.56638292466016,59.26708835856794,2.1610537871819337
20,482.0195911413969,334.8364565587734,53.0399403376639,1.8673914258575592
20,18.976710657646667,337.5895530664301,67.89624389902264,2.206232612001068
20,171.85520033215695,335.7885613452356,72.54213305125697,2.996862046335922
20,396.0570750593231,335.97764456100913,60.29114172113499,2.4321267360967407
20,408.5317447092151,336.1809698383603,45.18635462327102,2.95921302565331
20,420.7926381820334,334.74387501479464,63.6193151494779,2.7709679222402492
20,444.57852281320896,336.2472901436854,29.870733009584427,2.469775756779353
20,457.5935055700403,335.704432329936,31.768243651988076,1.6716165183079765
20,493.02753600253203,336.0360816584903,47.58083233868515,2.454716148506308
20,500.96629855293224,339.4230769230769,39.546531325015735,1.897510642403649
20,30.148023697939692,337.4734282429923,85.15455497993202,2.597782427100234
20,40.472842569616766,337.27488282326993,54.621199206333614,3.094749500110713
20,255.7489911511769,336.99851655134495,1451.7010586967028,94.03219405689194
20,264.0851723053264,336.9965469033972,4308.855119083588,249.91419929117902
20,289.97175663191234,337.4740662531345,57.05332594243035,2.6279016436463234
20,386.2827892827893,335.7870597870598,64.35723595485709,2.673080468465458
20,76.49253310791772,338.1101718794026,53.44654976103612,2.2740008492297696
20,136.44525881814016,337.75858909757216,32.87512486005687,2.2514114368202027
20,242.6418634746037,342.32707861533487,46.54924917198158,1.8523318175845145
20,280.5129156769596,339.9688242280285,50.720760663614996,2.5601334064176218
20,58.47071173630065,339.0069284064665,35.86445710225627,1.9276298589497387
20,85.77115931721195,338.6897226173542,42.34761846380207,2.2740008492297696
20,156.912912460449,338.6005725478379,49.97531005409928,2.379418107141084
20,211.589779434607,341.2809878844362,48.47687903093132,2.46224595264283
20,465.9361833952912,338.770136307311,12.153103876347181,1.6716165183079765
20,8.536470886718256,339.7580870227071,59.35744600820621,2.5375439940080544
20,26.781084050540194,338.6922724775682,82.24052077909784,2.597782427100234
20,43.495588235294115,339.1084558823529,61.44320175402292,3.094749500110713
20,195.13121641426477,339.88783585735223,77.06754533730694,2.439656540233263
20,67.9948855333658,340.60910862152946,30.91737578456104,2.0556365292706196
20,152.94338725023786,339.78766254360926,47.48294488491036,1.897510642403649
20,174.78922466422466,340.86813186813185,49.33527670249487,2.206232612001068
20,298.7429330499469,341.2990435706695,70.85545692467593,2.6806102726019803
20,357.7459025409746,339.7168628313717,68.45344940512528,2.0481067251340974
20,25.081975508551764,341.55338528489017,74.401994672978,2.597782427100234
20,39.56798101015429,341.4586575234076,57.09850476724949,3.094749500110713
20,85.03297156202775,342.4635252095068,54.809444309746674,2.2740008492297696
20,222.45213283312492,337.6977907461442,54.19200037055183,3.0571004794281014
20,349.5822112415071,342.1583693638048,60.953764485148966,1.9803384879053956
20,353.9442611359887,340.8050907376856,63.89791790252923,2.0481067251340974
20,426.1538372763993,342.0709751875361,65.24575284296674,3.4411204903907446
20,432.5952413698253,341.56690964103973,54.74920587665449,1.935159663086261
20,441.3493087557604,341.96889400921657,32.67934995250729,2.296590261639337
20,464.46828358208955,342.2951492537313,20.179875085880077,1.6716165183079765
20,501.82577048164785,343.3597645965619,48.61994530952524,2.673080468465458
20,200.46887351778656,342.0177865612648,45.72097071696411,2.1008153540897543
20,289.9571573862192,343.30472921434017,59.22943933788533,2.371888303004561
20,323.3906325446644,341.43006599066473,46.78267310021378,2.198702807864546
20,338.4607683982684,346.5423430735931,55.6603121771737,2.206232612001068
20,391.087611472644,335.6688358640636,62.482314724863016,2.673080468465458
20,416.528013404545,343.84134464341815,71.90209969965255,2.477305560915875
20,164.77091784989858,342.77598884381337,59.395095028888825,2.1836431995915007
20,419.5773919468046,343.75261667282354,61.14953939269854,2.477305560915875
20,495.0186219739292,342.118177911474,52.56556267706299,2.7935573346498166
20,78.45294397714649,342.91525154737343,47.445295864227745,1.9728086837688732
20,211.74264994119952,344.5297922383379,38.41706070453737,1.9201000548132163
20,398.13905454545454,345.24858181818183,51.767403438591614,2.469775756779353
20,484.5921971252567,344.95030800821354,55.00521921729625,2.6504910560558907
20,87.47179023508137,344.8613019891501,41.639816874968965,2.2664710450932475
20,111.85573084964835,349.95723246531077,39.61429956224443,2.0556365292706196
20,142.33855657676662,342.49902064185625,49.97531005409928,2.605312231236756
20,189.86410102224895,346.4912808177992,62.610321395183895,2.2288220244106354
20,285.4665402843602,345.5359241706161,39.719716820155746,2.115874962362799
20,347.95495742927767,345.7511672617413,54.83203372215624,2.2514114368202027
20,356.26603047045035,346.14632512975055,44.975520107448396,2.4020075195506507
20,424.16753629764065,345.7070099818512,66.38275326758162,2.477305560915875
20,449.28494723199407,345.5602666172931,40.668472141357576,2.2288220244106354
20,28.402349119080345,347.03698613020117,60.2610225045889,2.0029279003149627
20,129.0887009325526,345.55909780958575,34.71992687350486,2.3191796740489043
20,166.570097539671,345.55786868539815,51.72222461377248,2.1836431995915007
20,178.92122100773128,347.59090909090907,56.48859063219117,2.0330471168610527
20,183.92170916609234,349.49813921433497,54.62872901047013,2.0330471168610527
20,290.6665412118931,346.7859741563166,60.020068772220185,2.371888303004561
20,332.3650843715502,347.19886453240815,47.74648802968864,2.153523983045411
20,360.5235314324974,349.0925798694607,43.83851968283351,2.4020075195506507
20,364.5489585827149,347.4627723246349,31.451991878254134,2.906504396697653
20,4.49061175045427,350.4156571774682,49.72682651759404,1.8146827969019024
20,37.99088283083589,348.0545224769814,83.41517022439533,2.3643584988680386
20,103.38489130434783,349.5958695652174,69.27419805600623,2.9893322421993993
20,432.6260380733359,348.33371662194963,58.93577697656095,2.4848353650523975
20,438.6738059541658,348.3538230884558,35.15665551342316,2.334239282321949
20,15.092996987951807,348.48192771084337,39.99831957320708,2.1610537871819337
20,40.73187081048141,349.3175908998578,74.13845152819971,2.3643584988680386
20,51.08987380732533,349.48476454293626,24.464333639561332,2.2815306533662922
20,66.25527108433735,347.53915662650604,49.99789946650885,2.3944777154141286
20,83.27269620685728,348.88096594145117,66.10415051453029,2.0330471168610527
20,324.35437062937064,349.31573426573425,43.07047966090823,2.1384643747723664
20,336.46423063234073,349.1547039981018,63.46871906674745,2.153523983045411
20,356.81399023269176,350.22306808388396,52.422496398469065,2.4020075195506507
20,376.30104463437794,347.4389838556505,31.71553502303242,2.507424777461965
20,387.29395465994963,349.48790931989925,29.893322421993993,2.0932855499532317
20,394.5845351867941,348.6860121633362,43.33402280568651,1.8673914258575592
20,407.84122121276147,348.5934924994718,71.2771259563212,2.507424777461965
20,30.697362617976538,350.14739349034136,85.36538949575464,2.8312063553324287
20,93.57448113689807,349.8800736121051,73.64901425932575,2.951683221516787
20,168.26668018657472,350.11356722774286,37.129464197192036,2.371888303004561
20,180.14825253664037,350.37725479143177,53.43149015276307,2.0330471168610527
20,199.10661427635887,352.2950884086444,57.49005458234865,1.9502192713593058
20,317.1839153439153,349.75111111111113,35.57832454506842,2.3643584988680386
20,157.01589015735885,349.8423326133909,48.8081904129383,2.1911730037280233
20,212.01105254208468,351.30130930113927,44.28277812688833,2.4923651691889197
20,221.57695459760694,348.7443042124242,45.93933503692326,2.296590261639337
20,230.02413847864062,352.33031602350326,47.415176647681655,1.9577490754958284
20,265.541169268442,351.3318028772574,24.599870114018735,2.0330471168610527
20,347.2070033670034,349.7426262626263,55.90879571367894,2.2514114368202027
20,242.38761322940806,356.13271539919947,35.74398023607191,2.040576920997575
20,401.03614457831327,350.9433555115986,41.873240803201156,2.545073798144577
20,462.30902146234996,351.4434339759913,41.39886314260025,1.6716165183079765
20,472.9043902439024,348.56365853658536,61.74439391948382,2.1761133954549785
20,492.2913455838767,350.0386781268524,50.81111831325327,2.3568286947315165
20,37.41171347703026,351.5622686697148,69.16878079809491,2.296590261639337
20,156.84156510583708,353.22783835792177,58.694823244192236,3.1098091083837582
20,292.4844476744186,350.55087209302326,51.80505245927423,2.7935573346498166
20,382.3549310434556,349.9945355191257,28.937037296655646,2.507424777461965
20,422.039011201236,352.42307197116,58.48398872836961,2.198702807864546
20,22.25247983071022,353.9624388308425,56.932849076245994,3.042040871155056
20,27.18971893491124,353.98976824457594,61.081771155469845,3.042040871155056
20,70.87185725871858,354.47972424979724,55.70549100199284,1.8824510341306042
20,89.4931282051282,359.03620512820515,73.41559033109357,2.5375439940080544
20,136.898426546191,353.9470322480137,48.333812752337394,2.46224595264283
20,169.84540787221906,353.9138619509412,26.399493302647592,2.371888303004561
20,247.32969757064947,356.4473640720542,45.56284483009714,2.1008153540897543
20,300.50531389026196,351.45909540286704,60.93117507273939,2.108345158226277
20,410.59315463003986,354.12306158617633,67.97907174452438,1.8749212299940818
20,104.78281230224022,355.04758891279585,59.49298248266361,2.424596931960218
20,257.571782650143,354.7127740705434,78.98764539212016,2.4848353650523975
20,278.75934912931774,355.2300884955752,26.376903890238026,1.9426894672227835
20,12.204837117472852,358.59921026653507,61.021532722377664,2.642961251919368
20,67.51922793575955,356.8713717400914,51.10478067457764,2.0556365292706196
20,148.24451806278591,352.4606404795709,47.7314284214156,2.0029279003149627
20,194.3432865731463,354.55991983967937,37.57372264124686,2.1911730037280233
20,218.8699884507507,353.6391684540505,45.63814287146237,2.326709478185427
20,264.4104008667389,356.24485373781147,34.75004609005095,2.0330471168610527
20,433.6288904727964,357.11166547873603,31.692945610622854,1.7243251472636334
20,483.12613900303734,356.2680007146686,42.14431375211596,2.2664710450932475
20,486.53286784741147,356.07476158038145,44.21500988965963,2.2664710450932475
20,490.79579527830435,356.22643460279164,43.695453404239586,2.3568286947315165
20,500.44191246938556,355.90469598551806,70.71239064608201,3.124868716656803
20,44.721473278767455,357.27022147327875,62.55761276622824,2.635431447782846
20,94.44167620389119,356.8234879830971,85.53104518675813,2.816146747059384
20,117.08638331365604,358.10881542699724,76.53292924361384,2.6279016436463234
20,159.6043541364296,357.91596516690856,51.88035050063945,3.1098091083837582
20,179.04564851933273,356.5000646579594,58.227975387727845,2.2740008492297696
20,188.73180845371857,357.25468164794006,56.292815724641585,2.673080468465458
20,343.37140267391794,359.21028778608655,33.229025654473425,2.236351828547158
20,110.48194425374159,358.5361801455444,54.839563526292764,3.132398520793325
20,127.06837786661056,355.7832947612035,71.57831812178209,2.2740008492297696
20,138.23082478694207,357.43839375993065,52.12883403714469,2.46224595264283
20,208.51769731489014,360.26301871440194,37.0165171351442,2.6504910560558907
20,306.46410450178126,352.09219475331963,69.74857571660715,2.0556365292706196
20,325.99427990339393,356.8639888140333,59.23696914202185,2.605312231236756
20,414.6288403712904,356.50150346450516,57.59547184025997,1.8598616217210369
20,451.3384573153994,355.74622563821026,54.86215293870233,2.6806102726019803
20,454.3038410864498,356.7760210803689,74.29657741506668,2.6806102726019803
20,465.81907724209435,357.8566614826335,29.049984358703483,1.9577490754958284
20,71.51895596383785,359.34762321376496,51.639396768270736,1.8372722093114697
20,227.18684148911262,359.2746429407633,32.15979346708724,2.168583591318456
20,404.2558440032891,360.3566310348878,64.10122261421533,2.0706961375436648
20,417.9937404838437,359.1869396041279,44.508672250984006,1.8598616217210369
20,457.97564117578173,359.0694460709685,64.29699752176492,2.0857557458167095
20,500.5977567886659,358.92514757969303,63.77744103634487,3.124868716656803
20,20.259346528432296,360.57335846685515,47.9347331331017,1.8749212299940818
20,63.68707570129371,360.45113359805305,58.78518089383051,2.334239282321949
20,236.22052785923754,360.3234604105572,25.67663210554144,2.2664710450932475
20,334.1428917120387,360.26630369026014,62.233831188357776,2.816146747059384
20,353.47067877481913,360.3390795751885,48.92113747498614,2.296590261639337
20,407.45662368112545,359.89144196951935,64.22922928453622,2.0706961375436648
20,249.4489758926953,359.5040783034258,41.541929421194176,2.153523983045411
20,416.4025704809287,363.33913764510777,54.485662731876204,1.80715299276538
20,36.133780126304934,362.0808093826524,58.42375029527743,2.24388163268368
20,80.74442394767735,362.1693778299514,44.900222066083174,3.004391850472444
20,116.8627057406664,361.61240465676434,75.02696841630936,2.6279016436463234
20,179.9127171348917,361.44971048681106,35.11147668860403,2.2740008492297696
20,278.35833333333335,361.1887254901961,30.72160087701146,1.6490271058984092
20,9.46043862837756,362.42869259663155,62.143473538719505,2.198702807864546
20,55.6961175616836,363.0199564586357,41.50428040051156,2.3643584988680386
20,98.50858019365353,357.5098264787652,78.54338694806533,2.816146747059384
20,173.86755607115236,363.2784222737819,38.94414699409394,2.6504910560558907
20,191.90964777947931,363.2931524830453,34.418734708043964,1.6942059307175437
20,210.4758764876166,363.0574139594725,46.820322120896385,2.168583591318456
20,250.51714783956598,362.58573919782987,38.861319148592194,2.658020860192413
20,266.72823668019373,363.33852598507656,57.52017379889474,1.935159663086261
20,472.53689251507626,363.52021993614756,42.453035721713384,1.9577490754958284
20,491.67064781196257,362.9901586088286,78.80693009284361,2.0932855499532317
20,6.069711538461538,361.79537259615387,50.1183763326932,1.844802013447992
20,156.4724223201806,366.34985485431673,70.03470827379499,2.816146747059384
20,167.69875633348687,364.2535697835099,32.694409560780336,2.1610537871819337
20,315.5135214579659,363.538506760729,25.616393672449263,1.8222126010384248
20,343.08782657031685,363.9412636649991,40.638352924811485,2.236351828547158
20,369.8676297307074,364.00395576137214,4204.838404741667,252.48186250173316
20,378.0378169198644,364.0015872412015,3562.7117675873083,225.4197464350716
20,388.0819838504634,364.00415565943433,4933.91169026045,283.5799535855707
20,456.70609608397257,364.20508679854663,74.60529938466411,2.2740008492297696
20,482.7205907316245,363.9548463758275,88.71615233650711,2.582722818827189
20,151.53559242263796,365.2101423696906,63.99580535630402,2.0932855499532317
20,256.688056206089,367.4069476971116,96.45679098885216,2.5902526229637113
20,291.9975988619996,364.9834451606463,4224.099643722891,237.69332717760312
20,318.82164328657313,364.0816633266533,30.058978112997487,1.9728086837688732
20,327.6545857988166,364.88047337278107,50.90147596289154,2.153523983045411
20,334.6118019709057,364.66740966682306,64.18405045971708,3.0495706752915788
20,426.7929473882708,364.71751838581935,39.93055133597838,1.8673914258575592
20,37.7092156630782,366.26842541109664,63.64943436602399,2.236351828547158
20,113.52295442995087,366.0486193460952,44.448433817891825,2.2514114368202027
20,119.78493577267419,365.9768392370572,77.37626730690435,2.0556365292706196
20,231.49554655870446,366.44194331983806,46.49654054302592,2.1384643747723664
20,412.4894042746703,369.4825829922692,82.79019648106397,2.8086169429228613
20,433.39460988188324,365.6163699883547,45.261652664636244,2.0857557458167095
20,463.91120607787275,366.1183523266857,63.43107004606484,2.3944777154141286
20,487.8654425337608,367.02691149324784,77.50427397722524,2.642961251919368
20,24.764592067075135,365.7016016338815,70.04976788206804,2.1234047664993216
20,63.45071515689101,367.9261558931145,67.91130350729567,2.289060457502815
20,200.40309123238956,363.6442347148133,55.05039804211539,2.206232612001068
20,52.58921438082557,369.41238348868177,56.54882906528335,2.3041200657758596
20,118.74731026461181,368.89502762430936,77.68498927650177,2.0556365292706196
20,158.57665198237885,369.26718061674006,68.37062155962354,2.816146747059384
20,215.91808536886256,368.9481865284974,30.518296165325356,2.0481067251340974
20,470.4682640431609,369.77054903205334,47.45282566836427,1.9577490754958284
20,483.9229049280029,367.4463822556122,84.19074005045714,2.582722818827189
20,503.9743401759531,369.49725073313783,41.0826113688663,2.0857557458167095
20,172.56150061500614,372.4368593685937,36.73038457795635,2.1610537871819337
20,259.0403045230631,370.7832512315271,84.07026318427278,2.0857557458167095
20,270.6600414078675,371.5129054520359,54.55343096910491,2.642961251919368
20,438.5820242080865,371.5178985320628,29.238229462116543,2.6806102726019803
20,490.9297978258661,368.62359036879,74.11586211579015,2.642961251919368
20,10.096323987538941,371.85844236760124,60.426678195592395,2.2815306533662922
20,128.33398058252428,371.6957928802589,46.53418956370854,2.7559083139672045
20,140.20685579196217,372.556146572104,38.221285796987786,2.296590261639337
20,168.98420382165605,372.0045859872611,29.554481235850485,1.6716165183079765
20,342.8643517361979,372.570197351986,60.28361191699847,2.597782427100234
20,408.0636124890575,371.6927341698278,51.609277551724645,2.469775756779353
20,445.22385321100916,363.7163608562691,49.2449190528566,2.1384643747723664
20,478.56806604602144,371.6727560161602,42.86717494922212,2.3191796740489043
20,20.49741345005969,372.75029844807005,37.84479559016167,2.3417690864584717
20,45.2893974906935,370.6062319040397,54.61366940219709,3.004391850472444
20,52.39347630666495,372.6329780403236,58.63458481110006,2.3041200657758596
20,66.57567074759052,369.83172701224277,86.72075424032867,2.289060457502815
20,422.7823028141102,372.44441141498214,75.99078334578422,2.1234047664993216
20,33.001792361781334,373.49965531504205,54.61366940219709,2.4923651691889197
20,279.49845837615624,373.16204179513534,43.95899654901787,2.5902526229637113
20,430.574025974026,372.8171828171828,37.6866697032947,2.130934570635844
20,499.134693877551,374.46923076923076,47.96485234964779,2.0179875085880075
20,10.190481204590924,375.16910603348424,71.51054988455338,2.2815306533662922
20,81.77818776663476,375.0080675892965,1620.2783137051667,102.32250841120312
20,90.02283432316199,374.98938034625627,3823.875494258452,229.5536089060224
20,100.10572648572766,374.9996734128841,3089.5087564316937,179.879491017384
20,126.55602189781023,374.69434306569343,41.263326668142845,2.7559083139672045
20,153.8595985589295,374.9018013381369,73.15204718631527,2.981802438062877
20,177.4960140679953,372.7092614302462,64.22922928453622,2.1610537871819337
20,199.45735989680378,375.247527590655,52.5354434605169,2.2664710450932475
20,261.35390625,374.71953125,77.10519435798955,2.115874962362799
20,339.10368229232125,373.2346361694106,59.91465151430887,2.620371839509801
20,475.1965152183502,375.13420820467576,68.28026390998528,2.71072948914807
20,502.4362485024816,374.550744480575,43.99664556970048,1.8673914258575592
20,15.83694150161216,376.5950023030861,65.38881912156067,2.206232612001068
20,60.38893950437318,376.0295189504373,82.64713020247005,2.545073798144577
20,141.47807075659202,376.1041473433152,56.82743181833468,2.2212922202741128
20,219.50020842017508,375.9397665694039,36.12800024703456,2.3643584988680386
20,227.5631184081766,376.20876372730237,69.25160864359667,2.914034200834175
20,118.59829359513792,377.3722533894343,64.4250041920858,2.3944777154141286
20,188.73763320246775,377.23073471676946,67.12820387709735,2.4998949733254423
20,279.88295042321647,376.9185006045949,31.135740104520192,1.7318549514001558
20,297.8864988156528,377.00461970126054,4030.824631146634,237.66320796105703
20,306.0430221973251,376.97112597157064,2150.662657473533,141.80880130312667
20,315.9090373017969,376.69149956045305,2081.395989221663,150.03887722434567
20,324.25043894652833,376.73501311138983,1320.8782416287622,94.00960464448237
20,353.56934306569343,375.75515709298634,47.45282566836427,2.0179875085880075
20,360.33417085427135,376.2774986041318,26.971758417023295,1.9201000548132163
20,389.7039786788502,381.2520464496478,39.55406112915225,2.1836431995915007
20,482.9933390264731,379.0614859094791,44.08700321933875,2.439656540233263
20,11.367206781843546,378.1543084021891,70.1702447482524,2.2288220244106354
20,253.7965804471723,379.327575624726,85.87741617703816,2.46224595264283
20,264.637707948244,374.6350984016527,69.25160864359667,2.642961251919368
20,396.4838600067958,377.91301393136257,22.160213573785473,1.9125702506766937
20,125.05922198567835,379.4848074317786,38.90649797341133,1.9803384879053956
20,154.83659689399056,378.4147197839298,55.758199630948496,2.981802438062877
20,162.18261659600242,378.85281647486374,49.72682651759404,2.996862046335922
20,344.9186260102866,377.90172667156503,40.99225371922804,2.454716148506308
20,475.5365478023931,378.8008529795048,63.55907671638572,2.71072948914807
20,489.12644889357216,378.52581664910434,35.728920627798864,1.716795343127111
20,498.47135348226016,377.66846254927725,57.30180947893559,2.0179875085880075
20,261.4729007633588,380.1860687022901,78.91234735075493,2.4923651691889197
20,407.4484065702653,380.46806121016425,53.63479486444918,2.4998949733254423
20,45.21822945910537,380.6503836795808,40.231743501439276,2.198702807864546
20,134.90211721386927,380.4183798711261,49.07926336185311,2.0556365292706196
20,176.91714575583362,383.2783226242814,22.265630831696786,1.8146827969019024
20,217.47971698113207,384.1459905660377,63.85273907771009,2.635431447782846
20,257.0460712542704,380.9619326500732,77.14284337867215,2.4923651691889197
20,274.4699593434724,381.39557295588014,50.00542927064537,1.7770337762192903
20,377.9897525135344,380.74458623356537,38.94414699409394,1.7770337762192903
20,453.9118630753066,381.00494712138027,3834.063319255167,224.27521620632018
20,462.2199228230378,381.0033680494581,1672.271611267854,105.63562223127299
20,67.64355849994085,381.2080918017272,63.64943436602399,2.5751930146906665
20,229.7672131147541,381.9858677218768,66.60111758754077,2.371888303004561
20,267.5656814449918,380.59688013136287,36.68520575313721,2.115874962362799
20,427.9246783625731,380.46573099415207,32.18991268363333,2.2137624161375906
20,430.82481751824815,381.5243701436308,31.979078167810705,2.2137624161375906
20,33.11601150527325,383.209012464046,31.414342857571523,1.9050404465401714
20,140.69805065641162,385.5077575918313,56.78225299351554,2.4321267360967407
20,197.61089841755998,385.4044155181215,59.00354521378966,2.8086169429228613
20,204.57691517765454,382.2294105565825,36.662616340727645,2.2212922202741128
20,277.4938760806916,382.5023414985591,41.80547256597246,1.7770337762192903
20,503.4310396187072,382.7788203753351,50.5551049726115,1.8749212299940818
20,11.791772688719254,384.59467769296015,71.02111261567943,2.1384643747723664
20,65.74089010514187,383.9874693936339,52.27943011987514,2.454716148506308
20,111.96090568496498,381.55513927349733,46.225467594111116,2.1459941789088885
20,149.9047619047619,383.37616052710393,50.284032023696696,2.658020860192413
20,234.3770581031433,383.68580759286976,55.33653059930324,2.386947911277606
20,406.8568595426972,383.7357676154923,64.54548105827016,2.4998949733254423
20,181.74591611479028,384.4651214128035,34.11001273844655,1.8146827969019024
20,224.1855472901169,384.8565356004251,70.85545692467593,2.4095373236871733
20,250.43169327401205,384.84428160167494,57.54276321130431,2.258941240956725
20,283.4445572705118,383.09423233143787,37.07675556823638,2.3643584988680386
20,314.88905591162813,385.12185956069186,4367.994200771835,274.82279137479514
20,323.21046304099946,385.14087303554606,3037.6735847558734,198.02631898640303
20,401.05499046408136,385.18340750158933,47.37752762699905,2.115874962362799
20,487.4450583179865,385.32090239410684,49.06420375358007,2.673080468465458
20,499.42967511885894,384.63015055467514,38.01045128116516,1.8749212299940818
20,22.11111111111111,385.5549456135,74.07068329097102,2.951683221516787
20,160.087680660702,385.0075705437027,54.704027051835354,2.3116498699123817
20,344.2206493306663,385.7848899830743,48.93619708325919,2.289060457502815
20,404.2470473639352,385.88201631559724,61.84228137325861,2.3944777154141286
20,417.98037612428453,386.0301366662773,64.46265321276842,2.642961251919368
20,27.47934312878133,386.4326707000864,43.55991692978218,1.8899808382671266
20,51.444260027662516,387.0802213001383,54.44048390705707,2.4471863443697854
20,214.11546506763352,386.98744944917024,53.99622546300225,2.635431447782846
20,247.082398667407,384.5625763464742,67.80588624938436,2.2288220244106354
20,365.0014169356655,386.997103570803,2407.308501662763,133.97780500114337
20,12.526364735422673,387.8964010043709,80.96798388002554,2.1384643747723664
20,103.93476105492762,392.4281181836209,37.972802260482545,2.3116498699123817
20,128.70744365361804,383.8782621589561,50.78099909670718,2.0932855499532317
20,145.26556077510276,384.4753376394598,51.2930257779907,2.605312231236756
20,251.44470382258535,388.1124890574847,51.609277551724645,2.5375439940080544
20,350.7536993351919,385.6063692901566,70.22295337720806,2.1384643747723664
20,376.40296662546353,388.55778739184177,24.36644618578654,2.0857557458167095
20,478.5421908560908,387.91950496062185,73.61889504277967,2.198702807864546
20,84.70250635670178,389.3465310570287,20.729550787846215,2.2137624161375906
20,118.90766178266178,387.9848901098901,49.33527670249487,2.1459941789088885
20,437.67214748380667,387.4851353595748,45.336950706001474,2.3944777154141286
20,62.3851999064765,387.58826280102875,64.40994458381276,2.71072948914807
20,126.11878387933066,389.8998350223898,31.948958951264615,2.3944777154141286
20,171.94687579053883,385.8535289653428,29.765315751673114,2.078225941680187
20,191.45584333543903,385.9737207833228,59.598399740574926,2.658020860192413
20,236.8214894826606,389.8129619101762,66.22462738071465,2.0104577044514853
20,247.56636597938143,389.91591494845363,46.74502407953116,2.5375439940080544
20,389.51309236947793,393.1322088353414,46.87303074985204,2.469775756779353
20,497.448974668275,389.9698431845597,31.211038145885418,1.9728086837688732
20,38.622564102564105,391.03504273504274,44.04935419865614,2.289060457502815
20,71.7846450274196,391.0610641766711,50.80358850911674,2.477305560915875
20,180.2447278077489,390.9637076998529,15.353270634369208,1.9276298589497387
20,228.68847177475837,389.8810757809217,53.75527173063353,2.6806102726019803
20,414.9430577223089,391.32891315652626,57.91925341813043,2.334239282321949
20,443.920163546374,392.16914138153646,34.99099982241967,1.9276298589497387
20,35.34767383691846,392.5299316324829,45.15623540672493,2.289060457502815
20,253.48211319082955,392.1099789566951,67.9866015486609,2.5375439940080544
20,399.0038214990138,391.81163708086785,61.081771155469845,2.3191796740489043
20,474.85255198487715,392.27398393194704,63.732262211525736,2.198702807864546
20,4.046000828843763,393.2928581295759,54.50825214428578,1.935159663086261
20,102.70339946922785,396.2593201061544,59.583340132301885,2.725789097421115
20,221.7943220464291,391.6531125240278,50.924065375301105,2.236351828547158
20,378.471208869814,390.73175965665234,42.106664731433355,2.108345158226277
20,411.4321718931475,392.9635307781649,64.83161361545801,2.334239282321949
20,479.9227330779055,393.07547892720305,58.958366388970525,2.454716148506308
20,485.8673853524983,392.76471594798085,44.004175373837,2.4471863443697854
20,113.58966455122393,390.91822302810516,41.52686981292113,1.7770337762192903
20,234.99415483717047,393.59978527973277,63.12234807646742,1.9652788796323508
20,417.9048080025815,394.16639776271916,70.00458905724891,2.334239282321949
20,466.2142994057888,395.8376461567951,39.282988180237446,1.9050404465401714
20,33.51791730474732,394.9323124042879,49.16962101149138,2.635431447782846
20,343.3914643119941,394.97111846946285,40.93201528613586,1.8749212299940818
20,449.81056902111726,397.39207323416207,72.38400716438998,2.439656540233263
20,28.547076585231952,395.28081251715616,27.431076469351165,2.635431447782846
20,49.54725637731694,396.59423747476603,41.029902739910646,1.8222126010384248
20,94.05378787878787,396.2199494949495,59.63604876125754,2.6128420353732786
20,120.44260869565217,395.7953623188406,25.977824271002337,1.9201000548132163
20,192.55861219462122,395.58447957298296,36.677675949000694,1.8899808382671266
20,195.58612732455546,395.7321840640695,55.47206707376064,2.0104577044514853
20,269.818677064667,395.9997752233718,2411.9318014025876,147.90794265370982
20,278.01904436105883,395.9993200719024,3543.8119592046373,218.93658507352578
20,287.9583470221054,395.99820752298814,4171.375955158961,255.117293949516
20,296.1823447559228,396.0072661146992,2927.520080042687,179.99243807943185
20,330.24208340543345,396.29313029935975,43.514738104963044,2.3041200657758596
20,15.840801886792452,395.6183962264151,63.85273907771009,2.567663210554144
20,62.185650224215244,396.5865470852018,33.58292644888998,2.5601334064176218
20,70.23030410812733,397.43535479281525,42.34008865966555,1.7243251472636334
20,205.67555555555555,393.9461111111111,67.76823722870175,2.1761133954549785
20,214.1486369536997,396.6564257897014,34.80275471900661,2.8086169429228613
20,229.06301894826484,400.4279327230147,70.73498005849159,2.0857557458167095
20,352.7510140777857,396.94022906227633,63.11481827233089,2.0029279003149627
20,355.96074101337257,398.40952030425717,61.37543351679422,2.0179875085880075
20,455.9178082191781,397.3048767123288,68.70946274576706,2.078225941680187
20,36.314178107155875,398.40930628113233,61.97781784771601,2.2514114368202027
20,67.58947185545517,399.3342599027102,43.34155260982303,1.9577490754958284
20,128.5306905370844,396.4972597734746,41.218147843323706,2.0330471168610527
20,184.78525693646364,399.0001641766541,45.86403699555804,2.2815306533662922
20,234.62169811320754,399.5071933962264,63.85273907771009,2.0857557458167095
20,337.35982814178305,398.500268528464,28.04099060440948,1.987868292041918
20,428.93770975969926,398.1966706940529,56.089511012955484,2.1911730037280233
20,442.0568298027757,397.4328707085464,51.54150931449594,1.8673914258575592
20,472.2595008152515,394.97830176846855,60.03512838049323,2.078225941680187
20,141.8093409658597,398.9920139918481,1498.2277184562747,91.60759712493171
20,150.06343120802697,398.9929276750488,2364.6672208376363,141.46996011698317
20,159.9729141942428,398.98286644771343,1364.1369663930836,87.3984366126157
20,168.1038763136476,398.999648618317,2100.0548438719657,124.12129138643552
20,245.49286865930796,398.6477737814709,60.71281075278024,2.8086169429228613
20,308.5577049901077,400.40382501648713,34.25307901704047,2.514954581598487
20,502.28395791464715,399.0623005083343,63.69461319084312,2.71072948914807
20,372.73070325900517,401.4110920526015,52.67850973911083,2.2514114368202027
20,404.5718208703,399.13751584283904,35.64609278229712,2.454716148506308
20,480.8426612013243,398.5290871827211,47.76154763796169,2.6128420353732786
20,489.5769353806782,394.4947216890595,47.07633546153815,2.1234047664993216
20,39.71838034576888,400.60919017288444,66.20203796830509,2.24388163268368
20,83.92175077412335,399.58699472759224,89.97362962730635,2.3643584988680386
20,254.87106145251397,401.17385474860333,33.695873510937815,2.1459941789088885
20,317.8170789724072,399.63463368220744,63.31059317988048,2.108345158226277
20,339.79352474037876,400.6307269395235,24.65257874297439,1.987868292041918
20,360.94936449364496,401.43634686346866,73.4607691559127,2.688140076738503
20,442.7862015503876,401.4586046511628,48.567236680569586,2.439656540233263
20,33.16700106219757,401.99822967071873,63.800030448754434,2.748378509830682
20,92.799207135778,402.9565906838454,37.987861868755594,2.0857557458167095
20,110.8661773009599,402.0272915490307,40.0058493773436,2.236351828547158
20,378.4604999087758,401.5606641123882,41.27085647227936,2.1234047664993216
20,88.43981730252553,402.41469639978504,56.05186199227287,2.0857557458167095
20,121.79334707094495,403.9841036208419,25.578744651766648,2.371888303004561
20,233.04452900041136,403.5249897161662,73.21981542354398,2.296590261639337
20,412.8695318495779,405.28902532617036,49.05667394944354,2.0029279003149627
20,415.97217576402613,404.3486391972024,49.52352180590793,2.0029279003149627
20,439.8777494790461,404.07802732113913,32.52122406564032,1.8899808382671266
20,473.8551387618176,405.1805428484294,49.380455527314005,2.236351828547158
20,9.624291321412997,404.55233318796337,34.5316817700918,2.763438118103727
20,76.33254674169541,404.86349609729535,41.481690988101995,2.1911730037280233
20,221.91794524031533,402.70390777316265,88.82909939855494,2.8086169429228613
20,464.29071385961424,404.66275601511234,37.86738500257123,2.3568286947315165
20,22.48717510259918,405.43775649794804,44.03429459038309,2.582722818827189
20,66.13843563843564,405.8023828023828,58.1451475422261,2.236351828547158
20,244.03371794871794,407.05961538461537,58.73247226487485,1.9201000548132163
20,398.2670611439842,404.43767258382644,38.176106972168654,2.1761133954549785
20,50.438244514106586,408.11974921630093,24.02007519550651,1.9502192713593058
20,98.80929237947123,406.6541601866252,38.73331247827131,2.3944777154141286
20,101.78413563427188,407.8997880714502,49.74188612586708,2.853795767741996
20,81.99623810577562,407.755919451206,34.0271848929448,2.2212922202741128
20,175.52456140350878,408.5315789473684,21.459941789088887,2.02551731272453
20,247.45494910114792,409.2745289148798,69.530211396648,2.5902526229637113
20,345.40580577584916,407.8933113871016,50.32168104437931,2.153523983045411
20,494.49740034662045,407.0983868817491,56.481060828054645,2.3041200657758596
20,107.7719823510873,407.7563819728963,47.78413705037126,2.853795767741996
20,265.73828599174556,409.99259529011897,62.03052647667167,2.439656540233263
20,308.0277418161642,406.4939892731644,40.71365096617671,2.0481067251340974
20,341.28317214700195,408.9489361702128,38.92908738582089,2.153523983045411
20,349.8190261377206,407.78108000530716,56.75213377696945,2.153523983045411
20,426.09448041259736,408.9407439920992,68.61910509612878,2.5751930146906665
20,480.6681948424069,408.04317096466093,39.41852465469485,2.4020075195506507
20,84.70096064456152,409.5960644561512,48.597355897115676,2.2212922202741128
20,140.29715658790548,410.30316379655585,18.801920928896475,1.8297424051749474
20,162.27285299405338,413.4407412529387,54.448013711193596,2.0330471168610527
20,453.9082259663033,408.62418235877107,37.987861868755594,2.0330471168610527
20,58.94391495601173,410.97238514174,61.62391705329946,2.2514114368202027
20,237.2946367178547,407.6460004584002,65.70507089529461,2.0932855499532317
20,328.0047044182254,410.9994483562118,3412.4394664347305,190.61699171606497
20,370.46363275039744,411.53736089030207,37.8899744149808,1.7469145596732008
20,388.91006949175636,408.66998228641506,55.261232557938015,2.2740008492297696
20,403.41509769094137,410.45222024866786,42.3927972886212,2.0556365292706196
20,446.9144937749589,411.14094432699085,32.05437620917593,2.108345158226277
20,35.58992082443132,412.3554103305266,59.91465151430887,2.326709478185427
20,219.22185292895722,412.5270045700042,36.24847711321891,2.605312231236756
20,301.13995943204867,414.488698927847,51.97070815027772,2.0179875085880075
20,359.96300469483566,412.1355868544601,40.096207026981865,1.9201000548132163
20,374.3315649867374,412.2945857388048,48.25851471097217,1.7469145596732008
20,500.8055373525557,412.3178243774574,45.961924449332834,1.7619741679462455
20,64.93308931185945,412.80893118594435,51.4285622524481,2.0481067251340974
20,72.72040113755426,411.98398443346804,50.30662143610627,3.5390079441655358
20,86.42739655615523,413.207144692881,29.298467895208724,1.7619741679462455
20,123.01974779919105,413.44515822031883,31.647766785803718,2.4321267360967407
20,224.75327838141627,413.0101161483702,40.19409448075666,2.2137624161375906
20,281.00787739449754,413.008758181153,3334.091854394215,185.94098334728454
20,415.1870953819594,409.87570133793696,34.89311236864488,2.3041200657758596
20,94.48818000569638,413.6157789803475,26.437142323330203,2.6504910560558907
20,197.91706162678057,414.0061779563496,4632.72705460369,269.054961406219
20,206.24308015217107,414.00287288469104,1721.9909079813115,109.98031921804642
20,342.76722734671733,413.73123530475675,41.63228707083244,2.1234047664993216
20,377.7942681678608,412.5348735195204,51.49633048967681,1.7619741679462455
20,489.2960697070819,418.1957730812013,40.61576351240191,1.7469145596732008
20,57.436201417746275,415.2003177707162,61.608857445026416,2.605312231236756
20,151.75770609318997,412.69444444444446,42.016307081795084,2.3568286947315165
20,437.2742794198642,415.3737837341656,41.014843131637605,2.3568286947315165
20,454.10642414860683,415.42260061919507,38.91402777754785,2.567663210554144
20,461.952,415.44754716981134,49.88495240446101,2.733318901557637
20,183.5827253471405,416.3513767945399,31.994137776083747,2.0330471168610527
20,259.0118,415.8836,37.64902068261208,2.996862046335922
20,346.2399558498896,413.5871964679912,34.11001273844655,2.1234047664993216
20,9.433097837722116,413.92892314279595,35.17171512169621,1.7017357348540663
20,141.66106736657918,417.4601924759405,43.03283064022561,2.6504910560558907
20,173.7054829400781,416.54133423866915,44.358076168253554,2.236351828547158
20,399.5140786172289,418.26512405910233,27.00940743770591,2.0104577044514853
20,26.911323328785812,418.1806275579809,27.59673216035466,2.040576920997575
20,46.446928955561845,417.11633172940844,79.8083940430011,2.2212922202741128
20,162.6343379701185,417.6652498712004,58.461399315960044,2.0330471168610527
20,406.8076558650749,419.32063672541216,39.734776428428795,1.9652788796323508
20,426.2727852135118,418.25111536010195,35.442788070611016,2.296590261639337
20,441.67368778664854,416.65941905894346,44.32795695170746,2.0104577044514853
20,503.0736866573687,417.7168758716876,64.78643479063888,2.1761133954549785
20,65.78099873042743,423.1267456622937,35.58585434920494,2.552603602281099
20,250.67400073340667,419.1914191419142,20.53377588029663,3.124868716656803
20,474.8641525605314,418.0109277908721,35.14159590515012,2.0330471168610527
20,19.418691588785045,418.73629283489095,48.34134255647392,2.2740008492297696
20,300.78101685548495,417.71400939486045,54.50072234014925,1.9426894672227835
20,311.97700568540745,416.77776373973467,59.598399740574926,2.4848353650523975
20,494.4877734877735,421.488416988417,46.805262512623344,1.8297424051749474
20,130.2736240913811,420.73946002076843,72.51201383471087,2.3568286947315165
20,175.696,420.8270588235294,32.00166758022027,2.236351828547158
20,219.9173223096413,421.54607280970794,56.4660012197816,2.2740008492297696
20,384.0126582278481,422.2689873417722,21.41476296426975,1.7695039720827679
20,28.482399755127027,421.70309152127334,24.599870114018735,2.040576920997575
20,140.45151434643995,422.3546758767269,56.68436553974075,3.1399283249298477
20,226.42134188229906,422.4181360201511,32.882654664193396,2.206232612001068
20,35.53436575604663,422.4031668696711,43.27378437259433,2.597782427100234
20,60.543489628725816,423.4850967404567,43.198486331229105,2.3643584988680386
20,106.0449089006484,422.9267264502712,4547.670387077533,279.7397534759443
20,114.25781744804324,422.99160934607886,1533.6629767227494,100.79395817148907
20,163.54427083333334,422.7501240079365,60.72034055691677,2.296590261639337
20,185.04137766084668,421.5403013633102,31.482111094800224,2.289060457502815
20,241.5672748004561,422.67027746104145,39.62182936638096,2.206232612001068
20,461.174667511083,422.42229259024697,59.44780365784448,2.2514114368202027
20,484.7142496210207,422.7963617988883,59.60592954471145,2.620371839509801
20,44.2098794611203,424.5024816828173,31.858601301626344,1.8372722093114697
20,56.965727563171654,424.34751670055186,51.85023128409336,2.3643584988680386
20,129.28292904103378,424.4562457492632,66.42793209240077,2.3568286947315165
20,153.0381569474442,423.82313414926807,62.75338767377782,2.3568286947315165
20,215.50576676633918,423.5019222554464,35.254542967197956,2.386947911277606
20,248.26515055266168,428.07495870918564,59.26708835856794,2.2137624161375906
20,270.28176985079745,424.88389641570916,43.90628792006221,2.24388163268368
20,310.2201708730237,426.26642443287835,76.67599552220777,2.620371839509801
20,333.8874765576162,425.17149406126276,36.13553005117108,1.897510642403649
20,392.63029361942404,428.1300112930548,53.3411325031248,2.4471863443697854
20,471.4970974641002,425.3324167430492,24.64504893883787,1.7393847555366782
20,493.02770780856423,424.81192275398826,44.83998363299099,2.3944777154141286
20,6.49502236329534,425.95902467176455,52.18907247023687,1.897510642403649
20,355.1652388876701,425.878712805064,1407.222505662265,99.83767304615073
20,362.9230147578771,425.9925843274467,1639.855804460125,112.72116792374058
20,371.09126561866736,426.0002104046841,4366.043981500476,253.7092205759863
20,453.67333984375,423.45078125,77.10519435798955,2.816146747059384
20,229.33997655334116,427.46975381008207,64.22922928453622,2.567663210554144
20,275.5879253236977,427.41915085817527,50.01295907478189,1.9728086837688732
20,484.5107984293194,426.92528359511346,69.03324432363752,3.042040871155056
20,20.396253193301163,427.1024694862333,26.527499972968474,2.514954581598487
20,80.86353169601799,427.9967810062336,4421.049200717772,263.29466124177935
20,89.052132241667,427.7229605629066,2328.6069888278303,168.96880482356303
20,98.83586772379209,427.9103171376296,2222.346392853226,167.03364516047677
20,179.67611940298508,430.0246268656716,60.53962525764023,2.0330471168610527
20,321.14326140785283,426.6678457729041,42.573512587897746,2.198702807864546
20,418.4194135858678,427.7209979967219,41.34615451364459,1.7393847555366782
20,461.5686053783615,428.0480300187617,60.20078407149672,2.4321267360967407
20,134.5199572344975,429.4817058683773,63.38589122124571,2.2664710450932475
20,223.7382593989853,428.874463379732,57.881604397447816,2.748378509830682
20,314.5868705784436,425.91999583853516,72.37647736025347,2.552603602281099
20,406.9306315266037,429.51864743908504,30.28487223709316,1.8222126010384248
20,450.232733463035,430.31918774319064,61.925109218760355,2.5224843857350097
20,481.398853046595,429.5564157706093,52.52038385224385,1.9050404465401714
20,252.5025039347546,429.6049506367148,52.62580111015517,2.5601334064176218
20,262.99289985052314,427.74015944195315,60.44926760800196,2.6128420353732786
20,293.41232478180376,430.4406241734991,28.47018944019126,1.9803384879053956
20,298.5528370640292,428.76939094221757,43.39426123877869,2.876385180151563
20,486.7713785046729,429.9342289719626,64.45512340863189,3.042040871155056
20,501.3494222612257,430.4889571449466,51.481270881403766,1.7393847555366782
20,68.82371294851794,431.99161466458656,38.612835612086954,2.439656540233263
20,182.6447325237939,430.8198227765015,45.886626407967604,2.0330471168610527
20,215.02055800293687,430.91091532060693,30.766779701830593,2.0104577044514853
20,259.1983455536755,430.8185749200978,40.05102820216273,2.2137624161375906
20,325.5185606060606,429.67992424242425,39.75736584083836,1.7770337762192903
20,457.72327044025155,430.61240805884233,70.63709260471678,2.4321267360967407
20,11.413324112494237,428.7346703550023,32.664290344234246,1.7544443638097231
20,52.82835467045993,426.7145566619251,63.52142769570311,2.3191796740489043
20,131.38344396720032,432.2771378367825,77.13531357453563,2.2664710450932475
20,152.17321277196947,433.53791089761705,79.9439305174585,2.4471863443697854
20,285.9742596810934,431.873576309795,33.05584015933341,2.4471863443697854
20,306.39516885553473,427.03517823639777,64.21416967626317,2.620371839509801
20,433.9954593479864,432.00196746174316,3256.9188917989964,182.68057815617036
20,23.643700159489633,434.56076555023924,23.605935967997777,2.0029279003149627
20,59.57556378323797,432.19202288791655,44.7420961792162,2.95921302565331
20,190.53250556401545,432.8644722970599,64.28193791349187,2.326709478185427
20,295.5490674955595,433.20759325044406,33.914237830896965,1.9803384879053956
20,346.9643055968084,433.0204700715284,4639.255394790055,266.85625859835443
20,477.40125930166,433.4348406792597,39.46370347951399,2.635431447782846
20,18.985551542095028,435.0455682133926,27.099765087344178,1.7770337762192903
20,45.776254526642525,434.25038799793066,29.110222791795664,1.8523318175845145
20,159.62897868807084,431.5734846388043,54.41036469051098,1.897510642403649
20,165.6211659192825,433.18744394618835,41.978658061112476,2.2212922202741128
20,202.45096142217923,432.8964808320232,62.263950404903866,2.3191796740489043
20,334.0308732188528,432.6143587869931,41.218147843323706,2.386947911277606
20,388.2367671492998,431.41941609304536,63.44612965433788,2.0029279003149627
20,396.7809785093736,433.9768327998781,49.40304493972358,1.7393847555366782
20,36.66579973992198,433.6962505418292,69.48503257182887,2.695669880875025
20,269.32413970872534,435.1920350560639,58.42375029527743,2.6655506643289355
20,319.8645011600928,436.0480278422274,32.45345582841161,2.063166333407142
20,419.66687054026505,435.01162079510704,36.93368928964245,2.326709478185427
20,482.4286499862524,433.74511960406926,54.77179528906406,2.063166333407142
20,90.8624008525213,436.17080185829684,4225.417359446783,270.66633949143477
20,99.06970884658455,436.1472949649157,2931.71418094673,202.86798304618696
20,109.0784944053083,436.00195448396545,5043.026082002796,291.2076451758679
20,130.90604100427583,435.8210722508497,68.67934352922096,2.2664710450932475
20,254.59412873687046,436.2827901966065,27.958162758907733,1.7318549514001558
20,393.70290267501423,432.60002845759817,52.919463471479546,1.7393847555366782
20,409.8970280452072,436.32049672108275,53.966106246456164,2.206232612001068
20,413.54387602688575,436.03155339805824,40.329630955214064,2.0857557458167095
20,464.61787184009404,436.37330981775426,38.424590508673894,2.552603602281099
20,5.932207157146032,439.3031784841076,33.87658881021435,2.3568286947315165
20,225.55389876880986,437.05362517099866,55.042868237978865,2.1459941789088885
20,237.0299770763534,436.73778874977955,85.40303851643725,2.7182592932845924
20,243.30504061653824,436.9591751718392,72.30117931888825,2.876385180151563
20,281.3056712592118,437.1066965716117,47.00103742017293,2.24388163268368
20,303.90212411495213,437.16513952519784,36.15811946358065,2.1761133954549785
20,359.1635473653902,437.80132450331126,26.15100976614235,1.8146827969019024
20,364.55783053800917,440.42714005663254,34.569330790774416,1.9426894672227835
20,474.45817060637205,437.0365878725591,36.632497124181555,2.635431447782846
20,491.34096109839817,437.0751879699248,23.033670853622073,1.9803384879053956
20,34.156562002604545,437.45753147156705,52.03847638750642,2.334239282321949
20,126.96529549862203,437.6760232724303,73.76949112551011,2.2664710450932475
20,142.9448986846783,433.64178220168264,63.544017108112676,2.642961251919368
20,228.86667471042472,437.7561534749035,62.40701668349779,1.897510642403649
20,313.25889077053347,438.3141405588484,35.570794740931895,1.7469145596732008
20,461.1006698920729,436.51916635653146,40.46516742967147,2.552603602281099
20,28.95772151898734,439.5567088607595,59.48545267852709,2.695669880875025
20,286.52821972868867,439.1919276503098,44.96046049917535,2.1384643747723664
20,450.7632275132275,438.6875,22.770127708843788,1.7695039720827679
20,194.02145378835883,440.02507468090886,83.18174629616314,2.424596931960218
20,292.6689679589308,438.06337404850416,42.53586356721513,2.379418107141084
20,399.5680763280041,439.6906910778752,58.40116088286786,2.2664710450932475
20,50.56256157635468,441.0793103448276,30.571004794281013,2.4471863443697854
20,216.32814688034853,442.41247860588146,48.394051185429575,2.469775756779353
20,498.6898106402164,441.4869251577998,25.05165836221008,2.153523983045411
20,70.55107233733187,442.3575669453532,62.143473538719505,2.778497726376772
20,141.90427905090246,441.93997160819305,37.129464197192036,2.0029279003149627
20,206.54339419978518,442.52470461868955,70.1024765110237,2.816146747059384
20,224.69425359150532,441.54668956901935,48.22086569028956,2.0932855499532317
20,258.27134071340714,441.6189421894219,30.608653814963624,2.552603602281099
20,263.31594546532307,442.5666864256076,38.10833873493995,2.552603602281099
20,418.51553618795,442.4278135657446,39.74230623256531,1.9050404465401714
20,219.93323147440793,442.54637127578303,49.28256807353922,2.1459941789088885
20,29.462388876225212,444.0814907681787,66.06650149384768,2.4471863443697854
20,36.72599204215507,445.38488009463384,70.01964866552196,2.4471863443697854
20,232.77815616638287,444.0612989540258,61.91004961048731,2.296590261639337
20,326.0943683409437,443.99619482496195,19.788325270780913,2.289060457502815
20,485.5794922087828,444.19973847662635,69.10101256086622,2.673080468465458
20,493.8047728191991,446.28825670756373,55.84855728058677,2.236351828547158
20,8.652417188898836,443.59870188003583,33.64316488198216,2.7031996850115476
20,23.57228587015821,444.77905073649754,55.20852392898236,1.7243251472636334
20,78.64316702819957,444.7535550735117,62.482314724863016,2.2815306533662922
20,204.57044643634148,444.8022800452528,86.5249793327791,2.816146747059384
20,305.1686429512516,446.30478700043915,34.290728037723085,1.7318549514001558
20,333.40617991527535,444.9876650884625,60.43420799972892,2.4095373236871733
20,408.01377582968064,441.71897307451474,60.1254860301315,2.206232612001068
20,414.23896567097637,444.7552385198395,50.66805203465934,2.1234047664993216
20,4.288806077110506,445.7144904686828,52.5354434605169,2.71072948914807
20,14.732781256311856,445.9899010300949,37.28006027992249,2.115874962362799
20,58.03873724841467,445.4975186104218,54.621199206333614,2.2514114368202027
20,70.99797761898341,445.7040582445733,55.84855728058677,2.778497726376772
20,216.37603606223644,445.94605205758324,51.782463046864656,2.2514114368202027
20,295.43274602492477,446.55328749462825,35.04370845137533,1.716795343127111
20,342.0249027237354,446.1374319066148,48.378991577156526,2.2288220244106354
20,349.4306632213609,448.01614987080103,34.9684104100101,2.3944777154141286
20,376.84014501544146,445.99864337406296,3252.529015987404,195.35323851793757
20,385.12929891028085,445.9985306265091,3792.1298400188734,226.48897862245778
20,177.4343262676518,447.0329958404677,5316.711872952977,232.9796697881401
20,242.0935752078609,446.9922902494331,49.80965436309579,2.371888303004561
20,286.5171733122779,445.8568890643506,38.14598775562256,2.108345158226277
20,33.08527048741296,447.93390465988216,70.29072161443676,2.891444788424608
20,42.152900378310214,445.9923287095418,71.65361616314732,2.4321267360967407
20,159.8914228244472,447.99813503550985,4986.319127050646,292.47265227080374
20,167.93801238419886,448.0191832942857,2034.425071018036,145.8146571037566
20,192.39666537417602,448.436215587437,58.258094604273936,2.296590261639337
20,216.78510360817273,450.07259817417764,51.9631783461412,2.2514114368202027
20,227.34987593052108,447.93913297328857,51.58668813931508,3.1022793042472356
20,272.60745908237186,448.26911725248186,28.063580016819046,2.3417690864584717
20,280.37378157947086,447.89715536105035,37.85232539429819,2.326709478185427
20,416.56344725111444,448.1004457652303,50.675581838795864,2.1234047664993216
20,485.4865961633055,448.1757255287752,61.23236723820029,2.0556365292706196
20,502.486283915455,448.17583570679056,50.23132339474104,2.02551731272453
20,53.875076923076925,448.5651282051282,36.707795165546784,1.7845635803558129
20,74.56013513513514,448.5939189189189,55.72055061026588,2.695669880875025
20,252.41611194131232,449.24521124847166,55.42688824894151,1.9953980961784403
20,362.1840554592721,447.6590987868284,43.446969867734346,2.1836431995915007
20,398.6780050563089,449.1526085957251,32.762177798009034,1.9276298589497387
20,432.6151574887508,449.0077694450396,1757.079795257506,118.41369985095153
20,498.2725038799793,449.0606570098293,58.22044558359133,1.9276298589497387
20,317.70289983988613,449.83686176836864,42.325029051392505,1.9426894672227835
20,333.05002565418164,449.69753719856334,58.70235304832876,2.4095373236871733
20,441.873090106954,449.92089542985593,7530.2258055540615,383.80917644682063
20,22.367559907240402,452.2020097912909,58.446339707686995,2.0029279003149627
20,451.0734343194114,450.98202437823153,4020.922938707107,267.12733154726925
20,460.9130574617695,451.4601495028421,4448.29203208371,240.2685201922938
20,468.8952028806363,451.25504380072016,3502.6766392068153,200.19490257772148
20,25.438867776176124,452.06119774603593,57.459935365802565,2.3191796740489043
20,99.99720126961563,451.9977772535371,4915.426021105288,275.7640168918605
20,197.1138339189939,451.7350656556316,81.42730193235342,2.3643584988680386
20,262.2336586017912,452.07659403823016,56.3304647453242,2.8387361594689513
20,337.0294964028777,451.93645083932853,62.798566498596955,2.4095373236871733
20,500.66394696583376,451.47960224375316,59.06378364688184,2.605312231236756
20,50.24354095734028,453.1764470258362,37.596312053656426,1.7393847555366782
20,65.40013575428475,453.03885966400816,44.3731357765266,2.3041200657758596
20,87.51914580265095,453.42525773195877,20.450948034794884,1.7469145596732008
20,271.0614485567558,455.24296086417564,42.52080395894209,2.3643584988680386
20,30.076113558492413,453.5173764072442,61.53355940366119,2.891444788424608
20,32.74761904761905,451.5195918367347,55.34406040343976,2.891444788424608
20,111.90764604810997,451.9776632302405,17.529384029824186,2.3191796740489043
20,123.87874852861493,454.0018466271806,4836.031766289795,286.44880896158577
20,132.05621546423845,453.99421647599036,3096.014507205649,200.30031983563282
20,140.2080800258663,454.00427113312765,1886.3590024774594,116.83997078641833
20,234.79429342587238,452.4898785425101,39.05709405614178,1.9577490754958284
20,244.07582322357018,449.7076834199884,52.13636384128122,2.371888303004561
20,345.631338028169,454.1235915492958,21.384643747723665,2.642961251919368
20,487.41049356764483,453.8323383502901,89.5519605956611,2.24388163268368
20,41.44599720503094,454.5324416051108,37.71678891984079,2.95921302565331
20,58.920980350728925,454.9061905768012,35.6385629781606,2.0330471168610527
20,263.5470984020185,455.069386038688,53.71762270995092,2.2212922202741128
20,280.73263041065485,454.78568257491673,67.84353527006698,2.5751930146906665
20,353.25124829777576,454.43826600090784,33.17631702551777,2.3944777154141286
20,507.1066056245912,456.10824068018314,46.0522820989711,2.0556365292706196
20,194.8321899736148,455.9202110817942,71.3448941935499,2.7935573346498166
20,254.705005859702,456.0066968022769,44.975520107448396,2.115874962362799
20,277.2467515759681,456.12350443844076,58.52916755318874,2.5751930146906665
20,406.5365853658537,455.6030868902439,39.516412108469645,2.4020075195506507
20,17.703799751944977,454.8020069906416,66.78183288681731,2.4923651691889197
20,52.228883597142456,456.7265723490685,53.75527173063353,1.7393847555366782
20,283.76326074818536,455.8502233389168,53.94351683404659,2.6279016436463234
20,398.56438812083974,455.74449564772146,58.82282991451312,2.469775756779353
20,291.92971734148205,457.72230710466005,19.713027229415687,2.545073798144577
20,316.6806375442739,457.8471074380165,25.510976414537947,2.24388163268368
20,163.26324237560192,460.2905296950241,23.45533988526733,2.386947911277606
20,185.5616580310881,458.45103626943006,29.06504396697653,1.9201000548132163
20,308.8837615365428,459.09154402594163,30.18698478331837,2.454716148506308
20,371.2185628742515,460.1552803483941,55.32900079516672,2.5902526229637113
20,26.797156587905487,459.02883460152185,37.60384185779295,2.2815306533662922
20,72.88578227245686,460.04208804283167,50.63040301397673,2.02551731272453
20,85.07139629462269,461.23023045639405,33.32691310824821,1.9276298589497387
20,176.14139001671842,460.36278958681635,31.52728991961936,2.454716148506308
20,201.0434103685197,460.4325421611493,48.22086569028956,3.0194514587454893
20,303.546835970025,460.5445462114904,36.17317907185369,1.7393847555366782
20,406.88755250095454,460.25754104620086,39.441114067104415,1.9728086837688732
20,8.646769019248396,460.95818056828597,65.72013050356766,2.3417690864584717
20,264.12573099415204,460.92272347535504,54.079053308503994,2.379418107141084
20,271.32564219140716,461.5012502841555,66.24721679312422,2.439656540233263
20,300.82747603833866,462.4316648917288,42.422916505167294,2.1836431995915007
20,363.71693158258466,460.5987560469938,54.478132927739686,2.3944777154141286
20,480.1770346117867,459.40551917680074,32.197442487769855,2.258941240956725
20,13.591304347826087,461.9698023715415,47.62601116350429,2.3417690864584717
20,19.09251311397234,461.7312033063106,47.36999782286252,2.3116498699123817
20,49.11236852616163,464.44880841432564,56.556358869419874,2.296590261639337
20,355.2285760051257,461.0261092423514,47.008567224309445,2.620371839509801
20,390.2878333832784,462.10578363799823,50.253912807150606,2.206232612001068
20,401.7038377986966,465.10366883900554,62.391957075224745,2.5601334064176218
20,498.5505131817267,461.6620044274502,74.83119350875978,2.733318901557637
20,37.88107054236087,461.0143566111308,42.483154938259474,1.7544443638097231
20,90.79237861094037,464.4501536570375,61.25495665060986,2.2137624161375906
20,112.58244413126636,463.1648882625327,37.40053714610684,2.417067127823696
20,324.69972677595626,463.4318306010929,55.11816627934409,2.786027530513294
20,332.9494599551661,462.98716119828816,36.9487488979155,2.24388163268368
20,491.4870188003581,463.2978961504029,33.64316488198216,1.987868292041918
20,288.2689090909091,464.56018181818183,41.41392275087329,2.4020075195506507
20,345.3217910447761,461.8841791044776,37.83726578602514,1.9502192713593058
20,478.60983102918584,464.3373271889401,24.509512464380467,2.258941240956725
20,59.373771386967604,464.9501274117219,82.73748785210832,2.424596931960218
20,79.98309694967942,462.4709539537595,38.75590189068088,2.02551731272453
20,267.2663610898905,462.41138273491214,59.13908168824706,2.379418107141084
20,410.9511633264225,464.83206634416035,32.68687975664381,2.2514114368202027
20,457.98238955518445,469.55943525125247,49.598819847273155,2.153523983045411
20,136.43854047890537,466.88757126567845,33.0181911386508,2.477305560915875
20,142.00427089688836,468.22879804759,49.365395919040964,2.108345158226277
20,194.31204915842906,461.7152017098584,56.368113766006815,2.7935573346498166
20,216.87831416664926,466.00613090393006,4329.306067118383,256.70608262232224
20,225.04631117276065,465.9943118313907,3018.1864516505534,195.60925185857934
20,233.0683700698176,465.99827831999124,2059.9285176284375,135.03950738439303
20,241.1935120600871,465.9954458412295,1517.8127390153695,92.64671009577181
20,256.3677058353317,466.1350919264588,28.25935492436863,2.063166333407142
20,261.9805520702635,465.5987034713509,36.007523380850195,1.8749212299940818
20,274.69764260155756,463.0907177436329,71.548198905236,2.778497726376772
20,308.0743919885551,466.3567954220315,26.316665457145845,2.2137624161375906
20,367.25295936866803,465.94326543670684,70.6069733881707,2.733318901557637
20,371.717003827228,465.76960087479495,68.8600588284975,2.733318901557637
20,382.2629098763008,466.0850186530532,38.349292467308665,2.3568286947315165
20,423.844033642185,466.0052537788958,3346.561210044296,202.34089675663037
20,432.137184533936,466.00046153145655,3638.2055838600822,217.58122032895176
20,89.45906138505168,467.4598847314976,82.30828901632654,2.3116498699123817
20,175.44927536231884,467.4832427536232,33.25161506688299,1.6866761265810213
20,281.880464778504,464.5394335511983,51.84270147995684,2.1459941789088885
20,330.0012193263222,466.8861454046639,49.40304493972358,2.0706961375436648
20,500.27949270160326,466.62311557788945,62.93410297305436,2.0932855499532317
20,26.816742624130487,467.07963540417364,31.391753445161957,2.153523983045411
20,68.69906306810236,466.96210320234934,53.8456293802718,1.8523318175845145
20,322.732241813602,468.1969773299748,59.786644843987986,2.1459941789088885
20,403.41378841446834,467.7885504487354,55.37417961998585,2.439656540233263
20,478.60333333333335,469.4861111111111,27.1072948914807,2.258941240956725
20,487.6565040650406,467.43434959349594,37.04663635169029,1.8598616217210369
20,5.427204502814259,468.515947467167,40.13385604766448,1.7092655389905886
20,110.80566976844838,471.2066652239775,34.79522491487009,2.1008153540897543
20,126.64501470195135,469.5978348035285,56.337994549460724,2.0029279003149627
20,165.04195121951219,469.1951219512195,15.436098479870955,1.6942059307175437
20,358.94572063727304,469.07298999629495,40.645882728948,1.9728086837688732
20,392.5258697027198,468.7206831119545,59.523101699209704,2.6655506643289355
20,445.1448476992871,469.3389500972132,23.236975565308178,1.8222126010384248
20,92.65798642948836,469.54392077755364,82.12004391291347,2.3116498699123817
20,123.27279118818842,469.940590578861,64.2593485010823,2.386947911277606
20,291.660380425947,466.5828320598277,46.31582524374939,2.4020075195506507
20,299.28063725490193,468.4779411764706,30.72160087701146,2.1836431995915007
20,318.22233278054176,469.7062465450525,68.10707841484526,2.3417690864584717
20,335.73157283807313,470.2304120719675,25.947705054456247,2.7031996850115476
20,364.40963981938467,470.5247296020162,71.70632479210298,2.8839149842880856
20,15.149622312608948,471.0973271353864,51.83517167582032,1.716795343127111
20,103.43686006825939,470.99301153908664,46.33088485202243,2.778497726376772
20,148.9657066309444,472.42732752846615,56.20998787913984,2.2212922202741128
20,155.67364016736403,470.7906818952844,66.58605797926774,2.108345158226277
20,187.4834496332081,469.8999821077116,42.08407531902379,2.236351828547158
20,190.70228505671543,471.4211737629459,45.80379856246586,2.236351828547158
20,201.97024673439768,469.1362481857765,41.50428040051156,2.1836431995915007
20,407.59076832325616,470.0845008110898,51.05960184975851,2.7709679222402492
20,466.33120471570675,471.07122682058207,61.31519508370204,2.605312231236756
20,36.112478031634446,470.0202108963093,51.41350264417506,2.1384643747723664
20,273.4198672356567,472.0782361308677,31.760713847851555,2.078225941680187
20,344.2931544234705,470.97407323174895,33.10854878828906,2.4321267360967407
20,348.1115233016462,471.73545096220727,32.476045240821186,2.4321267360967407
20,373.5279132791328,473.9060162601626,69.4624431594193,2.4998949733254423
20,39.455927601809954,471.00108597285066,41.60216785428635,2.1384643747723664
20,53.88901058780577,472.7573932092004,41.2482670598698,2.3116498699123817
20,97.89928771075647,467.7541249661888,83.51305767817013,2.4998949733254423
20,266.1198228705392,472.5910393331597,28.90691808010956,2.469775756779353
20,269.29678336591434,472.72969610805046,42.37020787621164,2.469775756779353
20,456.13851142680664,472.2137121680049,48.76301158811917,2.0179875085880075
20,504.85098088531186,471.46239939637826,59.87700249362626,1.7920933844923352
20,49.032507183908045,473.82650862068965,41.92594943215681,1.80715299276538
20,130.18457300275483,473.92545778642034,46.46642132647983,2.3116498699123817
20,196.86749932120554,474.5077382568558,27.732268634812062,1.9803384879053956
20,322.3089978192851,474.19360955722004,79.41684422790193,2.198702807864546
20,451.21771611526145,471.14194236926363,35.27713237960752,2.0179875085880075
20,476.0842770034843,476.42203832752614,69.15372118982188,2.5902526229637113
20,380.3332554335125,475.3003038093012,32.22003190017942,2.115874962362799
20,496.1524027459954,474.8561403508772,49.35786611490444,1.9953980961784403
20,14.052569750367107,476.045080763583,51.27796616971766,1.8297424051749474
20,260.1398202009519,480.037228979376,71.19429811081945,2.605312231236756
20,332.24586617215266,478.16148972338124,48.725362567436555,2.0857557458167095
20,352.8616374687165,475.85412942438325,42.1217243397064,2.296590261639337
20,385.0100760847214,475.80217972444996,36.61743751590851,1.9426894672227835
20,467.86893730695385,477.2860005008765,90.19952375140203,2.642961251919368
20,25.574014221073043,476.8909179056238,46.59442799680071,2.0706961375436648
20,61.980420949583944,475.4162995594714,30.766779701830593,2.4923651691889197
20,92.00678907575991,479.43650671192717,48.800660608801785,1.8297424051749474
20,113.00085324232082,476.919795221843,26.474791344012818,1.7996231886288576
20,140.21491391056608,474.79152731326644,60.78810879414547,2.371888303004561
20,147.32648536801656,476.6840082766775,50.94665478771067,2.0179875085880075
20,271.7301941238195,480.1310335781742,57.4072267368469,2.4998949733254423
20,279.1329528897523,479.1204468188441,62.015466868398626,2.0857557458167095
20,440.7862508536308,477.3048030958343,33.07842957174298,1.9502192713593058
20,37.32150470219436,479.53617554858937,60.050187988766275,2.477305560915875
20,81.94345086016011,481.1469936978368,44.20748008552311,2.3568286947315165
20,247.42378893692495,480.54738942467577,67.92636311556872,2.4923651691889197
20,252.31657426878226,478.2154463773657,39.38840543814876,2.0857557458167095
20,299.3620253164557,478.353417721519,44.61408950889532,3.2378157787046393
20,315.09931972789116,478.58425655976674,38.74084228240783,2.0481067251340974
20,73.83939204011281,478.6358508304607,48.05520999928606,2.3643584988680386
20,124.56988277727683,479.5360685302074,16.70110557480672,2.0932855499532317
20,131.0427887901572,477.82775119617224,55.08051725866148,2.3116498699123817
20,172.71445153801508,479.56035983749274,25.947705054456247,1.6414973017618868
20,227.71145949981337,478.66685330347144,40.344690563487106,1.9953980961784403
20,308.5756367378441,474.7997170054026,58.53669735732527,2.7559083139672045
20,363.8552373479796,474.66447626520204,76.77388297598256,2.8839149842880856
20,396.3270036302709,477.09508517173975,53.92845722577355,2.2212922202741128
20,427.6365209865859,479.3254002596279,34.80275471900661,2.695669880875025
20,163.51781718023756,480.3189877775865,43.74063222905872,2.379418107141084
20,197.1046359194375,480.9555476105351,63.1825865095596,2.4020075195506507
20,237.39408866995075,480.4776993742511,56.556358869419874,2.635431447782846
20,351.00643863179073,480.13983903420524,37.42312655851641,2.296590261639337
20,486.5080980066445,478.01121262458474,36.26353672149196,2.3041200657758596
20,505.4571596244131,481.2416666666667,64.15393124317099,2.386947911277606
20,157.18075502667213,479.6675215428806,73.40053072282052,2.7031996850115476
20,189.78319817536746,481.34401926001016,59.425214245434915,2.168583591318456
20,204.9789566950936,480.6883375789124,67.9866015486609,2.3041200657758596
20,342.56675508399644,481.0706075533662,59.613459348847975,2.2815306533662922
20,371.19927145169993,478.4415812196438,55.81090825990415,2.417067127823696
20,405.5737187910644,480.7127463863338,28.650904739467794,1.8673914258575592
20,19.19812659665058,482.1109849560034,26.527499972968474,2.0706961375436648
20,68.27366020524515,484.2115165336374,39.62182936638096,1.6942059307175437
20,105.3002774937929,483.0671827077552,51.55656892276899,1.8372722093114697
20,212.28142857142856,482.05168831168834,57.97949185122261,1.9953980961784403
20,380.9316239316239,483.32315832315834,37.00145752687116,2.153523983045411
20,416.778287286484,481.7709503611143,65.68248148288504,2.3191796740489043
20,262.79892238908633,482.63074630287747,65.68248148288504,2.469775756779353
20,320.68500670977187,483.0986946443821,61.721804507074246,2.0179875085880075
20,431.9299270072993,482.5235401459854,41.263326668142845,2.1384643747723664
20,6.206130268199233,485.55134099616856,39.30557759264701,2.7182592932845924
20,19.562197432119554,485.0890338876026,35.774099452618,2.0706961375436648
20,45.57647433177768,484.2828807806534,70.99099339913334,2.0104577044514853
20,56.615408178894164,484.0292540971052,49.162091207354855,3.072160087701146
20,82.81118603728679,486.39904799682665,56.947908684519035,2.3568286947315165
20,181.181560046768,482.9645899448806,45.08093736535971,2.1836431995915007
20,247.61288570186875,483.67514124293785,69.30431727255232,2.4923651691889197
20,73.70776638057359,484.9066359639941,35.96987436016759,2.063166333407142
20,121.40517085517989,485.5825348038329,41.64734667910549,2.5375439940080544
20,189.46175147109727,484.7488173531787,65.26081245123979,2.1836431995915007
20,234.10063374125875,486.4786931818182,68.91276745745316,2.981802438062877
20,341.5882505511607,485.9348981973804,58.06231969672435,2.6806102726019803
20,153.83630565725758,489.23526632809734,63.7548516239353,2.725789097421115
20,163.55338139375215,486.77325780981806,43.8686388993796,2.0104577044514853
20,253.17012845039628,486.31142388630775,55.103106671071046,2.0857557458167095
20,289.097048657272,485.9752725339006,56.63918671492162,2.4923651691889197
20,303.58355437665784,486.07228116710877,22.70988927575161,2.198702807864546
20,323.41685794440195,485.8287426676868,59.04872403860879,2.258941240956725
20,415.2468818782098,486.12912692589873,61.578738228480326,2.3191796740489043
20,426.52289094650206,486.2759773662551,29.275878482799158,1.9050404465401714
20,475.763666597381,485.50280606942425,36.225887700809345,2.0857557458167095
20,126.50645809414466,487.8655281285878,52.4676752232882,2.725789097421115
20,158.8427740684902,487.13934955847515,34.960880605873584,2.0104577044514853
20,459.43734971947634,481.44389527117283,56.368113766006815,2.642961251919368
20,504.80379992245054,487.1772004652966,58.258094604273936,2.1761133954549785
20,18.50322825674136,488.41492593999243,39.65194858292705,2.3116498699123817
20,139.15088474414156,487.5584648493544,62.97928179787349,2.3417690864584717
20,215.87240626137606,487.59082635602476,41.36874392605416,2.236351828547158
20,228.00385031885452,489.4645650342919,62.580202178637805,2.2815306533662922
20,297.8159392789374,488.32529140688536,27.777447459631194,2.3568286947315165
20,366.64638949671775,487.4352297592998,34.411204903907446,2.078225941680187
20,380.5279187817259,487.8750827631869,34.11754254258307,2.1008153540897543
20,386.8275127768313,488.3462521294719,17.679980112554635,2.0104577044514853
20,405.3840945300053,488.5043813064259,56.71448475628684,2.9742726339263545
20,471.5401877383397,487.66588442358466,51.33820460280984,2.1610537871819337
20,39.44694683074066,489.55781286278153,64.8617328320041,2.424596931960218
20,89.836978874556,490.0155169190503,40.27692232625841,2.6128420353732786
20,141.840730438989,485.80662716168825,62.263950404903866,2.0857557458167095
20,171.20073664825046,488.8522099447514,32.70946916905338,2.2137624161375906
20,194.91004151929877,489.35691219437183,48.96631629980528,2.4321267360967407
20,264.1978108927865,488.9370961360939,57.09850476724949,2.1761133954549785
20,314.2785160575858,485.0843853820598,67.99413135279742,2.71072948914807
20,326.96399432422845,488.47215324583186,42.453035721713384,2.258941240956725
20,360.20661027568923,486.92590852130326,48.070269607559105,2.1761133954549785
20,7.047429906542056,488.5591121495327,32.227561704315946,3.1022793042472356
20,76.90186757215619,490.4183361629881,44.35054636411704,2.108345158226277
20,108.72059038433436,490.4268595645185,51.5264497062229,2.4321267360967407
20,120.58440551852426,490.13176251743914,48.57476648470611,1.844802013447992
20,133.18255784388506,488.4556318332062,59.22943933788533,2.379418107141084
20,234.80432344243908,490.19078209442233,73.84478916687534,2.477305560915875
20,270.46838644410724,489.9628224582701,59.54569111161927,2.5224843857350097
20,333.8391777509069,490.3886336154776,31.135740104520192,2.0556365292706196
20,437.6626650660264,489.4048019207683,31.361634228615866,2.258941240956725
20,57.885551216581554,491.2955842595374,50.13343594096625,3.17757734561246
20,66.09301811754308,489.0028722934158,34.07989352190046,1.9276298589497387
20,279.77224527431997,490.855693868142,32.664290344234246,2.4321267360967407
20,287.3202634880803,490.8340652446675,48.01003117446693,2.46224595264283
20,319.35736523021467,490.6883499918073,45.95439464519631,1.935159663086261
20,349.0590555494686,490.4378218472664,68.72452235404009,2.597782427100234
20,380.2619279454722,491.444011684518,30.932435392834087,2.1008153540897543
20,392.27892652881656,494.17172605953954,51.345734406946356,1.8523318175845145
20,478.66959775491114,491.3451824134705,40.24680310971232,2.7408487056941597
20,482.8783144618031,486.63265013616166,52.5354434605169,2.1234047664993216
20,176.2915758896151,492.4880174291939,41.47416118396547,1.8222126010384248
20,184.86310958118187,489.7091222030981,65.62224304979286,2.3643584988680386
20,205.91812114989733,491.82931211498976,58.67223383178267,2.5902526229637113
20,331.1348295357204,491.8238821312318,43.951466744881344,2.567663210554144
20,413.82172176614154,492.23918349234526,67.87365448661306,2.108345158226277
20,452.5597839430395,492.2600049103855,30.668892248055805,1.7920933844923352
20,468.99074198309404,485.78867570105996,56.119630229501574,2.115874962362799
20,65.02910052910053,492.5402704291593,25.616393672449263,1.9276298589497387
20,135.49277646440768,493.1540583136328,57.33192869548168,2.1008153540897543
20,227.0440518527016,492.87885740507056,65.6373026580659,2.2815306533662922
20,244.90019627085377,490.05260058881254,76.72870415116343,2.2514114368202027
20,268.40006710658764,492.94676210714687,67.32397878464693,2.5224843857350097
20,406.44855654438896,492.9924028652051,69.37961531391754,2.673080468465458
20,423.6245270711024,493.2297455968689,57.71594870644432,2.296590261639337
20,495.35874207324963,493.01565937621325,58.18279656290871,2.5601334064176218
20,503.95711936090225,492.93890977443607,64.0936928100788,1.9502192713593058
20,13.447535915621021,493.8410620112748,41.40639294673677,2.3116498699123817
20,446.4254319745009,497.2209360845496,44.885162457810125,2.5902526229637113
20,27.819035239745812,494.6757654534951,52.13636384128122,1.7920933844923352
20,101.7353124028598,493.52797637550515,48.44675981438523,2.1836431995915007
20,253.84615384615384,494.85601577909273,45.81132836660238,1.7770337762192903
20,297.86508678931506,497.4792641097599,72.44424559748217,2.2288220244106354
20,311.4376737224717,495.8877485567672,35.21689394651534,1.8899808382671266
20,48.33892885691447,494.5527006965856,65.93849482352681,2.1384643747723664
20,166.46904286372714,494.8067291442618,49.01149512462441,2.236351828547158
20,202.93376221110316,495.5449130331189,31.602587960984582,1.7393847555366782
20,219.87697628458497,494.5299736495389,45.72097071696411,1.7243251472636334
20,287.35942818243706,495.51889040163377,44.245129106205724,2.46224595264283
20,351.71833541217825,496.30048758362625,66.4053426799912,2.3116498699123817
20,362.25194508009156,496.13935926773456,32.90524407660296,1.9577490754958284
20,98.21156558533146,495.88660084626235,53.386311327943936,2.2740008492297696
20,194.13259457393963,496.79021780664885,39.41099485055833,2.040576920997575
20,226.23033573141487,497.1726618705036,62.798566498596955,2.2815306533662922
20,265.7973429162583,495.8059457693564,69.14619138568536,2.2288220244106354
20,329.3173092972793,497.2001335336338,45.1110565819058,2.725789097421115
20,407.02330438606134,498.0226448279653,68.49862822994443,2.349298890594994
20,432.5344262295082,493.6184918032787,57.414756540983426,2.507424777461965
20,449.98258317025443,497.36457925636006,38.47729913762955,2.5902526229637113
20,11.497545317220544,497.6557779456193,39.877842707022715,1.8824510341306042
20,110.11150143117356,497.93468644288316,57.87407459331129,2.567663210554144
20,337.7754800590842,497.8554078450681,45.87909660383109,2.2288220244106354
20,347.9001633690325,497.9945543655836,82.96338197620399,2.2514114368202027
20,371.6384950926936,497.85359869138495,27.619321572764225,1.8297424051749474
20,455.5178733913948,495.6587807097361,57.92678322226695,1.9276298589497387
20,472.1359642361646,500.0505626637891,48.84583943362092,2.417067127823696
20,19.13566781477229,500.39284347493304,39.35075641746615,2.0029279003149627
20,73.67920656634747,498.85248518011855,33.025720942787316,2.4848353650523975
20,84.68891971562337,499.4137333102133,43.42438045532478,2.9366236132437424
20,167.4324644549763,498.9800270819228,44.48608283857444,2.349298890594994
20,209.64856619890176,500.4490543014033,49.365395919040964,2.4321267360967407
20,271.8273365978284,498.54140941026185,35.36749002924579,2.1911730037280233
20,301.58752705627705,498.92397186147184,55.6603121771737,2.2288220244106354
20,83.58890890375707,503.0837622233659,58.521637749052225,3.0495706752915788
20,123.50970481196927,496.88263243024664,74.48482251847975,1.8372722093114697
20,304.3754569826956,500.3365829880575,61.78957274430295,2.4020075195506507
20,387.3938480096502,497.74045034177726,37.4532457750625,1.8824510341306042
20,403.13889182058045,499.9336147757256,71.3448941935499,2.349298890594994
20,501.5200343938091,498.7360275150473,43.78581105387785,2.0932855499532317
20,24.34312545148086,500.5273296412232,31.271276578977595,2.206232612001068
20,56.16548391967386,500.91967386380793,49.86989279618797,2.371888303004561
20,142.98304821150856,499.7774494556765,48.41664059783914,3.0796898918376683
20,146.26833435021354,499.98706528370957,61.706744898801205,2.725789097421115
20,150.58324742268042,500.53247422680414,58.431280099413954,2.2288220244106354
20,262.33439729628236,500.485542621104,40.10373683111839,2.0932855499532317
20,413.97647702407005,501.15795951859957,55.057927846251914,2.1836431995915007
20,488.6970873786408,499.56477115117895,54.28988782432663,2.658020860192413
20,494.90278411684164,498.79826563213146,49.49340258936184,2.9215640049706977
20,129.96657979457305,502.1227962593899,49.11691238253572,2.2137624161375906
20,207.22755113833352,502.2211949612851,65.15539519332847,2.4321267360967407
20,257.5022916666667,502.26229166666667,36.1430598553076,1.7318549514001558
20,293.54572354515994,498.49246160349446,53.43901995689959,2.289060457502815
20,313.90133065528494,503.42016068290235,59.98241975153757,2.5224843857350097
20,317.0230088495575,504.5142699115044,68.06942939416264,2.5224843857350097
20,422.9054871220605,500.67973124300113,33.62057546957259,1.9201000548132163
20,431.9795487745496,504.18081480279176,46.39112328511461,2.289060457502815
20,475.4856115107914,500.76177240026163,46.0522820989711,2.417067127823696
20,165.58697636677147,503.25306826250124,74.23633898197451,2.658020860192413
20,239.89222222222222,504.0188888888889,20.330471168610526,1.897510642403649
20,249.69807467911318,506.3244846363283,77.43650573999653,2.296590261639337
20,308.0593672966311,503.09079704190634,73.31017307318226,2.4020075195506507
20,357.33631921824104,504.39762680316426,64.7261963575467,3.1173389125202804
20,385.25214770158254,506.45079125847775,49.96025044582623,2.4095373236871733
20,434.99237238411894,504.3436338744377,38.49988855003912,2.289060457502815
20,438.32837696335076,503.0994764397906,35.95481475189454,2.289060457502815
20,48.0379835873388,504.35240328253224,32.11461464226811,2.3116498699123817
20,65.5586940572267,501.7243213499633,41.05249215232021,2.763438118103727
20,79.39427877479423,504.5474294966941,55.80337845576763,2.868855376015041
20,204.22901678657075,504.4828137490008,56.51870984873726,2.289060457502815
20,226.80335382895473,502.62101732811624,67.35409800119302,2.168583591318456
20,325.5586330935252,507.02212230215827,41.86571099906464,2.46224595264283
20,352.12389006342494,503.6589147286822,53.423960348626544,2.1384643747723664
20,368.3562915742794,504.1254157427938,54.33506664914576,1.7092655389905886
20,396.88694018164733,504.00459338135505,72.12799382374823,2.5601334064176218
20,441.09940614510714,501.7368964626904,29.16293142075132,2.0330471168610527
20,92.10315912636506,507.12421996879874,38.612835612086954,2.514954581598487
20,104.40947321823816,505.0163789287295,34.01965508880828,2.2137624161375906
20,215.3218863124939,504.859798454163,76.96212807939563,2.2212922202741128
20,268.1769044740024,506.74389359129384,62.271480209040384,2.379418107141084
20,337.58179696616105,504.6970828471412,64.5304214499971,2.801087138786339
20,392.43447616772187,505.53386692151474,63.03199042682915,2.635431447782846
20,408.42242538316754,504.56224791610646,56.00668316745374,2.3417690864584717
20,414.09920690134965,504.5856407402254,54.11670232918661,2.3417690864584717
20,461.36020192151113,502.80736036476145,46.24052720238416,2.4923651691889197
20,76.59094005449592,505.7689032697548,44.21500988965963,2.0330471168610527
20,159.51870411373966,502.9731965971332,64.61324929549886,2.2137624161375906
20,293.2305561966305,506.7945995845834,32.62664132355163,1.9953980961784403
20,298.34795763993947,506.704656244747,44.794804808171854,2.168583591318456
20,319.6683364091748,506.1550224097021,57.12109417965905,2.1761133954549785
20,388.318784700802,506.1178285009253,48.82325002121135,2.635431447782846
20,449.2086811352254,505.60651085141905,45.103526777769275,2.8462659636054735
